step,phase,step_in_phase,dt,accept_rate,step_size,alpha,sigma,beta
0,burn-in,1,2.4671437554061413,1.0,0.017253924968395833,0.7997249622838974,1.5020853648843102,0.3009260104002487
1,burn-in,2,2.4727850668132305,1.0,0.041129442109038114,0.8983387758168483,1.3781288781336019,0.2810849842735592
2,burn-in,3,2.475436119362712,1.0,0.10995086156819683,0.9575790999293101,1.2880976816297594,0.25763267062002304
3,burn-in,4,2.4759056996554136,1.0,0.3080693076962735,0.5571098367801379,0.5631664702470826,0.24167904490758071
4,burn-in,5,2.480184874497354,1.0,0.8746756675484544,1.0200997161192318,1.559276088466454,0.7827668013179242
5,burn-in,6,2.4455097541213036,1.0,2.472649991114127,1.086536288719011,1.2232905400514484,0.6382308026212168
6,burn-in,7,2.4686030484735966,0.8571428571428571,0.3066148965369682,1.086536288719011,1.2232905400514484,0.6382308026212168
7,burn-in,8,2.449936236254871,0.875,0.5156094941660051,0.63253568984431,0.5257890180977786,1.601534729604183
8,burn-in,9,2.4992006374523044,0.8888888888888888,1.3553095405671882,1.888234245943339,2.016942412387512,0.29043173782196097
9,burn-in,10,2.4737907331436872,0.8,0.14915774900253548,1.888234245943339,2.016942412387512,0.29043173782196097
10,burn-in,11,2.4531927136704326,0.8181818181818182,0.38357910244936727,2.0406967678081696,1.7558688130861762,0.35770286286444064
11,burn-in,12,2.4509684341028333,0.8333333333333334,0.9758650344406449,0.276187526156982,0.7193261359557352,0.6568513160750142
12,burn-in,13,2.4592004353180528,0.8461538461538461,2.4495344197321494,0.3838987705141136,1.259489631125669,0.4356188638040475
13,burn-in,14,2.4685994191095233,0.7857142857142857,0.26795424310667865,0.3838987705141136,1.259489631125669,0.4356188638040475
14,burn-in,15,2.4328919630497694,0.8,0.6616366514022679,1.4059189916665702,2.014093981866477,0.4107308555436723
15,burn-in,16,2.4643555339425802,0.75,0.9041382863021481,1.4059189916665702,2.014093981866477,0.4107308555436723
16,burn-in,17,2.4674370428547263,0.7647058823529411,0.8208978894294451,1.2778662595889552,2.27297118877771,0.6950934648138101
17,burn-in,18,2.4280296843498945,0.7777777777777778,0.3202597222769208,1.2619343053621335,0.18973265743124076,0.43593081080998325
18,burn-in,19,2.481505929492414,0.7894736842105263,0.7675113646079488,0.5225526445841536,2.0205146960730342,0.5380757554113412
19,burn-in,20,2.4572060825303197,0.8,1.8114755417261907,1.2622693006930739,0.794589255722228,0.4612073560006908
20,burn-in,21,2.450137248262763,0.7619047619047619,0.21895857918565256,1.2622693006930739,0.794589255722228,0.4612073560006908
21,burn-in,22,2.413696293719113,0.7727272727272727,0.49297799991028696,0.429568333810639,0.8536934387284696,0.34069138337318167
22,burn-in,23,2.462499439716339,0.782608695652174,0.8702835903066372,1.5657947573507212,0.9640321411965246,0.9401838590016777
23,burn-in,24,2.459037250839174,0.7916666666666666,1.9886650837984035,1.608147649816527,0.9070967513054051,0.555697307628262
24,burn-in,25,2.451857302337885,0.76,0.2572428449972046,1.608147649816527,0.9070967513054051,0.555697307628262
25,burn-in,26,2.4773964546620846,0.7307692307692307,0.5115515582523541,1.608147649816527,0.9070967513054051,0.555697307628262
26,burn-in,27,2.4221858819946647,0.7407407407407407,1.1459466708967838,0.516242782610631,0.8711978165798373,0.30540735317630097
27,burn-in,28,2.400009754113853,0.7142857142857143,0.15671479615191702,0.516242782610631,0.8711978165798373,0.30540735317630097
28,burn-in,29,2.4183683237060905,0.7241379310344828,0.3506590659042108,1.0137656203146455,0.8433306612040943,0.3123924334233238
29,burn-in,30,2.4560596644878387,0.7333333333333333,0.5608110360326979,0.9707348232883154,1.9197752937784907,0.7345986517703897
30,burn-in,31,2.4677749797701836,0.7419354838709677,1.0333379336781356,1.1209834621920363,0.39026633479168077,0.568901739224826
31,burn-in,32,2.460522308945656,0.71875,0.1517468467690245,1.1209834621920363,0.39026633479168077,0.568901739224826
32,burn-in,33,2.432456492446363,0.7272727272727273,0.3308681770008078,0.6174570459021882,0.7143415540916406,0.3953407466438134
33,burn-in,34,2.445916224271059,0.7352941176470589,0.7124784373386631,0.9657299005060566,0.999017482859227,0.534648450650627
34,burn-in,35,2.470576647669077,0.7428571428571429,1.515734849786798,0.9336068393243284,0.9117751377243912,0.5218963078014413
35,burn-in,36,2.4749749321490526,0.7222222222222222,0.2346490757311468,0.9336068393243284,0.9117751377243912,0.5218963078014413
36,burn-in,37,2.467242936603725,0.7297297297297297,0.4489983535463133,0.5839931973543486,0.46225893542314433,0.3511659951395682
37,burn-in,38,2.460263192653656,0.7368421052631579,0.9366061440268102,1.2402298226778194,1.751929645910603,0.6880886292151729
38,burn-in,39,2.4181994516402483,0.7435897435897436,1.9438845945608416,1.496861644834994,0.4654486736057246,0.35753180262897666
39,burn-in,40,2.469544862397015,0.725,0.3179718903203135,1.496861644834994,0.4654486736057246,0.35753180262897666
40,burn-in,41,2.442924969829619,0.7317073170731707,0.6582425172241482,0.6106010116319677,1.0842316436632657,0.5374835781434043
41,burn-in,42,2.453706417232752,0.7380952380952381,0.9913679231675198,1.1915660646977755,1.6503081134960018,0.5313785416079292
42,burn-in,43,2.471461310982704,0.7441860465116279,2.014412400339677,0.8862461941971186,1.5089186305248585,0.41992251347508125
43,burn-in,44,2.444999118335545,0.7272727272727273,0.3473395874258964,0.8862461941971186,1.5089186305248585,0.41992251347508125
44,burn-in,45,2.448377901688218,0.7333333333333333,0.704129762216561,0.7419790737593431,0.8763965075982464,0.536245785914204
45,burn-in,46,2.4355201087892056,0.7391304347826086,0.9869522453101872,0.4946084451507109,1.0695529765711853,0.4827505412358768
46,burn-in,47,2.428980829194188,0.7446808510638298,0.6382689921551767,1.2896761360281352,0.8644713222358433,0.49215364098291536
47,burn-in,48,2.4442311013117433,0.75,1.2703350012159884,0.9665553153531684,0.6160997813917011,0.5194633257489485
48,burn-in,49,2.44021447468549,0.7346938775510204,0.23351859271001407,0.9665553153531684,0.6160997813917011,0.5194633257489485
49,burn-in,50,2.4539238307625055,0.74,0.4637341723403192,0.7812113693526166,1.2565652707862167,0.46897142620672594
50,burn-in,51,2.4809114458039403,0.74,0.8283095733162611,0.8849903275736885,0.7184085624651921,0.7296926585300446
51,burn-in,52,2.501555691473186,0.74,1.1180669856643655,0.9080161528632551,0.8451188238540617,1.019767926953054
52,burn-in,53,2.4736911319196224,0.72,0.21513290784639963,0.9080161528632551,0.8451188238540617,1.019767926953054
53,burn-in,54,2.4701265087351203,0.72,0.36236654196075446,0.4096466671712925,0.6261337714939047,0.14653322238304445
54,burn-in,55,2.4728170903399587,0.72,0.7024515425266507,1.4941572133937533,1.2092919618753606,1.3755759344657665
55,burn-in,56,2.4761066865175962,0.72,1.3506631560066737,1.3143081538891637,1.0583290547891873,1.1985518962929453
56,burn-in,57,2.46185517963022,0.72,0.270601325115523,1.3143081538891637,1.0583290547891873,1.1985518962929453
57,burn-in,58,2.455948763526976,0.72,0.5193129487262353,0.5477355204726072,0.9385699910423556,1.2338651138977357
58,burn-in,59,2.453525655902922,0.72,0.9116493356089823,1.793949042175789,1.531695206902026,0.48806811529881994
59,burn-in,60,2.4711984312161803,0.74,1.7237664361489962,0.8493038774535422,1.572716095209582,1.0149795960450319
60,burn-in,61,2.4854654101654887,0.72,0.35846169549168716,0.8493038774535422,1.572716095209582,1.0149795960450319
61,burn-in,62,2.4856678480282426,0.72,0.6766068995198169,0.7674434886165553,0.5973471769627422,0.20873838751504406
62,burn-in,63,2.4714255137369037,0.72,0.5271962168344163,0.5711499662296766,2.6046675575224283,0.7254449885432435
63,burn-in,64,2.4506267989054322,0.74,0.9859062312509868,1.1386807636975822,0.3686394230857787,0.5602833386595956
64,burn-in,65,2.473254967480898,0.74,1.830932130483304,1.303582431312316,0.46145110698926706,0.40345014071127483
65,burn-in,66,2.4409591872245073,0.74,0.398175621924153,1.303582431312316,0.46145110698926706,0.40345014071127483
66,burn-in,67,2.435642085969448,0.74,0.7382703566727997,0.5222350892549427,1.6468096208628324,0.5592388387763746
67,burn-in,68,2.474106937646866,0.74,1.3597514610109922,0.9650133913534515,0.6690136427215907,0.5488433408721944
68,burn-in,69,2.453444263897836,0.72,0.3037934016626294,0.9650133913534515,0.6690136427215907,0.5488433408721944
69,burn-in,70,2.4481080137193203,0.72,0.4947819745311724,1.750810975777494,1.385833803622082,0.3206212355948698
70,burn-in,71,2.4698183983564377,0.74,0.9046388802679911,0.39160446783848424,0.6524634477581074,0.48173376908617005
71,burn-in,72,2.468361210078001,0.74,0.34027645345906904,0.22345065522106414,0.6033151376366167,0.3766197794169359
72,burn-in,73,2.4303470626473427,0.74,0.6195645318402293,2.8380182677767984,1.273503007663841,0.5863645379925468
73,burn-in,74,2.480518621392548,0.74,1.1212240505039026,0.2903368495307055,1.5976363020843953,0.33676742944242244
74,burn-in,75,2.4479500791057944,0.74,0.2628714622711835,0.2903368495307055,1.5976363020843953,0.33676742944242244
75,burn-in,76,2.4776783669367433,0.76,0.4750120692775936,1.13982547326015,0.8801584281240266,0.7279821621525113
76,burn-in,77,2.486750633455813,0.76,0.8533411352327749,0.6474080597794288,0.9536758496676189,0.30834655942915196
77,burn-in,78,2.486968766897917,0.76,0.4623705718979368,0.6474080597794288,0.9536758496676189,0.30834655942915196
78,burn-in,79,2.4594187438488007,0.76,0.8261006469502503,1.0794888562724987,1.1000573786447274,0.5933818094347324
79,burn-in,80,2.4607854587957263,0.76,1.467764484293969,1.1088704336005595,0.8147232061644556,0.4925356820541112
80,burn-in,81,2.4594770539551973,0.74,0.3588123335907296,1.1088704336005595,0.8147232061644556,0.4925356820541112
81,burn-in,82,2.4453699169680476,0.76,0.6366662359785318,0.7124174870204183,0.8581000284348163,0.44743307321546794
82,burn-in,83,2.423576063476503,0.76,0.7625386625907076,0.7487760383205354,1.7787650072691095,0.6449782998589145
83,burn-in,84,2.448292253538966,0.76,1.3411859427527875,0.8231929679284956,1.784953123941735,0.6180015296093437
84,burn-in,85,2.4744233721867204,0.74,0.33691852017871565,0.8231929679284956,1.784953123941735,0.6180015296093437
85,burn-in,86,2.468290246091783,0.76,0.4930643653970032,1.8323903948477844,0.4517397944856303,0.7474171257891357
86,burn-in,87,2.497857882641256,0.76,0.8624434075477784,0.3646104665097708,1.8066245997963857,0.4210497269492256
87,burn-in,88,2.453156736679375,0.74,0.2630557278540193,0.3646104665097708,1.8066245997963857,0.4210497269492256
88,burn-in,89,2.4453222043812275,0.74,0.45917571091318926,1.2521399535556397,1.1734228227084609,0.5121665822746816
89,burn-in,90,2.5233032098039985,0.76,0.7975935756848552,0.5629899261386678,0.8777151485734138,0.4200025216254282
90,burn-in,91,2.519576701335609,0.76,1.3030175036760203,0.741305841833004,0.5693486999225529,0.44440562336721595
91,burn-in,92,2.4377767173573375,0.74,0.3419328386533286,0.741305841833004,0.5693486999225529,0.44440562336721595
92,burn-in,93,2.489125902764499,0.74,0.5905456487859162,0.8193589655470555,1.3657980590495724,0.48029156643460436
93,burn-in,94,2.4728993522003293,0.76,0.5824106998171427,1.6216677908450294,1.4178199030205016,0.2558314279410829
94,burn-in,95,2.4690041728317738,0.76,0.9990279702448168,0.3636170922984464,1.7065590240942747,0.47944044294780286
95,burn-in,96,2.4672494791448116,0.74,0.3230562987451168,0.3636170922984464,1.7065590240942747,0.47944044294780286
96,burn-in,97,2.461117242462933,0.74,0.5227265598019043,1.4623116291244458,0.3518439470777761,0.6577766415843694
97,burn-in,98,2.4759193919599056,0.74,0.7697484476838561,0.43727021358009527,2.668574811557201,0.31893733509302713
98,burn-in,99,2.519202503375709,0.76,0.4328070972440263,1.190995903095923,0.19520045301858804,0.36723770683351736
99,burn-in,100,2.4803453339263797,0.76,0.7353181480500167,1.1776428796216445,3.507092562350451,0.5522221826685457
100,burn-in,101,2.4669641591608524,0.76,1.243970599126849,1.5134595862244666,1.0775304325356085,0.5666530593402257
101,burn-in,102,2.466767692938447,0.74,0.3452144798021954,1.5134595862244666,1.0775304325356085,0.5666530593402257
102,burn-in,103,2.4537922516465187,0.76,0.566236062432111,0.5739367509995918,1.8460226501555048,0.3922569596401167
103,burn-in,104,2.4478771602734923,0.76,0.9530984784263576,1.0119689035253532,0.5717160329803775,0.5236131524037188
104,burn-in,105,2.463284951634705,0.74,0.27136078258242224,1.0119689035253532,0.5717160329803775,0.5236131524037188
105,burn-in,106,2.4612647593021393,0.74,0.37651611896473947,0.6201522075651317,1.2666675611186,1.5837895881642647
106,burn-in,107,2.5037385802716017,0.76,0.6310238392842725,1.1049256968462262,1.1379740211079203,0.26166614954937745
107,burn-in,108,2.4315745066851377,0.76,0.48243193378486987,1.870485762559236,1.263409892819924,1.1201157583998194
108,burn-in,109,2.4288921542465687,0.76,0.8046618376686182,0.44164659049593513,1.3250669956927854,0.23442357808524586
109,burn-in,110,2.462097091600299,0.76,1.3369893766346839,0.5600070719195258,1.1585870714541906,0.36405673033661434
110,burn-in,111,2.487898292951286,0.76,0.3878946692991831,0.5600070719195258,1.1585870714541906,0.36405673033661434
111,burn-in,112,2.4192509334534407,0.76,0.6345751309285983,1.2073369414247173,1.1998658136572218,0.6456552988546207
112,burn-in,113,2.426823815330863,0.76,1.0495255807191397,0.9405873684820978,1.090225192558917,0.5136431715030034
113,burn-in,114,2.443080350756645,0.74,0.3090735352990373,0.9405873684820978,1.090225192558917,0.5136431715030034
114,burn-in,115,2.4504829393699765,0.74,0.47781005425524503,0.9551547300271567,1.9227244332555262,0.5611656439457898
115,burn-in,116,2.414740277454257,0.76,0.6897559065178799,1.1719213229266776,0.41835207615988856,0.477093525104675
116,burn-in,117,2.425743294879794,0.76,1.1323954759167565,1.2325356330736876,1.7640615999971454,0.498968116460502
117,burn-in,118,2.422030173242092,0.74,0.33935298941629405,1.2325356330736876,1.7640615999971454,0.498968116460502
118,burn-in,119,2.4574216520413756,0.76,0.5260298440445016,1.5797774161017204,0.43106221928971994,0.42189197456964256
119,burn-in,120,2.449877042323351,0.76,0.8600175600753515,0.4812075242189453,2.08695824233153,0.5111347661155807
120,burn-in,121,2.398331887088716,0.76,0.29342174174519914,0.4993644519435285,2.6168881587893242,1.1424989955667793
121,burn-in,122,2.4555445285513997,0.76,0.4790968581966325,1.2796012147083944,0.9179384080716388,0.4269913357457228
122,burn-in,123,2.4738715989515185,0.76,0.7562142569338587,0.5465045572471084,1.0305355281001953,0.382942458274281
123,burn-in,124,2.4651712458580732,0.74,0.4509419736081927,0.5465045572471084,1.0305355281001953,0.382942458274281
124,burn-in,125,2.4797869939357042,0.76,0.5929664653973266,1.9493197051117686,0.8418796883146576,0.5160226264894251
125,burn-in,126,2.4472080375999212,0.76,0.9595997720312238,0.6215385838396722,0.7531905190416239,0.7099230356147597
126,burn-in,127,2.5053276298567653,0.74,0.29885061372175875,0.6215385838396722,0.7531905190416239,0.7099230356147597
127,burn-in,128,2.46674667019397,0.76,0.47507834315240716,0.7757852556276261,0.7466946625179081,0.2751440938104686
128,burn-in,129,2.4307154724374413,0.76,0.7657938222834446,1.1163921638102825,1.1106242586782602,0.6201202717666913
129,burn-in,130,2.467253086157143,0.74,0.4301897332517712,1.1163921638102825,1.1106242586782602,0.6201202717666913
130,burn-in,131,2.475838541984558,0.76,0.6915457553385974,0.6380253233907749,0.9364944938333722,0.5117027716350963
131,burn-in,132,2.480468758381903,0.76,0.7853482801076309,0.45902499636967253,0.9132368255806321,0.6481244997807173
132,burn-in,133,2.461309698410332,0.76,1.2562404640813614,0.6111904102678406,1.4479914352845107,0.5197410908656792
133,burn-in,134,2.534880659542978,0.74,0.40137493627700777,0.6111904102678406,1.4479914352845107,0.5197410908656792
134,burn-in,135,2.4953648494556546,0.76,0.5232748811698258,2.1776011804884328,0.6253021509673844,0.4451160789671883
135,burn-in,136,2.533613344654441,0.76,0.63284938013851,0.30035122717912693,1.235337758741886,0.7012193809043512
136,burn-in,137,2.573901057243347,0.74,0.6182138328750298,0.30035122717912693,1.235337758741886,0.7012193809043512
137,burn-in,138,2.5440262062475085,0.76,0.9825335650645686,2.2172782398419986,0.7824091576361447,0.6316094736603587
138,burn-in,139,2.4787290915846825,0.74,0.31992986899893877,2.2172782398419986,0.7824091576361447,0.6316094736603587
139,burn-in,140,2.5083442321047187,0.74,0.5080832703361425,1.1770631191165861,0.7954613054122601,0.32112033339404406
140,burn-in,141,2.4841850977391005,0.74,0.8046206836187514,0.5694378830652851,0.9918176674203758,0.6346746234380304
141,burn-in,142,2.472835431806743,0.76,1.2706921739311565,0.5842581134803586,0.9810197699519849,0.5456098350563845
142,burn-in,143,2.4422111082822084,0.74,0.4236472260364511,0.5842581134803586,0.9810197699519849,0.5456098350563845
143,burn-in,144,2.419744146987796,0.74,0.5190930894806581,2.2315165133382826,0.8558376702738559,0.3881105322387207
144,burn-in,145,2.4759393567219377,0.74,0.6722792420687612,0.2928443859345594,0.9731114714481144,0.43184304259844797
145,burn-in,146,2.451773907057941,0.76,1.0566135147985867,1.7123876784077654,0.8259208961218241,0.7027133101949583
146,burn-in,147,2.4414949771016836,0.74,0.45156232965005194,1.7123876784077654,0.8259208961218241,0.7027133101949583
147,burn-in,148,2.4279100112617016,0.74,0.7087029184326209,0.506134133600378,1.0051928239257903,0.4363112372461433
148,burn-in,149,2.441588438116014,0.74,0.811936518038795,1.078625990737679,0.4429613327665934,0.44374112894337653
149,burn-in,150,2.494358920492232,0.74,0.5860515117085682,1.0927531688197782,1.2777289046622293,0.5513450275361258
150,burn-in,151,2.4728317549452186,0.74,0.9155558523122387,0.7559917931273932,0.9572546093414821,0.5890224406440652
151,burn-in,152,2.442962166853249,0.74,0.39787826650200153,0.7559917931273932,0.9572546093414821,0.5890224406440652
152,burn-in,153,2.422095592133701,0.74,0.5889489447292563,1.3681777791015097,1.0563714418167682,0.41216861595069926
153,burn-in,154,2.458271916024387,0.74,0.8593667779834244,0.5737744783264004,1.4208724069403411,0.6207690140510306
154,burn-in,155,2.478937209583819,0.76,1.3344530017486607,0.5799899832304461,1.3306797357554132,0.5579950866854665
155,burn-in,156,2.4603421641513705,0.74,0.4590179590496581,0.5799899832304461,1.3306797357554132,0.5579950866854665
156,burn-in,157,2.4680574210360646,0.74,0.49642884452879726,1.9706932052187023,2.3213953906536484,0.3369054663168303
157,burn-in,158,2.4090258171781898,0.74,0.7692844483625481,1.0561552389703581,0.4183052175842137,0.9256658814070315
158,burn-in,159,2.435889782384038,0.74,1.189251025985457,0.5067581719020908,0.8266688892460864,0.8465045895896425
159,burn-in,160,2.4262474039569497,0.72,0.4141356937144053,0.5067581719020908,0.8266688892460864,0.8465045895896425
160,burn-in,161,2.4350423980504274,0.72,0.5715370393575085,0.5067581719020908,0.8266688892460864,0.8465045895896425
161,burn-in,162,2.4392800629138947,0.72,0.8811931602297232,1.1615018711889011,1.9168934710071948,0.44726918090520906
162,burn-in,163,2.466383288614452,0.72,1.3554675332980144,1.1735759737682765,2.950980795439574,0.5616265535816728
163,burn-in,164,2.4154765103012323,0.72,0.4773496732627609,1.1735759737682765,2.950980795439574,0.5616265535816728
164,burn-in,165,2.459449417889118,0.72,0.7338232325037765,0.6147774814335446,0.607710025262977,0.3296709447385087
165,burn-in,166,2.4205069951713085,0.7,0.5012271450116315,0.6147774814335446,0.607710025262977,0.3296709447385087
166,burn-in,167,2.4733140785247087,0.7,0.5660491173150334,1.4066507092875316,1.3652251415160972,0.9637937205280034
167,burn-in,168,2.436110742390156,0.72,0.8668867392769507,0.4239041010664802,0.7072224194705478,0.5436645782369609
168,burn-in,169,2.4578291587531567,0.72,0.3779358455822342,0.32819263341065813,0.7535773119369166,0.157018251961725
169,burn-in,170,2.4481607787311077,0.72,0.5269856108250504,1.8944533079766221,1.5913015827808312,1.4739758341546128
170,burn-in,171,2.459576497785747,0.72,0.8045879179862047,0.7403666561651466,1.2424729285211684,0.1836644513343546
171,burn-in,172,2.4785178219899535,0.72,1.070400638812771,0.792136818000405,1.4188702336188277,0.17973646557866063
172,burn-in,173,2.447743333876133,0.72,0.9942416804202787,1.1914746947914352,0.5142358778252074,1.1228422173673567
173,burn-in,174,2.4253833265975118,0.74,1.510692760505838,1.0460592512317306,0.556232693502687,0.27181259565514143
174,burn-in,175,2.4170630956068635,0.72,0.5480825644002854,1.0460592512317306,0.556232693502687,0.27181259565514143
175,burn-in,176,2.4567411141470075,0.72,0.6534178702960713,0.6343833258576306,1.3285756660203811,1.1192906023765057
176,burn-in,177,2.4726543352007866,0.74,0.9908173882164188,1.0465206164776586,2.53260549736324,0.757509239707523
177,burn-in,178,2.488871304318309,0.72,0.3806536274721859,1.0465206164776586,2.53260549736324,0.757509239707523
178,burn-in,179,2.462791749276221,0.72,0.576815045621415,0.644740208444489,1.159007100204651,0.2982753169608867
179,burn-in,180,2.4507356211543083,0.74,0.8722772141380942,1.0108694929867754,0.7591285044295313,0.2981794303516649
180,burn-in,181,2.474564296193421,0.74,0.6919737668156238,2.255333432250694,0.763995002170391,0.43640729791244204
181,burn-in,182,2.4845624305307865,0.74,1.0438733089144387,0.49430649106316354,1.3640045366705946,0.5475616852650605
182,burn-in,183,2.4575199130922556,0.74,1.539283233562609,0.5229344178323261,0.41061007543154043,0.37007785621937067
183,burn-in,184,2.449929114431143,0.74,0.5712855857282333,0.5229344178323261,0.41061007543154043,0.37007785621937067
184,burn-in,185,2.4195880852639675,0.72,0.4035751132120029,0.5229344178323261,0.41061007543154043,0.37007785621937067
185,burn-in,186,2.450691780075431,0.72,0.465467753350176,1.555648992146967,2.4841353358314464,0.5923292340803885
186,burn-in,187,2.4779647989198565,0.74,0.6211550498653272,0.5024344415982855,0.3110143648794911,0.3454925902241731
187,burn-in,188,2.4838076904416084,0.74,0.9318679640000422,1.2735301512319817,2.5730727599032623,0.6750118351626152
188,burn-in,189,2.461818671785295,0.74,0.49299897236342655,1.2735301512319817,2.5730727599032623,0.6750118351626152
189,burn-in,190,2.4900384191423655,0.74,0.6260076123394611,1.4781817216773234,0.3327513534033148,0.23850078169548275
190,burn-in,191,2.4708486227318645,0.74,0.9364957288056239,0.5227435727191996,2.0512760124475946,0.38150511666952736
191,burn-in,192,2.45507506839931,0.72,0.5421945468899756,0.5227435727191996,2.0512760124475946,0.38150511666952736
192,burn-in,193,2.486508822068572,0.72,0.5011593599236179,0.5227435727191996,2.0512760124475946,0.38150511666952736
193,burn-in,194,2.4325985154137015,0.72,0.7480521644330664,1.272703769394047,0.4386851265076815,0.4741708788418706
194,burn-in,195,2.4234903817996383,0.72,1.1145280587091122,1.6072107895624155,0.7730777266573337,0.5112138489827771
195,burn-in,196,2.4862261284142733,0.7,0.42793553683235025,1.6072107895624155,0.7730777266573337,0.5112138489827771
196,burn-in,197,2.4569574082270265,0.72,0.48321220780285806,0.4175884211472008,1.0913416457649059,0.9823495167439034
197,burn-in,198,2.4649648619815707,0.72,0.7187375492461814,1.890621874417122,0.780330555977195,0.3131425853111971
198,burn-in,199,2.4553911527618766,0.72,0.9736957685150813,1.932458529309128,1.5086674513033356,0.3824914171858756
199,burn-in,200,2.4691427033394575,0.7,0.5194160438119872,1.932458529309128,1.5086674513033356,0.3824914171858756
200,burn-in,201,2.4734110655263066,0.7,0.7704314176778232,0.3936062200292469,0.5780489896453113,0.3313094347300315
201,burn-in,202,2.465337121859193,0.72,1.1407558042654737,0.6199246434113428,0.7376572391068091,0.34073120624128456
202,burn-in,203,2.4407891519367695,0.72,1.6861610481898741,1.0809028791913147,1.086901326477053,0.3872813583065985
203,burn-in,204,2.444347308948636,0.7,0.654853453064881,1.0809028791913147,1.086901326477053,0.3872813583065985
204,burn-in,205,2.458185081370175,0.7,0.3773704716306074,0.5222985132352556,0.9073102985734349,0.13106730039577552
205,burn-in,206,2.4511747611686587,0.72,0.5577486922198198,1.2853021248034162,0.9500302624050379,1.5697860333936833
206,burn-in,207,2.4300039811059833,0.72,0.8229469310683003,0.5441135848165716,1.7266630188251992,0.29659467073076085
207,burn-in,208,2.500997832044959,0.7,0.5519603687868031,0.5441135848165716,1.7266630188251992,0.29659467073076085
208,burn-in,209,2.4764637434855103,0.7,0.8130765930469469,1.060128484534656,0.5454014707459487,0.5368701787058775
209,burn-in,210,2.47240187600255,0.72,1.1682450551647163,1.1587533455753611,0.6739934802151821,0.7418434769079245
210,burn-in,211,2.4307391308248043,0.72,0.6076475270521957,1.1587533455753611,0.6739934802151821,0.7418434769079245
211,burn-in,212,2.437966072000563,0.72,0.8785280282572315,1.2384778371208451,1.1303619670762721,0.2584785151695296
212,burn-in,213,2.4392121136188507,0.72,1.2886511759251156,1.1864707097674545,1.1134711852794472,0.5012525871519427
213,burn-in,214,2.4615588458254933,0.72,0.5227893572847232,1.1864707097674545,1.1134711852794472,0.5012525871519427
214,burn-in,215,2.5062448857352138,0.72,0.7331589772801546,0.6727941998027606,0.9264151174109555,0.3048827407189864
215,burn-in,216,2.466714275069535,0.74,0.8128043965364015,0.5022290997699237,0.6204341400110345,0.3036778045138795
216,burn-in,217,2.478899957612157,0.72,0.36314301534992804,0.5022290997699237,0.6204341400110345,0.3036778045138795
217,burn-in,218,2.49341522436589,0.72,0.5315624134501398,1.1674139883276544,1.1429727088191182,0.7315868447593751
218,burn-in,219,2.4582028966397047,0.72,0.776868055647076,1.0963164509084051,0.7784658337703656,0.3639806767804019
219,burn-in,220,2.4572705226019025,0.72,1.1336083681465174,0.9059851278580959,1.0217264304855393,0.42217943576730466
220,burn-in,221,2.44569428358227,0.72,1.6516113752288255,0.7940332717085826,1.8114227293336196,0.3603619308143401
221,burn-in,222,2.4786748802289367,0.7,0.6650536875788712,0.7940332717085826,1.8114227293336196,0.3603619308143401
222,burn-in,223,2.460107962600887,0.7,0.9685512579517055,1.0142387805961703,0.8809994162038287,0.3375803027013937
223,burn-in,224,2.460051879286766,0.7,1.2520191975487742,1.3439431915877302,0.8128434856390759,0.6255198924718599
224,burn-in,225,2.4384492253884673,0.7,0.5072815958781385,1.3439431915877302,0.8128434856390759,0.6255198924718599
225,burn-in,226,2.4643227718770504,0.7,0.5158236718172479,1.0180003613797817,1.0912375905892644,1.5035405170058498
226,burn-in,227,2.4722813684493303,0.7,0.7493719247708416,0.6227717350187928,0.8321876200296788,0.5085631377592986
227,burn-in,228,2.474854330532253,0.7,0.504748815126271,0.6227717350187928,0.8321876200296788,0.5085631377592986
228,burn-in,229,2.4704267093911767,0.7,0.6049969405544374,1.2825710128971524,1.2895920510941035,0.29669701753778616
229,burn-in,230,2.4527540849521756,0.7,0.8767163789306603,1.2988629058861316,0.7315710855026566,0.3714838379155707
230,burn-in,231,2.425012754276395,0.68,0.3593897332961236,1.2988629058861316,0.7315710855026566,0.3714838379155707
231,burn-in,232,2.453227674588561,0.68,0.5205888775951354,0.9279265833048609,1.3330801313155949,0.5915629194310722
232,burn-in,233,2.4771106373518705,0.68,0.6776752392214768,0.6867214671598998,0.6924607744310186,0.2594551463477317
233,burn-in,234,2.426479465328157,0.7,0.81956751733797,1.283808686127987,2.013099290827242,0.3680119315600231
234,burn-in,235,2.4703964423388243,0.72,0.9245132240241178,1.31256583614706,1.5194520762850734,0.25436301222360064
235,burn-in,236,2.4403608441352844,0.72,0.4858596531979983,1.1834881768476675,1.5458609027192567,0.3670779396167141
236,burn-in,237,2.4401780096814036,0.72,0.6485786334528219,0.5893287196969206,0.5321400512321383,0.5350499075322871
237,burn-in,238,2.4399260310456157,0.7,0.883057841170917,0.5893287196969206,0.5321400512321383,0.5350499075322871
238,burn-in,239,2.4817706728354096,0.72,0.8187493005200804,0.5388463100003948,0.518784422173394,0.27997423233870355
239,burn-in,240,2.4127356903627515,0.72,1.1774813785199072,0.554520225391887,0.7916719996053218,0.5207040974918508
240,burn-in,241,2.45760241150856,0.7,0.4908454082967069,0.554520225391887,0.7916719996053218,0.5207040974918508
241,burn-in,242,2.435633539222181,0.72,0.7056401742061413,1.2356181553439292,1.082003490683394,0.42094569889924927
242,burn-in,243,2.472418832592666,0.74,0.9739409592984615,0.8475605931031236,1.6460130647972933,0.47005699367604015
243,burn-in,244,2.446699796244502,0.72,0.43444639330238893,0.8475605931031236,1.6460130647972933,0.47005699367604015
244,burn-in,245,2.4321236815303564,0.72,0.5422504351082318,0.8716081410846205,1.5963815474410088,0.7527827668272636
245,burn-in,246,2.448729987256229,0.74,0.7032812234588652,0.6718179570164061,0.4751874946745641,0.838332942356171
246,burn-in,247,2.480486808344722,0.74,1.0069948680226526,0.6196043787736955,1.181738455606341,0.8249482115642565
247,burn-in,248,2.48117904830724,0.72,0.4247933382093307,0.6196043787736955,1.181738455606341,0.8249482115642565
248,burn-in,249,2.441597869619727,0.72,0.5466130342704454,1.6542543324373526,1.0450235731707178,0.2704291160189136
249,burn-in,250,2.464503121562302,0.74,0.7815083128131382,0.8627418677541017,1.5842915724256363,0.4814449512221838
250,burn-in,251,2.4480308294296265,0.74,1.1158901029732884,1.075849022749921,0.695916751512927,0.407131926409967
251,burn-in,252,2.4447782738134265,0.72,0.4753355840964423,1.075849022749921,0.695916751512927,0.407131926409967
252,burn-in,253,2.4752348670735955,0.72,0.6651029871403401,0.9334648431430993,1.3655687955732494,0.5222006745400911
253,burn-in,254,2.4369600377976894,0.74,0.7369580081498924,0.4066725476451688,0.8152819002440609,0.6565135627504473
254,burn-in,255,2.4620500840246677,0.74,0.5883516246863907,2.255350085047225,1.292108421952302,0.6477381221255185
255,burn-in,256,2.4626020807772875,0.74,0.837867795109281,0.5040546100765859,1.0489764357053062,0.3322226505571982
256,burn-in,257,2.45909518096596,0.72,0.6719258166392461,0.5040546100765859,1.0489764357053062,0.3322226505571982
257,burn-in,258,2.4438463039696217,0.74,0.38907187750246247,0.6629210526680874,1.305156106503752,0.12154984416290628
258,burn-in,259,2.465189411304891,0.74,0.5527539401748908,1.3421584748809618,0.5805894126161165,2.069949968505302
259,burn-in,260,2.441555700264871,0.74,0.7853148607523307,0.9869247671714283,1.2566181862765147,0.23656308087906563
260,burn-in,261,2.466735408641398,0.76,1.1143447568032623,1.095006391278598,0.598625575669638,0.2833604262306017
261,burn-in,262,2.5044967448338866,0.74,0.4803797713952409,1.095006391278598,0.598625575669638,0.2833604262306017
262,burn-in,263,2.446794344112277,0.74,0.6814158114708951,0.7933898946448299,1.4093563179864477,0.6080655636893488
263,burn-in,264,2.4388791490346193,0.76,0.8362772256628218,0.66847374486761,1.2565594547961252,0.22516614910511545
264,burn-in,265,2.4334228048101068,0.74,0.3646012054866494,0.66847374486761,1.2565594547961252,0.22516614910511545
265,burn-in,266,2.43522207159549,0.74,0.4906851891177615,1.0141703821155612,0.8267770589936774,1.233932478793605
266,burn-in,267,2.4655747525393963,0.76,0.584443086438569,0.6585371827816201,1.220625591401426,0.16428767953429607
267,burn-in,268,2.4711761428043246,0.76,0.8262804569006971,0.7901367509097376,0.6846989140341084,0.5537360426835035
268,burn-in,269,2.4578310176730156,0.76,0.8703073932847563,1.2183814800168775,0.8860599506209608,0.655953952472529
269,burn-in,270,2.44785219989717,0.76,1.2281536064462337,1.2429242007834704,0.9118401599360291,0.4793347568039713
270,burn-in,271,2.4788408260792494,0.74,0.6343915889936411,1.2429242007834704,0.9118401599360291,0.4793347568039713
271,burn-in,272,2.490058203227818,0.76,0.644653178860045,1.6184745008029213,1.711363220629313,0.2976313050649158
272,burn-in,273,2.495045566931367,0.76,0.9086139223043727,0.9538239404611024,1.7770259542358722,0.6340632000812352
273,burn-in,274,2.44446471799165,0.76,0.4133801834472905,0.9914920522872027,1.8817535837983228,0.0978195153573267
274,burn-in,275,2.4682559901848435,0.78,0.5824182383055164,0.6904615335612335,0.9289058996647158,2.115761624164423
275,burn-in,276,2.4645208176225424,0.78,0.5313366994498656,1.6532143719277705,0.8572370157517699,0.09690573934438046
276,burn-in,277,2.4386752359569073,0.78,0.7474465789011084,0.4891448434992449,1.0959048101818503,2.0285706266297927
277,burn-in,278,2.451719525270164,0.8,1.050264804245791,1.1135071570076711,1.5500802120403165,1.244293686448862
278,burn-in,279,2.4932520845904946,0.78,1.0066674028014377,1.1135071570076711,1.5500802120403165,1.244293686448862
279,burn-in,280,2.4993912260979414,0.76,0.7840869977122991,1.1135071570076711,1.5500802120403165,1.244293686448862
280,burn-in,281,2.441854627802968,0.78,1.099835605964954,0.5244750784698307,0.7298993519807198,1.1814496378010475
281,burn-in,282,2.4344275426119566,0.76,0.4880442875345274,0.5244750784698307,0.7298993519807198,1.1814496378010475
282,burn-in,283,2.441608998924494,0.74,0.5217384978738269,0.5244750784698307,0.7298993519807198,1.1814496378010475
283,burn-in,284,2.4472085870802402,0.74,0.7311341948718114,1.1988958987837839,1.3952604068372334,0.296240629403928
284,burn-in,285,2.4809389607980847,0.74,1.023448938920705,1.3615380022864263,0.9188999345747404,0.31150329729633125
285,burn-in,286,2.4532405687496066,0.74,0.607422711953646,0.38851794161766895,1.0206323916410354,1.1002084621235406
286,burn-in,287,2.4441078174859285,0.72,0.778958211735844,0.38851794161766895,1.0206323916410354,1.1002084621235406
287,burn-in,288,2.4892916958779097,0.74,1.0885338384666357,0.48255824972463396,1.0465501312873244,1.1236300368008425
288,burn-in,289,2.4897160846740007,0.72,0.5077774964566982,0.48255824972463396,1.0465501312873244,1.1236300368008425
289,burn-in,290,2.452393366023898,0.72,0.6057053647205629,1.437870204222453,0.7699967498124125,0.16139026372890047
290,burn-in,291,2.48795866034925,0.74,0.8454311150642592,0.5606614554659383,1.018717595950746,0.5687893310832194
291,burn-in,292,2.4464344354346395,0.72,0.4124233067413521,0.5606614554659383,1.018717595950746,0.5687893310832194
292,burn-in,293,2.4544982789084315,0.72,0.5363228373973672,1.4078149682775918,1.5779589516866657,0.49859507532569713
293,burn-in,294,2.435028967447579,0.74,0.7475646712484213,0.5049894361021301,1.0811339949145577,0.7806437541046781
294,burn-in,295,2.454868394881487,0.74,1.0409224926102407,0.5339598902904465,0.6644622789628974,0.7506910812264583
295,burn-in,296,2.4588283179327846,0.72,0.5216488733663339,0.5339598902904465,0.6644622789628974,0.7506910812264583
296,burn-in,297,2.4494310608133674,0.72,0.565437501742995,1.3494625266121212,1.541046629676736,0.1974837681050761
297,burn-in,298,2.4538634289056063,0.74,0.7864665545740324,1.2303402660948248,0.46977725732460107,0.931102559656349
298,burn-in,299,2.4395360155031085,0.74,1.0927771722795185,1.0213987533478506,0.47874341214957317,0.9039436024723795
299,burn-in,300,2.4648167230188847,0.72,0.5579486938794265,1.0213987533478506,0.47874341214957317,0.9039436024723795
300,burn-in,301,2.482179573737085,0.72,0.7748933736351252,0.761181704854899,1.5352978382912408,0.5749063125564691
301,burn-in,302,2.4540606597438455,0.72,0.7507484787155537,0.761181704854899,1.5352978382912408,0.5749063125564691
302,burn-in,303,2.4513460472226143,0.72,1.0411417118714847,0.8160468531551118,1.0047677160830386,0.6206638211343857
303,burn-in,304,2.445849438197911,0.7,0.5229667205928397,0.8160468531551118,1.0047677160830386,0.6206638211343857
304,burn-in,305,2.4602600699290633,0.7,0.6821553107061556,1.0523248435707595,0.7644790791235446,0.641514833832843
305,burn-in,306,2.478835212998092,0.7,0.8395920984335927,1.3156449050736154,0.7475665005354336,0.4837186563961027
306,burn-in,307,2.458941296674311,0.7,0.3881410989458699,1.3156449050736154,0.7475665005354336,0.4837186563961027
307,burn-in,308,2.4950521867722273,0.7,0.5375003568938013,0.7418647787399311,1.0133784547519067,0.5019693152261727
308,burn-in,309,2.4724980127066374,0.7,0.5977201643355473,1.1975589662489048,0.9375563298924081,0.22808130370120516
309,burn-in,310,2.4566710758954287,0.68,0.457540528155635,1.1975589662489048,0.9375563298924081,0.22808130370120516
310,burn-in,311,2.4743587663397193,0.68,0.5925515686588408,0.6157264770514895,1.9063148719343386,0.9109862472423592
311,burn-in,312,2.4694056268781424,0.68,0.4460704148396939,0.6157264770514895,1.9063148719343386,0.9109862472423592
312,burn-in,313,2.448950182646513,0.68,0.6161076328173886,1.1362139843998917,1.2951458942205016,0.2462900648094682
313,burn-in,314,2.4528754791244864,0.68,0.7627741926787636,0.48608025346873185,0.5202964637421121,0.2598857358197776
314,burn-in,315,2.45176185015589,0.68,0.9588950456558031,0.48608025346873185,0.5202964637421121,0.2598857358197776
315,burn-in,316,2.4326428873464465,0.68,0.7495104914077354,0.6730097933317881,0.43124434163409076,0.9040856422377697
316,burn-in,317,2.4701503152027726,0.68,1.032471912304751,0.4310477981515698,0.6951220157481567,0.884069153784696
317,burn-in,318,2.4414623072370887,0.66,0.5737322352857849,0.4310477981515698,0.6951220157481567,0.884069153784696
318,burn-in,319,2.4754596780985594,0.66,0.7899121092069353,1.3127156891188942,1.0079619803587685,0.803097068622611
319,burn-in,320,2.5012703770771623,0.66,1.0865359912103265,0.24996292134287243,0.6568052162295706,0.6543357861014829
320,burn-in,321,2.473809896968305,0.66,0.5058956237515814,0.24996292134287243,0.6568052162295706,0.6543357861014829
321,burn-in,322,2.485558728687465,0.66,0.6956844000031873,2.911700466820133,1.2065995812138863,0.23832692481779047
322,burn-in,323,2.508466586470604,0.66,0.9557940373506916,0.33374986494011644,1.0811771549899,0.2694327558005746
323,burn-in,324,2.504391999915242,0.66,1.3119572263448158,0.3127245266125052,0.7592417189710886,0.4637293481034771
324,burn-in,325,2.470133114606142,0.64,0.6132996967191088,0.3127245266125052,0.7592417189710886,0.4637293481034771
325,burn-in,326,2.4874360086396337,0.64,0.6960297300952833,1.8258446098720071,2.1095297520536738,0.5264113349725627
326,burn-in,327,2.4791209483519197,0.64,0.954550533698268,1.6022331986700007,1.5384433995805604,0.6547783752216242
327,burn-in,328,2.488884538412094,0.62,0.47578575175048643,1.6022331986700007,1.5384433995805604,0.6547783752216242
328,burn-in,329,2.4796749548986554,0.64,0.652279410033134,0.495085649879206,0.6752349741459933,0.408025129015428
329,burn-in,330,2.47377419564873,0.64,0.7047458695573315,0.495085649879206,0.6752349741459933,0.408025129015428
330,burn-in,331,2.4576876098290086,0.64,0.9647805668999779,0.6472693066545677,0.7154818421782354,0.32387872781135607
331,burn-in,332,2.4727316312491894,0.66,0.7959808710061048,0.5094549436109597,0.47977467814288705,0.6498205832880438
332,burn-in,333,2.4783481853082776,0.68,1.0885414701471139,0.4359506047786648,0.6282724949620104,0.4536091551274424
333,burn-in,334,2.479965345002711,0.68,0.873861746174137,1.6986853300747649,0.7255197948044033,0.3875468907281148
334,burn-in,335,2.4812246467918158,0.68,0.641748699144542,1.567939931435398,0.3374580005370475,0.6319083106456947
335,burn-in,336,2.4520293455570936,0.68,0.8767521463468138,1.083217276517349,1.8605901065872361,0.6309898464084457
336,burn-in,337,2.4873750992119312,0.7,1.0337797070660637,1.035575357205625,1.6278265281360553,1.0593931637013476
337,burn-in,338,2.52047002594918,0.7,0.9003031985864189,1.6766498718227132,1.162123092205282,0.1866242978729883
338,burn-in,339,2.470974324271083,0.72,1.1395341602715243,1.5212616026635082,1.093241547846286,0.22469986685122964
339,burn-in,340,2.49529779702425,0.72,1.5529358706768623,0.4831040835853522,1.3025432530163157,0.6024913988430995
340,burn-in,341,2.453083765693009,0.7,0.7383208146275084,0.4831040835853522,1.3025432530163157,0.6024913988430995
341,burn-in,342,2.459890046156943,0.72,1.0059304865626089,0.5407158200678415,1.413702913845213,0.5712331667857244
342,burn-in,343,2.424836514517665,0.7,0.502499226794827,0.5407158200678415,1.413702913845213,0.5712331667857244
343,burn-in,344,2.46548543125391,0.7,0.660400030097078,1.2239788188132272,0.6643908896897531,0.2586432588827293
344,burn-in,345,2.476263226941228,0.7,0.7806736082005393,1.3399162456096685,1.1118561925768902,0.22704071482601162
345,burn-in,346,2.455677759833634,0.72,1.0617896127671218,1.9288313371747992,0.9511499796965066,0.27056408251566366
346,burn-in,347,2.4483562279492617,0.7,0.508429728379092,1.9288313371747992,0.9511499796965066,0.27056408251566366
347,burn-in,348,2.459292335435748,0.7,0.6913481934480407,0.3479329187418072,0.8283302234087403,0.5628414045036049
348,burn-in,349,2.4714425085112453,0.7,0.9393003633125727,1.2770986478541675,0.5068915366177202,0.3094714058857435
349,burn-in,350,2.4985734932124615,0.7,0.45108989976023944,1.2770986478541675,0.5068915366177202,0.3094714058857435
350,burn-in,351,2.4992365604266524,0.7,0.592465734053047,0.5764537387606706,1.8200861025908954,0.6208536864800266
351,burn-in,352,2.4617759892717004,0.7,0.7212653973600864,0.5764537387606706,1.8200861025908954,0.6208536864800266
352,burn-in,353,2.443464200012386,0.7,0.978310856297789,0.689659286548065,2.3033680260821843,0.6214497787428654
353,burn-in,354,2.4764418341219425,0.7,0.4716311059052625,0.689659286548065,2.3033680260821843,0.6214497787428654
354,burn-in,355,2.4655718076974154,0.7,0.6395634714696098,0.9870944452843676,0.5685386785975172,0.4959265992126779
355,burn-in,356,2.4414672385901213,0.7,0.8665952601024064,0.6998005520263275,1.0398775514328833,0.657404731117738
356,burn-in,357,2.452145350165665,0.72,1.1732822096085442,0.7385956421059519,1.0561067445550445,0.42987779947481
357,burn-in,358,2.4901377111673355,0.7,0.5676168264901668,0.7385956421059519,1.0561067445550445,0.42987779947481
358,burn-in,359,2.4954280527308583,0.7,0.6939605489224596,1.4210423437008441,1.0136270482469067,0.3877557243641121
359,burn-in,360,2.489084320142865,0.72,0.8714412710308881,1.5474933503091262,1.3060505288825148,0.38235462064636383
360,burn-in,361,2.4535437105223536,0.7,0.44403115311361435,1.5474933503091262,1.3060505288825148,0.38235462064636383
361,burn-in,362,2.4524928936734796,0.72,0.6005281844618643,0.4873858303654842,0.6305657713187967,0.670174875161765
362,burn-in,363,2.4696746738627553,0.72,0.8115477600478963,1.004826719145932,1.015558721121623,0.47840018180295374
363,burn-in,364,2.4525647293776274,0.72,1.035330927273634,0.62726362706748,0.8789755837997185,0.7343485683298504
364,burn-in,365,2.4624800058081746,0.74,1.3970736072807557,1.330125852752985,1.017022816584095,0.39864452722950083
365,burn-in,366,2.451708234846592,0.72,0.6808981169505385,1.330125852752985,1.017022816584095,0.39864452722950083
366,burn-in,367,2.4600202254951,0.72,0.7379704639801469,1.2912287139386607,0.5533831843784429,0.2930113273341885
367,burn-in,368,2.451153398491442,0.74,0.8957092728727898,1.35342947191577,1.4343307318625047,0.29105716341596416
368,burn-in,369,2.4630092876031995,0.74,1.2070672693732605,1.3905447167499612,1.418852226803692,0.6391801279302212
369,burn-in,370,2.4865109752863646,0.72,0.5905985608200016,1.3905447167499612,1.418852226803692,0.6391801279302212
370,burn-in,371,2.4780774945393205,0.74,0.6925893488672951,0.39293633879027706,1.413017473381009,0.7182818164234228
371,burn-in,372,2.46685450989753,0.74,0.7272079430988045,1.623835780526307,1.8665973859434992,0.9842646411973355
372,burn-in,373,2.447668136097491,0.74,0.9787925424080425,1.7227746633876975,0.5810612930821082,1.098421482737453
373,burn-in,374,2.486770355142653,0.72,0.7095219570183303,1.7227746633876975,0.5810612930821082,1.098421482737453
374,burn-in,375,2.465829575434327,0.74,0.7637442221999344,0.28530816020944144,0.7577955085181798,1.2098945006476791
375,burn-in,376,2.4494511783123016,0.74,0.6187300601678496,1.9325595943277103,1.0246035541582559,1.1760803528373336
376,burn-in,377,2.4509236998856068,0.74,0.6946906650351966,2.1623394141640877,0.7103967729437192,2.3015940309058225
377,burn-in,378,2.451442964375019,0.76,0.933364481050904,1.657008863008448,0.5936170211554972,1.7865486087611508
378,burn-in,379,2.4529208289459348,0.74,0.4610053643178111,1.657008863008448,0.5936170211554972,1.7865486087611508
379,burn-in,380,2.448737083002925,0.76,0.5068343839198418,0.44216061291355785,1.4554648265110064,0.1152088829690398
380,burn-in,381,2.469216891564429,0.76,0.5929735661118907,1.4930917743651586,2.473383995214675,2.436536584187374
381,burn-in,382,2.50074094068259,0.76,0.5762267300121645,2.1312693678524717,0.8490209637468757,0.07607591076344601
382,burn-in,383,2.464271035976708,0.76,0.7729849963893176,0.637013461806162,0.8281586496003057,2.1449948676282133
383,burn-in,384,2.491110837087035,0.74,0.741331003247903,0.637013461806162,0.8281586496003057,2.1449948676282133
384,burn-in,385,2.4786261385306716,0.74,0.9934481923332142,0.8724925362360758,0.9935025539075464,0.773299287738148
385,burn-in,386,2.460582890547812,0.74,1.3303569959978516,0.5244119337997543,0.8163921068132982,0.35024707155125223
386,burn-in,387,2.503549094311893,0.72,0.6608088344378267,0.5244119337997543,0.8163921068132982,0.35024707155125223
387,burn-in,388,2.4995204312726855,0.72,0.8847301836949055,0.9288686203107064,0.6166726425277448,0.45624812617223826
388,burn-in,389,2.4469145964831114,0.72,1.1836925333402406,0.9128028700750151,0.6231359457586784,0.5665505362124829
389,burn-in,390,2.4620855394750834,0.7,0.5895630747678697,0.9128028700750151,0.6231359457586784,0.5665505362124829
390,burn-in,391,2.4534883946180344,0.72,0.7074937521063569,1.441045177917815,1.4631749341994889,0.5424898497353352
391,burn-in,392,2.451093388721347,0.72,0.9458374165321529,1.6238602775442836,0.9939220910344493,0.410966088102819
392,burn-in,393,2.488831297494471,0.74,1.064690616928401,1.4589898281820202,0.7272914974708957,0.5046291536061269
393,burn-in,394,2.4715566942468286,0.72,0.5321783663726456,1.4589898281820202,0.7272914974708957,0.5046291536061269
394,burn-in,395,2.420777440071106,0.72,0.7109712719958335,0.8591692967650891,1.2128550259722422,0.3668640330615765
395,burn-in,396,2.4513183254748583,0.7,0.7064436620671932,0.8591692967650891,1.2128550259722422,0.3668640330615765
396,burn-in,397,2.441043292172253,0.72,0.9428188752888988,1.1104613054939345,0.9448571209173247,0.3801966791121119
397,burn-in,398,2.4388371044769883,0.72,1.1611952638433163,0.8871202217222932,0.9535255469996365,0.710283807840062
398,burn-in,399,2.4140474358573556,0.7,0.5827712195346821,0.8871202217222932,0.9535255469996365,0.710283807840062
399,burn-in,400,2.4814878571778536,0.7,0.5069966345747082,0.8871202217222932,0.9535255469996365,0.710283807840062
400,burn-in,401,2.4215724235400558,0.7,0.675991295581082,0.7224568966579039,1.2613818360728113,0.44004627260772916
401,burn-in,402,2.4380610324442387,0.7,0.7549204394762783,0.7224568966579039,1.2613818360728113,0.44004627260772916
402,burn-in,403,2.4308821726590395,0.7,0.9169443618296672,0.5378653646015795,0.9143453537019938,0.24796293387681775
403,burn-in,404,2.4396740403026342,0.72,1.1726817868461983,0.4451786644006609,0.7721269606174147,0.7054928663363502
404,burn-in,405,2.436373822391033,0.7,0.5914304699138098,0.4451786644006609,0.7721269606174147,0.7054928663363502
405,burn-in,406,2.4156967513263226,0.7,0.7871157135572421,1.2202464240258952,0.9777636787850464,0.6225115187608852
406,burn-in,407,2.419956457801163,0.7,1.0468521635415469,0.7892473687345127,0.7825047086088357,0.6538173339390224
407,burn-in,408,2.459522269666195,0.72,1.2817841300259472,1.4494901554858806,0.8851841899933489,0.6649095251471849
408,burn-in,409,2.4429243095219135,0.7,0.6498652537055617,1.4494901554858806,0.8851841899933489,0.6649095251471849
409,burn-in,410,2.4503432866185904,0.7,0.8636588508459313,1.5084883295832836,0.8557238670437488,0.5773009431711753
410,burn-in,411,2.4793581552803516,0.72,1.0748137854317918,1.2871836431169357,0.8555619567995012,0.3184380692648034
411,burn-in,412,2.418221326544881,0.7,0.5453242646559905,1.2871836431169357,0.8555619567995012,0.3184380692648034
412,burn-in,413,2.4334603985771537,0.7,0.724170384381962,0.6082238216508514,0.9696712378150153,0.5698485181672095
413,burn-in,414,2.444689653813839,0.68,0.6851486868681531,0.6082238216508514,0.9696712378150153,0.5698485181672095
414,burn-in,415,2.470753639936447,0.68,0.8998794282724846,0.5761747788260828,0.8338161639239599,0.5312874664900705
415,burn-in,416,2.4316250840201974,0.68,0.4580785692827616,0.5761747788260828,0.8338161639239599,0.5312874664900705
416,burn-in,417,2.4670416740700603,0.68,0.6042056204238823,1.2326802615289996,1.0712197526501201,0.4669357310938443
417,burn-in,418,2.4610760044306517,0.66,0.5923878762324108,1.2326802615289996,1.0712197526501201,0.4669357310938443
418,burn-in,419,2.4668788826093078,0.66,0.7784807344542225,1.2124271410986938,1.0280998753355446,0.5696501099647803
419,burn-in,420,2.4590743873268366,0.68,1.0310776083800388,0.9374932455897286,1.5971426270127826,0.4294779464998949
420,burn-in,421,2.477342459373176,0.66,0.5272941150644397,0.9374932455897286,1.5971426270127826,0.4294779464998949
421,burn-in,422,2.450519261881709,0.66,0.6432503687837257,0.8960711302030702,1.6285520878808448,0.278152635323474
422,burn-in,423,2.45010700635612,0.66,0.851355149589007,0.8129139791377425,0.9976341349799074,0.4081352789712731
423,burn-in,424,2.5125500401481986,0.68,0.6889584447056524,0.8248891774344386,0.3874364041667582,0.2790428339302992
424,burn-in,425,2.4683869034051895,0.68,0.9112158733442389,0.8810188453598659,1.3881933270916784,0.38819105986297575
425,burn-in,426,2.48622914776206,0.66,0.468418437728691,0.8810188453598659,1.3881933270916784,0.38819105986297575
426,burn-in,427,2.422386098653078,0.66,0.6194161133309619,0.7948004218260721,0.5895070011620964,0.49752562130289
427,burn-in,428,2.476585985161364,0.66,0.8185823307603838,0.8583021884654073,1.162172915969411,0.4892737667941939
428,burn-in,429,2.457060548476875,0.68,1.081122545857166,0.6176437765111747,1.195527220321081,0.5529115514513457
429,burn-in,430,2.448873033747077,0.68,1.1763134945484397,1.618032386265944,1.0445471578628431,0.4140995088172349
430,burn-in,431,2.477989139035344,0.66,0.6053656329152586,1.618032386265944,1.0445471578628431,0.4140995088172349
431,burn-in,432,2.4696704549714923,0.66,0.5317147103955477,0.6115429359024821,2.5334820196725123,0.19939163446692315
432,burn-in,433,2.517545542679727,0.66,0.7017352718677563,0.9941188442226563,1.081414444060914,0.8286926024354575
433,burn-in,434,2.437942252494395,0.68,0.8096142094363491,1.617490317958471,0.9821018620467035,0.8502599462573984
434,burn-in,435,2.46325287502259,0.66,0.8276161941702389,1.617490317958471,0.9821018620467035,0.8502599462573984
435,burn-in,436,2.445388950407505,0.66,1.0907435469014855,1.6255729138169235,1.0045956890232686,0.4678225742187623
436,burn-in,437,2.4540409175679088,0.68,1.436667919468699,0.4765774543268237,0.6365479209434513,0.4584389231439002
437,burn-in,438,2.5033787712454796,0.66,0.7429637720499688,0.4765774543268237,0.6365479209434513,0.4584389231439002
438,burn-in,439,2.459728500805795,0.66,0.9784240617729844,0.7211024813752712,0.6846490982476754,0.44976756735257084
439,burn-in,440,2.482065837830305,0.66,0.512404421181177,0.7211024813752712,0.6846490982476754,0.44976756735257084
440,burn-in,441,2.42692132294178,0.64,0.42828785673418024,0.7211024813752712,0.6846490982476754,0.44976756735257084
441,burn-in,442,2.4741999292746186,0.64,0.5349052775495172,1.0654502153508805,1.4292223424919406,0.6046609875779807
442,burn-in,443,2.4906228287145495,0.64,0.7038532150097467,0.5969662152107167,0.8078754315013601,0.7953185218735137
443,burn-in,444,2.5111942077055573,0.66,0.7918232145405047,1.380740916778106,0.6029113422804193,0.7077288794198322
444,burn-in,445,2.488162345252931,0.66,1.0408735616396119,0.928144766671614,0.9272108381511407,0.5629946334485486
445,burn-in,446,2.477336053736508,0.68,1.3674616400702946,0.867587798271484,0.8056135006342809,0.5325471697777227
446,burn-in,447,2.4867075569927692,0.66,0.711774086341154,0.867587798271484,0.8056135006342809,0.5325471697777227
447,burn-in,448,2.4759440710768104,0.66,0.9349469194152852,0.8522108690672069,0.9384607266315855,0.5038184522349888
448,burn-in,449,2.4380137491971254,0.68,1.2158013789952187,0.8124405339911426,0.9014287608996168,0.5290872871204731
449,burn-in,450,2.4662640411406755,0.68,0.6344944602298771,0.8124405339911426,0.9014287608996168,0.5290872871204731
450,burn-in,451,2.456512263044715,0.68,0.7214982597794596,0.5833645528173801,0.7758480534531251,0.7475500706322409
451,burn-in,452,2.497040217742324,0.7,0.8092495823349869,1.191318863275563,0.6925740560922263,0.8671592069968989
452,burn-in,453,2.4828071482479572,0.7,0.8766805998083487,1.5002564580729827,0.7273291732698866,1.0636125802967653
453,burn-in,454,2.479829490184784,0.7,1.1493489261685654,1.5582739112132227,0.823530723658965,0.5873072547268994
454,burn-in,455,2.4996876092627645,0.7,0.6016906628018645,1.5582739112132227,0.823530723658965,0.5873072547268994
455,burn-in,456,2.4020772324874997,0.7,0.7887013648615022,0.8520546131571525,0.8538954140454178,0.300037031131967
456,burn-in,457,2.443452567793429,0.7,1.033255093478684,0.9904401413956505,0.8428961921179626,0.40548267397407717
457,burn-in,458,2.439877949655056,0.68,0.577299151490862,0.9904401413956505,0.8428961921179626,0.40548267397407717
458,burn-in,459,2.4228389533236623,0.7,0.7561300732838022,0.8340560367384708,0.800016285557493,0.40548701245598556
459,burn-in,460,2.4556476790457964,0.7,0.7752680587361949,0.43317148286980245,1.1237668032979582,0.4425105826160481
460,burn-in,461,2.4481479758396745,0.7,1.014552580000163,0.5032175412695854,0.6686473777185697,0.531407943461729
461,burn-in,462,2.430315451696515,0.7,0.5337623290527853,0.5032175412695854,0.6686473777185697,0.531407943461729
462,burn-in,463,2.4423975124955177,0.7,0.6335238621304422,1.223342178061995,1.644173794054078,0.33478328992408835
463,burn-in,464,2.4525087447836995,0.72,0.8285523944653753,0.9503466337655115,0.6967413860242698,0.32322565554725247
464,burn-in,465,2.4495454262942076,0.72,1.0830254443382423,1.0784087675132763,0.7772253273320349,0.3961229314044879
465,burn-in,466,2.497280423529446,0.72,0.5712249446226614,1.0784087675132763,0.7772253273320349,0.3961229314044879
466,burn-in,467,2.4795651147142053,0.72,0.6230467841423017,1.2194629576579157,1.2843816879925094,0.27456104889002464
467,burn-in,468,2.4681145949289203,0.72,0.6098442861217366,1.2194629576579157,1.2843816879925094,0.27456104889002464
468,burn-in,469,2.489594298414886,0.72,0.7965360741564729,0.4652193818447625,0.5462020193374236,0.4290487477885508
469,burn-in,470,2.4780536787584424,0.72,0.957790186556447,0.3951134686053971,0.8906882424749418,0.5010055093447096
470,burn-in,471,2.445667088031769,0.74,1.2497546239154511,0.4097169547707505,1.0694989364076588,0.4827180784544468
471,burn-in,472,2.426292593590915,0.74,1.6298453110179183,1.1521453953458818,0.6575177976478642,0.36142850368101526
472,burn-in,473,2.451587403193116,0.72,0.8632317572751894,1.1521453953458818,0.6575177976478642,0.36142850368101526
473,burn-in,474,2.4626031164079905,0.7,0.5333979100680963,1.1521453953458818,0.6575177976478642,0.36142850368101526
474,burn-in,475,2.4715577103197575,0.7,0.6084664740846569,1.5568782066489828,1.6863749356479685,0.3910420709856678
475,burn-in,476,2.449678455479443,0.72,0.7906911745895526,0.613242488763308,0.40093956501801753,0.5368407946410355
476,burn-in,477,2.443312135525048,0.72,1.0302866958465033,0.7268749239844259,0.5634520236083833,0.511476153760896
477,burn-in,478,2.4509079745039344,0.7,0.5477273994175691,0.7268749239844259,0.5634520236083833,0.511476153760896
478,burn-in,479,2.486010174266994,0.7,0.595941239272431,0.8783886684232229,1.379989354239097,1.110913627361456
479,burn-in,480,2.4690316105261445,0.7,0.7761363630331627,0.5998290322289064,0.47919638256950486,0.7302318978045593
480,burn-in,481,2.472829853184521,0.72,1.010288614337687,0.8253912457904429,0.5351975209729953,0.8137684275402124
481,burn-in,482,2.4557966832071543,0.7,0.5384408329355475,0.8253912457904429,0.5351975209729953,0.8137684275402124
482,burn-in,483,2.447136314585805,0.7,0.6339805007357134,0.9409616867088377,1.4754615566995493,0.20820819843609886
483,burn-in,484,2.4637562735006213,0.7,0.8247741471325738,0.49372332128503754,0.4850720269872873,0.3179584802907607
484,burn-in,485,2.4863404389470816,0.72,0.7167576873773519,1.5951353290628467,0.5523455752093622,0.3555597210183483
485,burn-in,486,2.4691753946244717,0.72,0.9318725743121831,0.45411048311239943,1.5843224779135072,0.35393692532884535
486,burn-in,487,2.4863208569586277,0.72,0.890479151073805,0.4842496547473541,1.6641611596995487,0.9763964439543411
487,burn-in,488,2.485694380477071,0.72,0.5959398750603878,0.4842496547473541,1.6641611596995487,0.9763964439543411
488,burn-in,489,2.4661069503054023,0.72,0.7743451839745551,1.024994307571671,0.5032415790525937,0.528497329463534
489,burn-in,490,2.4292252734303474,0.74,1.0056469295114587,0.7217192852565069,0.7791719331100257,0.4586142257153892
490,burn-in,491,2.477031545713544,0.74,0.6114087406099222,0.7217192852565069,0.7791719331100257,0.4586142257153892
491,burn-in,492,2.4714176999405026,0.74,0.7529716104677102,0.8958773789881693,0.8934072061174629,0.34885251515523835
492,burn-in,493,2.4618808226659894,0.74,0.8556663615511341,0.623100330773845,1.3887090576800825,0.31771982335921134
493,burn-in,494,2.4583732560276985,0.72,0.5119371893143682,0.623100330773845,1.3887090576800825,0.31771982335921134
494,burn-in,495,2.4469804149121046,0.72,0.6642920680967055,1.0300303437810883,1.3809598678853592,0.5116382076746965
495,burn-in,496,2.4836711632087827,0.72,0.7312940091408795,1.2569542351714678,1.4744968557543785,0.7574914534845307
496,burn-in,497,2.4642410557717085,0.72,0.8724477031292361,1.2569542351714678,1.4744968557543785,0.7574914534845307
497,burn-in,498,2.4159955391660333,0.7,0.5273815139507034,1.2569542351714678,1.4744968557543785,0.7574914534845307
498,burn-in,499,2.460858818143606,0.7,0.6564279162512645,0.7220140512819501,0.5936266178530321,0.23232854642270223
499,burn-in,500,2.457363337278366,0.72,0.8505282650638871,0.5873918609442776,0.8660493966843391,0.37163022894197223
500,burn-in,501,2.4560107979923487,0.72,1.101479106432161,0.5921433937731179,0.8716564065400474,0.4833940422182662
501,burn-in,502,2.4533732878044248,0.7,0.5942265412142546,0.5921433937731179,0.8716564065400474,0.4833940422182662
502,burn-in,503,2.5290928799659014,0.7,0.7651924745542542,1.164190658828921,1.026792708956367,0.4454421201440458
503,burn-in,504,2.482773439027369,0.68,0.769198884123906,1.164190658828921,1.026792708956367,0.4454421201440458
504,burn-in,505,2.439362141303718,0.7,0.9374156572233978,1.3041338060119019,0.680099071165122,0.39145738962663146
505,burn-in,506,2.4782575545832515,0.7,0.9200955314633469,1.50396435235497,0.8651671625923795,0.2905967090092936
506,burn-in,507,2.4565629633143544,0.68,0.8467073670289212,1.50396435235497,0.8651671625923795,0.2905967090092936
507,burn-in,508,2.451122303493321,0.7,0.6457982209756041,1.2586714174797353,0.5112534633838542,0.7780312502064611
508,burn-in,509,2.4224529024213552,0.7,0.8349484245108748,0.536457655907151,1.0453235290480174,0.5260523031659904
509,burn-in,510,2.4501781528815627,0.7,1.0159508030021474,0.5129050817840162,1.1373469454601863,0.4229462102527702
510,burn-in,511,2.4402746530249715,0.68,0.551032559983252,0.5129050817840162,1.1373469454601863,0.4229462102527702
511,burn-in,512,2.4729155767709017,0.7,0.7025119471084152,1.329033328466227,1.092842441045069,0.34371931986720167
512,burn-in,513,2.5218753507360816,0.7,0.8581296527712927,1.6954410421321913,1.1448867310712278,0.3509096582115469
513,burn-in,514,2.463945890776813,0.68,0.5465998595078169,1.6954410421321913,1.1448867310712278,0.3509096582115469
514,burn-in,515,2.5007478008046746,0.68,0.6468760651190473,1.268538968972168,1.502520238888081,0.8863524515732976
515,burn-in,516,2.5123995626345277,0.7,0.8349567691987635,0.6116528752921463,1.136258900038982,0.9969248313024612
516,burn-in,517,2.451941082254052,0.7,1.0772143036807138,0.6236992380541824,1.2401483569745033,0.7920595898867779
517,burn-in,518,2.46218585036695,0.72,0.7945353005848025,0.8913297049865444,0.6942440421221705,0.20073249610512195
518,burn-in,519,2.4532915223389864,0.72,0.7539421691209588,0.33038291039825635,0.6938555973957656,0.21553111267662495
519,burn-in,520,2.4874438708648086,0.72,0.9721082107793987,0.6409051463074676,1.0052128081318914,0.22249083334332123
520,burn-in,521,2.472042945213616,0.72,0.6216726598350248,0.3387444277496131,1.185159051977171,1.1846145024267012
521,burn-in,522,2.4718408407643437,0.72,0.8013368608418451,1.4547560902041747,2.332078245163325,0.8371980513520909
522,burn-in,523,2.4204441886395216,0.74,1.0324451786928577,1.5764405307668232,1.6706045048285454,0.5492075669002306
523,burn-in,524,2.4818718852475286,0.76,0.8655455402591816,0.9888096413185884,1.226122244471519,0.8539654273874618
524,burn-in,525,2.45893264003098,0.76,1.1145828015391026,0.993867114499446,1.053412560586757,0.3878868620351031
525,burn-in,526,2.4748159451410174,0.74,0.6401891968357116,0.993867114499446,1.053412560586757,0.3878868620351031
526,burn-in,527,2.4997500153258443,0.74,0.767685606189753,0.5535925195027427,1.3771128287559398,0.48382662992200853
527,burn-in,528,2.441157720051706,0.76,0.9880010022468289,0.7021589216253588,0.808805775769907,0.4532860624414553
528,burn-in,529,2.4963151551783085,0.76,1.2074249676242794,1.012517774969541,0.9790981272658197,0.4012473108927835
529,burn-in,530,2.4588787807151675,0.74,0.6619042434352759,1.012517774969541,0.9790981272658197,0.4012473108927835
530,burn-in,531,2.447838737629354,0.72,0.654890051903592,1.012517774969541,0.9790981272658197,0.4012473108927835
531,burn-in,532,2.5100129041820765,0.72,0.5270243398480671,1.012517774969541,0.9790981272658197,0.4012473108927835
532,burn-in,533,2.491098686121404,0.72,0.6441745942586391,0.6068546700851931,0.8227947749441703,0.31740996718903747
533,burn-in,534,2.481152351014316,0.72,0.7998438053017115,0.9981033274504972,1.7188565641419775,0.47720341370890956
534,burn-in,535,2.4535631258040667,0.72,1.027735120892307,0.8975954328530176,1.4120762164453562,0.30461411954046674
535,burn-in,536,2.478242422454059,0.72,0.9545356419287683,0.6873359163033957,1.5674520512108348,1.1353905088028282
536,burn-in,537,2.462531109340489,0.72,1.2257638487736273,0.9460586334784766,1.7703793215079233,0.20696993068157338
537,burn-in,538,2.468490899540484,0.74,1.573361259353141,0.6206416944132563,0.4624830479881832,0.4531169117163841
538,burn-in,539,2.502669828943908,0.72,0.8664526245347859,0.6206416944132563,0.4624830479881832,0.4531169117163841
539,burn-in,540,2.477569330483675,0.7,0.4995985855691442,0.6206416944132563,0.4624830479881832,0.4531169117163841
540,burn-in,541,2.4998027300462127,0.72,0.528952097323616,2.140654755025214,1.746484211850822,0.45544766027535255
541,burn-in,542,2.4772292925044894,0.72,0.6788643548231204,0.8334445313226254,0.8939677175477434,0.3038770630805789
542,burn-in,543,2.4564553163945675,0.72,0.6321711946536258,0.5089989345376414,0.5107333012082317,0.21182160697490254
543,burn-in,544,2.4878668235614896,0.74,0.7259331310213912,1.5480199785850441,1.750129942411545,0.6142958878545935
544,burn-in,545,2.4807071536779404,0.74,0.9308030796683096,0.6717735511789831,0.6198362308612716,0.8846595396117369
545,burn-in,546,2.461721070110798,0.72,0.625590201973201,0.6717735511789831,0.6198362308612716,0.8846595396117369
546,burn-in,547,2.4612690899521112,0.74,0.8019006017186028,0.6839505673514212,0.9951409255725135,0.6708668675093311
547,burn-in,548,2.502864529378712,0.76,1.0274548122201286,0.4658816313037589,1.0036715953434776,0.42931090242726333
548,burn-in,549,2.4774284064769745,0.74,0.5690618949539605,0.4658816313037589,1.0036715953434776,0.42931090242726333
549,burn-in,550,2.49209788441658,0.74,0.7064525755242221,1.1932372730013958,1.1894351640249725,0.3248519927648776
550,burn-in,551,2.489883557893336,0.74,0.8123798454205742,2.3357321437756275,0.9118797331710158,0.37260915855318055
551,burn-in,552,2.455130831338465,0.74,0.5233003763189232,2.3357321437756275,0.9118797331710158,0.37260915855318055
552,burn-in,553,2.4687281446531415,0.74,0.6671871698144854,0.5180314388476773,0.9307892768208432,1.3215267768349346
553,burn-in,554,2.4488423774018884,0.76,0.8538949803906839,0.691123303607688,1.0096400173179625,1.198675221483947
554,burn-in,555,2.440280561335385,0.76,1.092386420484395,0.7102458040438873,1.0372651680614458,0.9215312931340894
555,burn-in,556,2.480769384652376,0.74,0.6133607373856734,0.7102458040438873,1.0372651680614458,0.9215312931340894
556,burn-in,557,2.4791695810854435,0.76,0.7845665013542694,0.9828433610380356,0.6165490489224826,0.5732626583023771
557,burn-in,558,2.4730440992861986,0.76,1.0031363144074592,0.9917604876738706,0.8383391698279555,0.5388423353127949
558,burn-in,559,2.4870988857001066,0.74,0.6267605344918372,0.9917604876738706,0.8383391698279555,0.5388423353127949
559,burn-in,560,2.4580817064270377,0.74,0.6872474021020621,0.9838078072765324,1.885579146605427,0.5917878862401318
560,burn-in,561,2.4406665405258536,0.76,0.5943763131085771,0.582381124259967,2.180051883672328,0.1595877895666262
561,burn-in,562,2.4647145085036755,0.76,0.7595103358235855,1.07111342322881,0.34741328512508296,0.5749778011902016
562,burn-in,563,2.4647561591118574,0.76,0.9701180715734404,1.0857696994220611,0.8998166010118166,0.6034117270892675
563,burn-in,564,2.478672571480274,0.78,1.1540644181081725,1.3297249210921016,0.9453411853938751,0.39357485399166664
564,burn-in,565,2.4617015160620213,0.76,0.6443527472717705,1.3297249210921016,0.9453411853938751,0.39357485399166664
565,burn-in,566,2.424414078705013,0.76,0.8205887890788556,0.8705013056512179,0.5762266342493758,0.38882057322628233
566,burn-in,567,2.4745874321088195,0.76,1.0440901534148248,0.8463509361592046,0.5661143288614601,0.4017785636388813
567,burn-in,568,2.4542485633865,0.74,0.5860400933056222,0.8463509361592046,0.5661143288614601,0.4017785636388813
568,burn-in,569,2.493929403834045,0.74,0.7389001096743124,0.7210607218233557,1.2892665904418321,0.3382324773110874
569,burn-in,570,2.4517632722854614,0.74,0.9093552965371022,0.5860641556822742,1.0091322030553576,0.3255401652708044
570,burn-in,571,2.455008384771645,0.72,0.5107685404883122,0.5860641556822742,1.0091322030553576,0.3255401652708044
571,burn-in,572,2.4473304199054837,0.72,0.6353577328279242,1.2519184093044249,0.8908979580972198,0.7462775419488512
572,burn-in,573,2.4711657790467143,0.72,0.6928703988329018,1.1090091166207086,1.1698661968184902,1.2115498035686894
573,burn-in,574,2.4681726079434156,0.72,0.7921775036916476,1.5761374888248556,0.9002501981241776,1.3518718467593243
574,burn-in,575,2.46919234842062,0.7,0.7463339675899541,1.5761374888248556,0.9002501981241776,1.3518718467593243
575,burn-in,576,2.48932689614594,0.72,0.8016260755729515,1.2519039200759765,1.3807774616914446,3.0319967207673453
576,burn-in,577,2.433859057724476,0.72,1.0209605464266696,1.2427584851068105,1.2239376519811487,1.9061302790552095
577,burn-in,578,2.4505276940762997,0.7,0.5737606547450921,1.2427584851068105,1.2239376519811487,1.9061302790552095
578,burn-in,579,2.4385455595329404,0.7,0.7306617328451709,1.3071477547952841,0.7533666070029735,0.7464684055082618
579,burn-in,580,2.454061694443226,0.72,0.9300969848063014,0.6278433993941165,0.8333967260816784,0.7422122967177314
580,burn-in,581,2.5049971574917436,0.74,1.1834966524850843,0.6990972683110165,0.8045263180178296,1.2775307089195893
581,burn-in,582,2.453760728240013,0.74,0.6663056276567565,0.6990972683110165,0.8045263180178296,1.2775307089195893
582,burn-in,583,2.4566828310489655,0.74,0.8477377201813158,0.5986469242826075,1.611793694337608,0.5944307790937744
583,burn-in,584,2.4734050473198295,0.72,0.5490216681880901,0.5986469242826075,1.611793694337608,0.5944307790937744
584,burn-in,585,2.442892196588218,0.72,0.6707039844048207,1.764322621746842,1.1009450145536261,0.4958347930782241
585,burn-in,586,2.448199718259275,0.72,0.8528275785300927,0.7146010678456977,0.6917448361038453,0.5635934256220281
586,burn-in,587,2.449510207399726,0.72,0.9082958360097473,0.7518467378388679,0.7108315925283734,0.26904265637139063
587,burn-in,588,2.4474580474197865,0.72,1.1541977452035053,0.8118584318365392,0.8131505996718391,0.6150170786209795
588,burn-in,589,2.473375684581697,0.72,0.6520225647472173,0.8118584318365392,0.8131505996718391,0.6150170786209795
589,burn-in,590,2.454084693454206,0.74,0.7244340832253455,1.1261064525064186,1.3964548043328873,0.7511691784662109
590,burn-in,591,2.44967598374933,0.74,0.9201962722982037,0.8439554740922316,0.6442850831467569,0.7236515205932961
591,burn-in,592,2.4468529475852847,0.74,1.0961245867438638,0.9449276193375561,0.7238591380850713,0.8041609281725485
592,burn-in,593,2.4844435453414917,0.72,0.6204528816253092,0.9449276193375561,0.7238591380850713,0.8041609281725485
593,burn-in,594,2.4776351181790233,0.72,0.6976978520604553,1.4215861857952465,1.827992911143279,0.5971165715932134
594,burn-in,595,2.444294790737331,0.72,0.792540356277037,0.6389465170334483,1.8820763290153868,0.9383558059753758
595,burn-in,596,2.4537949450314045,0.74,1.0056694289243853,0.6674957623557499,2.1403489580333726,1.0753204695767113
596,burn-in,597,2.451088674366474,0.72,0.5709427242279688,0.6674957623557499,2.1403489580333726,1.0753204695767113
597,burn-in,598,2.4202003851532936,0.72,0.7243970947819338,0.8853137800045576,0.8595741351554204,0.24043357400315993
598,burn-in,599,2.4606495732441545,0.74,0.9025662874041575,0.7438673172364886,0.8017171234942563,0.23830475494608305
599,burn-in,600,2.4480423871427774,0.74,1.1442960307447352,0.8330992098900403,0.7899154120649826,0.6379619393541206
600,burn-in,601,2.4863932048901916,0.72,0.6500203545644223,0.8330992098900403,0.7899154120649826,0.6379619393541206
601,burn-in,602,2.4381589824333787,0.74,0.8240197347852037,1.0306425701577646,0.7738846631932436,0.33193117541945294
602,burn-in,603,2.4657444451004267,0.74,1.044201023583895,1.0507697989665414,0.780489491711216,0.4824124499014473
603,burn-in,604,2.456231277436018,0.72,0.5940175936322502,1.0507697989665414,0.780489491711216,0.4824124499014473
604,burn-in,605,2.453620618209243,0.72,0.65700992436728,0.569328225617488,1.7747831105368146,0.5111321015930317
605,burn-in,606,2.4729231353849173,0.74,0.7213621594163802,0.6462618326543318,1.5158870082224642,0.9172626548676771
606,burn-in,607,2.5049380864948034,0.74,0.9135291640978447,0.9665692558064864,0.6868406944332661,0.8054540242007547
607,burn-in,608,2.4957816675305367,0.74,0.8689554077527535,1.0710610363566377,0.4066143980314362,0.29770279870630995
608,burn-in,609,2.478028084151447,0.76,1.001177721706607,0.7715976702883375,0.8364236646317499,0.18949401294596185
609,burn-in,610,2.488622708246112,0.74,0.5967667679050928,0.7715976702883375,0.8364236646317499,0.18949401294596185
610,burn-in,611,2.4545983485877514,0.72,0.4813839534737358,0.7715976702883375,0.8364236646317499,0.18949401294596185
611,burn-in,612,2.4562949975952506,0.72,0.6092550607050853,0.8838504734871111,1.210286641451159,0.9973376834803461
612,burn-in,613,2.475573838688433,0.72,0.7534833768305339,0.5579790388174403,1.062474472893,0.9697092545456057
613,burn-in,614,2.445994548499584,0.72,0.9447191047728122,0.5435581571805223,0.8800251890492613,0.9818893140019693
614,burn-in,615,2.4620339991524816,0.72,0.626618193248532,0.5435581571805223,0.8800251890492613,0.9818893140019693
615,burn-in,616,2.431372072547674,0.72,0.7669142536793963,0.9343572549190163,1.3906621842559463,0.8188005991108535
616,burn-in,617,2.436734199523926,0.7,0.7162789645433861,0.9343572549190163,1.3906621842559463,0.8188005991108535
617,burn-in,618,2.4738078406080604,0.72,0.821948084773946,0.8361089665925621,2.1380016303084988,0.8371022119095491
618,burn-in,619,2.4568467931821942,0.72,1.038522184773845,0.8082413119155943,1.3326507742074991,0.9703224197602178
619,burn-in,620,2.428415220230818,0.7,0.59502197399206,0.8082413119155943,1.3326507742074991,0.9703224197602178
620,burn-in,621,2.4568688552826643,0.7,0.6943502065829682,0.8082413119155943,1.3326507742074991,0.9703224197602178
621,burn-in,622,2.4580053742974997,0.7,0.7821712173002038,0.5815218932698583,1.4518451986358907,1.099739094457089
622,burn-in,623,2.4655228219926357,0.7,0.9875938075388613,0.753994137079319,0.9158237727836209,1.173455020399115
623,burn-in,624,2.4312942000105977,0.68,0.5671726447498596,0.753994137079319,0.9158237727836209,1.173455020399115
624,burn-in,625,2.4319708310067654,0.7,0.716053078359649,1.30460863702495,1.0264638571411862,0.6881490388610279
625,burn-in,626,2.4179228441789746,0.7,0.6221432351908194,0.26865469839482625,1.467851809485744,0.5976994997152094
626,burn-in,627,2.428839282132685,0.7,0.6151586481836535,3.55556781072749,0.7604621175697943,0.44428619558354715
627,burn-in,628,2.4346981225535274,0.72,0.7399014244039716,0.22655741973730567,0.9369240607187431,0.5578545084642609
628,burn-in,629,2.454734398983419,0.7,0.4357612071960819,0.22655741973730567,0.9369240607187431,0.5578545084642609
629,burn-in,630,2.454590934328735,0.7,0.45489043371141197,3.073872983125023,1.0075012206565763,0.8196599979249248
630,burn-in,631,2.442528810352087,0.7,0.5737850407090788,2.982052588997582,1.0993610066236774,0.24428013444738114
631,burn-in,632,2.424746627919376,0.72,0.6188834815731827,0.23509186798586582,1.7321905846140384,0.7294474736777846
632,burn-in,633,2.4117384711280465,0.72,0.7801828868089403,2.7828090305007294,1.2837496160308233,0.755536149855866
633,burn-in,634,2.439913719892502,0.74,0.9831758653803954,1.7576167581148088,1.5276342035469619,0.7364988769639188
634,burn-in,635,2.4258735086768866,0.72,0.584171158043722,1.7576167581148088,1.5276342035469619,0.7364988769639188
635,burn-in,636,2.4444961342960596,0.72,0.7360710251344228,0.41237414449076265,0.7407145432867336,0.4328606898994088
636,burn-in,637,2.435727035626769,0.72,0.9271448462527822,0.5299712134528483,0.6130178542815071,0.4495664448648113
637,burn-in,638,2.4526320844888687,0.72,1.1249867324356952,0.5938326502893271,0.5346849799977585,0.5184855020493575
638,burn-in,639,2.452773087657988,0.72,0.6498100082764852,0.5938326502893271,0.5346849799977585,0.5184855020493575
639,burn-in,640,2.4491836708039045,0.72,0.7021049007304254,1.5204739147059767,1.1258008231009295,0.8268011331310493
640,burn-in,641,2.441838919185102,0.72,0.8837839346782285,0.43488070202943413,1.3846440531256468,0.8929728857706352
641,burn-in,642,2.468012684956193,0.7,0.6009623713890501,0.43488070202943413,1.3846440531256468,0.8929728857706352
642,burn-in,643,2.460740849375725,0.72,0.756299190636427,1.1939505216930282,0.6204925407216859,0.5217602246261303
643,burn-in,644,2.457156302407384,0.72,0.5737216696212629,0.23575277018264304,0.5163261619018894,0.6144445352639132
644,burn-in,645,2.4749736357480288,0.72,0.7217961856044824,2.6725082344602473,1.3578712190457862,0.32488442837397413
645,burn-in,646,2.458195253275335,0.72,0.9077770482766562,0.3403818744212902,0.677857018235017,0.3545577908117381
646,burn-in,647,2.46696300804615,0.72,0.6928253431588791,0.3403818744212902,0.677857018235017,0.3545577908117381
647,burn-in,648,2.4714206075295806,0.72,0.871073278187894,1.2342503547827148,1.322406709159964,0.2986850907032404
648,burn-in,649,2.462329115718603,0.72,1.094808178502989,1.2072375536094606,1.1035524649709516,0.5344575558231394
649,burn-in,650,2.4775159992277622,0.7,0.87853461662919,1.2072375536094606,1.1035524649709516,0.5344575558231394
650,burn-in,651,2.4983722157776356,0.72,1.0783641233203312,1.2650320223083815,1.1089380061504048,0.5469878427251578
651,burn-in,652,2.493982423096895,0.7,0.6301258176975267,1.2650320223083815,1.1089380061504048,0.5469878427251578
652,burn-in,653,2.473361210897565,0.7,0.7517112306409269,1.750785655596409,0.9341267919088615,0.5148032889530003
653,burn-in,654,2.4520648485049605,0.72,0.9252344142459269,1.9428860628524605,0.8360291834896558,0.5589744061345572
654,burn-in,655,2.451359917409718,0.72,0.8853305939351411,1.7430823670583835,0.8797559672607657,0.22389078180414823
655,burn-in,656,2.4618129208683968,0.72,0.5735239703100835,1.4682716379035843,0.8981423957975635,0.9996372336954983
656,burn-in,657,2.4387089973315597,0.72,0.7200943586504401,1.3972305507106693,0.7518858386707432,0.5327365081462088
657,burn-in,658,2.469914309680462,0.72,0.8180942687766237,0.6467350947103254,1.9770046382259472,0.5336543304685218
658,burn-in,659,2.4764374252408743,0.72,0.994175698773292,0.5934818823273149,1.7701415799257372,0.4658657078920969
659,burn-in,660,2.431911482475698,0.72,0.5794196558887956,0.5934818823273149,1.7701415799257372,0.4658657078920969
660,burn-in,661,2.4763399604707956,0.74,0.7270110889929489,1.175658196869845,0.940322321964657,0.4276621497415778
661,burn-in,662,2.4939000057056546,0.74,0.9118959946322822,0.8555473351772346,1.1245050989292271,0.4286090813514556
662,burn-in,663,2.4914413560181856,0.74,1.0404816286179932,0.8856084522904587,1.2211398478980007,0.6364788492186939
663,burn-in,664,2.478373779915273,0.74,1.3043164553747897,0.5903523471820656,1.4734641653379377,0.433234836503152
664,burn-in,665,2.496791122481227,0.74,0.7616271156863125,0.5903523471820656,1.4734641653379377,0.433234836503152
665,burn-in,666,2.4643369438126683,0.74,0.9427330920811235,0.951168173925298,1.522004778897654,0.3980537280609505
666,burn-in,667,2.4525242391973734,0.74,0.573945460251817,0.951168173925298,1.522004778897654,0.3980537280609505
667,burn-in,668,2.460273872129619,0.74,0.6392790600443891,1.3172453848065269,0.5431441455957112,0.9421804396498502
668,burn-in,669,2.4360651057213545,0.74,0.7518817021069703,0.35817424723618224,1.153792747010147,1.136030108459995
669,burn-in,670,2.404695775359869,0.76,0.755212714216183,1.9651253326498204,1.0622703784308791,1.1360504047228719
670,burn-in,671,2.454660822637379,0.78,0.9448075557129744,2.2005230664508053,1.2177210373419904,1.1398015285377492
671,burn-in,672,2.4962791008874774,0.78,0.6415851396537818,3.446379871421987,1.0276286846938254,0.4394425990391929
672,burn-in,673,2.4795294869691133,0.78,0.5328325215997576,0.17780975590280418,1.2258815706772601,0.802505796110208
673,burn-in,674,2.465373874641955,0.8,0.6533172291924086,5.058483803778133,0.965989677979222,0.8390567549782395
674,burn-in,675,2.4779114285483956,0.8,0.4894514720988972,0.11174873792184734,0.627261214844613,0.5119861606348166
675,burn-in,676,2.473780257627368,0.8,0.6127124455071363,4.7804012292549105,1.3560178008832737,0.30638214108691986
676,burn-in,677,2.474151002243161,0.8,0.5470669653005673,0.1483452321104124,1.2239868988537093,0.22084012381353377
677,burn-in,678,2.4328240789473057,0.8,0.6845652966135448,4.475619956020331,1.1044950202125805,0.664622322277752
678,burn-in,679,2.4345407290384173,0.82,0.8213383341826446,2.9729171875433447,1.380413469863495,0.6645865119630838
679,burn-in,680,2.4578378964215517,0.82,0.7646753860282212,2.9667698682332113,1.1272709695648464,0.6687904226110652
680,burn-in,681,2.438330452889204,0.82,0.9561850183402109,0.6050913619934747,0.9427032226998203,0.49604335189918786
681,burn-in,682,2.451048099435866,0.8,0.5670001816546842,0.6050913619934747,0.9427032226998203,0.49604335189918786
682,burn-in,683,2.4725840548053384,0.8,0.7089313750699795,0.9467494526342167,0.757310326365218,0.30046322701931416
683,burn-in,684,2.431804700754583,0.8,0.6626329263826227,0.32717911557744495,1.310629680667969,0.44749237621770105
684,burn-in,685,2.426678660325706,0.82,0.6935575024689773,1.7882383893426654,0.8116606508155035,0.6692459404142935
685,burn-in,686,2.454860848374665,0.82,0.7563699322971131,1.0620458666434125,2.327607572183713,0.6408516993298202
686,burn-in,687,2.432629602961242,0.82,0.9449210876750821,0.8370424254935163,1.0174108400356223,0.6661043369774371
687,burn-in,688,2.4319992512464523,0.82,0.8969180279080555,1.2339852899303922,0.8493298498057589,0.2716860635471795
688,burn-in,689,2.447678848169744,0.84,0.7022347933993005,1.2723891969531351,0.3433987875995743,0.5429021792972367
689,burn-in,690,2.4653017316013575,0.84,0.8769297357106662,1.5236424819181946,1.5718785746052142,0.41608604178651626
690,burn-in,691,2.463203969411552,0.84,0.9338221773529687,1.573697442930229,1.5774126424221786,0.6916263124613872
691,burn-in,692,2.4900722736492753,0.84,0.7060322355569897,1.573697442930229,1.5774126424221786,0.6916263124613872
692,burn-in,693,2.516024154610932,0.84,0.7786732471541943,0.7211576444660156,0.30926989770274815,0.643456866941314
693,burn-in,694,2.480395333841443,0.82,0.5116989776122972,0.7211576444660156,0.30926989770274815,0.643456866941314
694,burn-in,695,2.437742404639721,0.82,0.6349616871377276,1.0226888355134345,2.7369727284356116,0.25862472107602413
695,burn-in,696,2.4629176519811153,0.82,0.7922477358188635,0.444220086963439,0.5387081271179623,0.820335041896363
696,burn-in,697,2.4415066353976727,0.84,0.9881919856437804,0.4483863920383859,0.5564763216177154,0.7196107705636386
697,burn-in,698,2.4346380354836583,0.82,0.8918870034241507,0.4483863920383859,0.5564763216177154,0.7196107705636386
698,burn-in,699,2.4472599076107144,0.82,1.1120458380197287,0.4716726740060201,0.8417986561463663,0.47049160694021464
699,burn-in,700,2.429458058439195,0.82,0.6578573512955164,0.4716726740060201,0.8417986561463663,0.47049160694021464
700,burn-in,701,2.4389419313520193,0.8,0.5897047689764728,0.4716726740060201,0.8417986561463663,0.47049160694021464
701,burn-in,702,2.453155416995287,0.82,0.6291003305244454,1.236797774948617,0.7666064811018293,1.071188965424269
702,burn-in,703,2.4648777106776834,0.82,0.7841082727510927,0.9926175738478309,1.824984643462329,0.5762998167917781
703,burn-in,704,2.423699057660997,0.82,0.968710256483972,1.2556008624423425,1.5380761978323538,0.5214453440038214
704,burn-in,705,2.4261997286230326,0.82,1.2066754314063082,0.9388379199105314,1.288957687362282,0.45812904347259986
705,burn-in,706,2.449492364190519,0.8,0.7153596482964568,0.9388379199105314,1.288957687362282,0.45812904347259986
706,burn-in,707,2.448898552916944,0.8,0.8251394137136309,0.7851542968340326,1.7312903934768544,0.5337370074848203
707,burn-in,708,2.472924306988716,0.78,0.6818584685012677,0.7851542968340326,1.7312903934768544,0.5337370074848203
708,burn-in,709,2.460133801214397,0.78,0.8490576432599958,1.15335170168358,1.102154488528437,0.47848194338645456
709,burn-in,710,2.4499461371451616,0.8,0.8798916518598404,0.7451546882804954,1.0906222146305184,0.9590063174849187
710,burn-in,711,2.454520635306835,0.78,0.711417027763661,0.7451546882804954,1.0906222146305184,0.9590063174849187
711,burn-in,712,2.470340025611222,0.76,0.6508034370120637,0.7451546882804954,1.0906222146305184,0.9590063174849187
712,burn-in,713,2.4503366062417626,0.76,0.8099344707667683,0.8917943948257613,1.1322116934782667,0.8813808129249832
713,burn-in,714,2.4470245093107224,0.76,1.0076770046874746,0.5924579724424882,1.2224611600247255,0.8064938370978108
714,burn-in,715,2.50798227917403,0.76,0.5995886430909732,0.5924579724424882,1.2224611600247255,0.8064938370978108
715,burn-in,716,2.446429285220802,0.76,0.7459099569951217,1.007379231137746,0.6342230574759299,0.5511449709117955
716,burn-in,717,2.501600906252861,0.78,0.8993497616951514,1.2655480221695992,0.637128335731226,0.510382063437389
717,burn-in,718,2.4403664944693446,0.78,1.1008355790862345,1.269422367817817,0.6174141270485721,0.4797060151481919
718,burn-in,719,2.4690720243379474,0.78,1.3119410780049874,0.47952157905509285,1.1992274340540838,0.38200668224565004
719,burn-in,720,2.4197374610230327,0.76,0.7816181084474334,0.47952157905509285,1.1992274340540838,0.38200668224565004
720,burn-in,721,2.4382001543417573,0.76,0.6567483188600424,1.1641812684945132,0.3424884535832428,0.5115563734545618
721,burn-in,722,2.4386087330058217,0.76,0.8162555477757292,0.4769578701899321,1.8422655652993303,0.3406150730919812
722,burn-in,723,2.4550354555249214,0.76,1.0142080699967162,0.6353890666378038,0.8901197939403374,0.35245399590608134
723,burn-in,724,2.4224977884441614,0.74,0.6100182279443952,0.6353890666378038,0.8901197939403374,0.35245399590608134
724,burn-in,725,2.410629569552839,0.74,0.5738618338117699,0.8935657325830854,2.914706094803017,0.3837589622873304
725,burn-in,726,2.4413448171690106,0.74,0.7128918721243661,0.9510743255899573,0.5603502158626988,0.3178991006309056
726,burn-in,727,2.516813197173178,0.74,0.7430147372966923,0.5662392397926184,0.7992064044680287,0.7234208838895793
727,burn-in,728,2.4500935561954975,0.74,0.8512653955182204,0.5969988605504416,1.463096631133708,0.71810162901296
728,burn-in,729,2.4407382663339376,0.74,1.0567701437759502,0.6224310894569562,1.0283374285177096,0.2451070088064775
729,burn-in,730,2.44865704420954,0.72,1.1313465614854574,0.6224310894569562,1.0283374285177096,0.2451070088064775
730,burn-in,731,2.4605028219521046,0.7,0.676677716113893,0.6224310894569562,1.0283374285177096,0.2451070088064775
731,burn-in,732,2.446380621753633,0.72,0.651501065579279,1.0806916139312186,1.5024395454869381,0.19223325312861436
732,burn-in,733,2.447001898661256,0.72,0.8084655896788223,1.119248055704063,0.5556282740586472,0.3473907214256713
733,burn-in,734,2.469133541919291,0.72,0.6038312588336411,1.1096127842586014,2.4771976634571975,0.3084248489695283
734,burn-in,735,2.4606800824403763,0.72,0.7491369933401703,0.7920858666746355,0.3261348672782771,0.5760930245815082
735,burn-in,736,2.4338313629850745,0.72,0.9291456741869557,0.7059098931849157,1.29342862565611,0.6089151960791653
736,burn-in,737,2.4446352487429976,0.72,1.1520826958412167,0.8613199586238697,1.154174539969972,0.5245844051093062
737,burn-in,738,2.454462105408311,0.7,0.7157378502989203,0.8613199586238697,1.154174539969972,0.5245844051093062
738,burn-in,739,2.4971116902306676,0.7,0.835629183316185,0.9216296320892367,1.578133749569621,0.5192736226056931
739,burn-in,740,2.4411463970318437,0.7,1.0357664893007632,0.9173202233513514,0.7876545794728305,0.21137108552467002
740,burn-in,741,2.448472716845572,0.68,0.6248202000604532,0.9173202233513514,0.7876545794728305,0.21137108552467002
741,burn-in,742,2.4634832898154855,0.7,0.6194316466814619,0.9391479178070987,0.7135629810835097,1.2399099752543055
742,burn-in,743,2.466666329652071,0.7,0.7676193185634517,0.9984137271316524,1.0629424233722267,1.1839544055100548
743,burn-in,744,2.4706418700516224,0.7,0.9071629389056457,0.9984137271316524,1.0629424233722267,1.1839544055100548
744,burn-in,745,2.469829405657947,0.7,1.1235935631050977,0.8723277503523006,0.9707259457895799,0.6240455841167493
745,burn-in,746,2.4570368053391576,0.7,0.7243469025502247,2.0700219848426635,2.029579330707241,0.5432289060121425
746,burn-in,747,2.4938281858339906,0.7,0.8970460567543322,2.111556617169816,1.0937838573483922,0.5449376469563593
747,burn-in,748,2.4735950576141477,0.72,0.7497033310621464,2.2408302832078792,1.0570996275141364,1.0359243545288543
748,burn-in,749,2.4714322285726666,0.72,0.9281723638555506,1.8351561632526854,0.6161518752309232,1.0394697477103076
749,burn-in,750,2.4779557529836893,0.72,0.8437076097444995,1.8351561632526854,0.6161518752309232,1.0394697477103076
750,burn-in,751,2.4907382614910603,0.74,1.0441890842444337,1.8324752978044099,0.6047800604372507,0.795480180379296
751,burn-in,752,2.507079629227519,0.72,0.6290284285740158,1.8324752978044099,0.6047800604372507,0.795480180379296
752,burn-in,753,2.4851877195760608,0.72,0.778433900620644,0.758456930221291,1.5021784338289954,0.9140109161024446
753,burn-in,754,2.446625509299338,0.72,0.9281056726391467,0.625928078514183,1.2629958022113696,1.0396795270026706
754,burn-in,755,2.419048063457012,0.7,0.5820446329483989,0.625928078514183,1.2629958022113696,1.0396795270026706
755,burn-in,756,2.4728407338261604,0.72,0.7200335159979214,0.9023460003788645,0.7961854880459884,0.9319484775118297
756,burn-in,757,2.464753587730229,0.7,0.5944685346571436,0.9023460003788645,0.7961854880459884,0.9319484775118297
757,burn-in,758,2.454104131087661,0.7,0.5522969105865924,0.9023460003788645,0.7961854880459884,0.9319484775118297
758,burn-in,759,2.4590454110875726,0.7,0.6829797439305068,1.1237886985901082,0.9335388655692362,0.5123613484977384
759,burn-in,760,2.4388788351789117,0.7,0.7519351427134532,0.9779622375382153,0.6426058143496226,0.7236804204381819
760,burn-in,761,2.4422542983666062,0.72,0.8459012339885793,1.0943869780565387,0.51934642851459,0.6740355834232483
761,burn-in,762,2.470126993022859,0.72,0.8021930204909969,1.0943869780565387,0.51934642851459,0.6740355834232483
762,burn-in,763,2.4567560171708465,0.72,0.8940286739076073,1.0146491523093557,0.5049289072862858,0.8666814283641389
763,burn-in,764,2.430678140372038,0.72,1.1044913680348885,1.1462787885978676,0.4816667609131099,0.3880284416286764
764,burn-in,765,2.4505442464724183,0.72,0.6681441343100059,1.1462787885978676,0.4816667609131099,0.3880284416286764
765,burn-in,766,2.4531621104106307,0.72,0.6937517336633504,1.9490756517724706,1.2144713562234517,0.24829021674331325
766,burn-in,767,2.5054079741239548,0.72,0.8568646158848343,1.1191377172343613,1.0764285279533405,0.22001551915789547
767,burn-in,768,2.434977589175105,0.7,0.5632912666359591,1.1191377172343613,1.0764285279533405,0.22001551915789547
768,burn-in,769,2.439239195547998,0.7,0.6956386284181234,1.081718763581265,1.2218844181320303,0.5603716958961676
769,burn-in,770,2.4831144819036126,0.72,0.7902673189703051,0.4377508844326199,0.9168834135412405,0.5833309881587257
770,burn-in,771,2.464459895156324,0.72,0.7958303410380679,0.3722687554698583,1.0024203671689975,0.6861326597349899
771,burn-in,772,2.461399001069367,0.72,0.9822110705002989,0.5309184289688091,1.0348007917037276,0.6849115815692601
772,burn-in,773,2.4997102497145534,0.72,1.2119220187643092,0.8390304649347925,1.3284685361335022,0.33513365405103757
773,burn-in,774,2.498540870845318,0.72,0.735198753137856,0.8390304649347925,1.3284685361335022,0.33513365405103757
774,burn-in,775,2.493869736790657,0.72,0.9062037929118817,0.5470824982886074,0.9898812329387868,0.39976641210983743
775,burn-in,776,2.428774823434651,0.7,0.6510312376570095,0.5470824982886074,0.9898812329387868,0.39976641210983743
776,burn-in,777,2.4568605702370405,0.7,0.8030778075625107,1.4167804569966385,0.6849472569047903,0.40581353628306915
777,burn-in,778,2.4746471028774977,0.7,0.9903755397396973,0.6025577226635026,0.8284404150487416,0.36974136272226477
778,burn-in,779,2.4667541896924376,0.68,0.7451908537245564,0.6025577226635026,0.8284404150487416,0.36974136272226477
779,burn-in,780,2.450056009925902,0.7,0.9187931657385348,0.7858939883701607,0.6276297074756905,0.392375754502796
780,burn-in,781,2.4885345613583922,0.7,0.5767821556500086,0.7858939883701607,0.6276297074756905,0.392375754502796
781,burn-in,782,2.4936580695211887,0.7,0.5754032918439653,0.7310549886904424,1.0803126394701694,1.1965786686143045
782,burn-in,783,2.474778715521097,0.7,0.7092913903685739,0.7212026630473586,1.4558320889288898,0.4883572283441264
783,burn-in,784,2.4840081576257944,0.7,0.6953354611407881,0.5429935365771724,0.37287979121406123,0.4729743837469782
784,burn-in,785,2.452998840250075,0.7,0.6542270079849134,0.8644743582020629,3.3564549866796365,0.5504221269985614
785,burn-in,786,2.466177336871624,0.7,0.8060817348333279,1.0339402287487636,0.5740423321527209,0.44085970376474526
786,burn-in,787,2.473355914466083,0.7,0.9929286916566513,0.6143659150430341,0.7086586576489504,0.5728627500837429
787,burn-in,788,2.4372250409796834,0.7,0.9787290275647694,0.6143659150430341,0.7086586576489504,0.5728627500837429
788,burn-in,789,2.4699972346425056,0.7,1.011380256031569,0.9243163874644018,0.5287000407199058,0.4200961054614894
789,burn-in,790,2.472686701454222,0.68,0.6199041870276298,0.9243163874644018,0.5287000407199058,0.4200961054614894
790,burn-in,791,2.458130434155464,0.68,0.7328668832352103,0.9243163874644018,0.5287000407199058,0.4200961054614894
791,burn-in,792,2.4456547359004617,0.68,0.7007962460835738,0.7251412004180278,2.1993305422191916,0.4107211324630406
792,burn-in,793,2.4476881539449096,0.68,0.8626564514300565,0.7358000049633848,1.930255713716075,0.41971251751695976
793,burn-in,794,2.4606659822165966,0.7,1.0616315395561267,0.7205415505260565,1.9309369112734112,0.47116085174855443
794,burn-in,795,2.5185517705976963,0.7,0.7277099380991545,1.6515380732615828,1.8427758882924352,0.5829591317539374
795,burn-in,796,2.5051425034180284,0.7,0.8954275959810035,0.8724787709117823,1.5835106001521089,0.5862412017838994
796,burn-in,797,2.4413811657577753,0.7,0.8414473652822153,0.7121741728451833,1.9491406796398114,0.7778447272149482
797,burn-in,798,2.4274181174114347,0.7,1.0350273379241746,0.7102633402792085,1.9708263377910842,0.3177524231916231
798,burn-in,799,2.5257494430989027,0.68,0.6349223609021264,0.7102633402792085,1.9708263377910842,0.3177524231916231
799,burn-in,800,2.4750882601365447,0.7,0.776061616726161,0.8648975117235064,1.191151727188874,0.39760960611788104
800,burn-in,801,2.4345040647313,0.7,0.776061616726161,0.6834816915378539,1.0491018024539933,0.3820311221605307
801,burn-in,802,2.460991638712585,0.72,0.776061616726161,2.6141666339188365,0.6308999757545232,0.4360180534958032
802,burn-in,803,2.4420113107189536,0.7,0.776061616726161,2.6141666339188365,0.6308999757545232,0.4360180534958032
803,burn-in,804,2.471727279946208,0.68,0.776061616726161,2.6141666339188365,0.6308999757545232,0.4360180534958032
804,burn-in,805,2.4661539494991302,0.7,0.776061616726161,1.6214901166575495,0.4818356236589516,0.5494251515188687
805,burn-in,806,2.4450901485979557,0.7,0.776061616726161,1.8845470215055098,2.648658199804832,0.6780309850713349
806,burn-in,807,2.4302818281576037,0.72,0.776061616726161,0.7860118000447496,1.6689058124203238,0.7731562264847788
807,burn-in,808,2.4429809721186757,0.74,0.776061616726161,1.0648522244835483,1.5283852235897848,0.8524477276009298
808,burn-in,809,2.403395655564964,0.74,0.776061616726161,0.7668142839113653,1.4965209901877146,0.12075643169504743
809,burn-in,810,2.427453369833529,0.74,0.776061616726161,0.6898556388211158,1.4394706308011027,0.12037814398134385
810,burn-in,811,2.4191345535218716,0.74,0.776061616726161,1.0154060385539343,1.346906027649979,0.12625159687301094
811,burn-in,812,2.4495584070682526,0.76,0.776061616726161,1.046814939830457,1.3913560346842866,0.10922061484728574
812,burn-in,813,2.4438459957018495,0.76,0.776061616726161,0.7838386075671728,1.3211597168356013,0.5907044877343298
813,burn-in,814,2.452728858217597,0.76,0.776061616726161,0.7054118179240506,0.7524425121608761,0.575680516902221
814,burn-in,815,2.4234984824433923,0.78,0.776061616726161,1.0240722340279778,1.2965477842709496,0.5881422900904915
815,burn-in,816,2.4515346037223935,0.78,0.776061616726161,0.8741681182030178,0.6154362501005846,0.6420017734544138
816,burn-in,817,2.4139669379219413,0.78,0.776061616726161,1.7717535617080742,0.4848308617138719,0.5797634802339547
817,burn-in,818,2.4252318115904927,0.8,0.776061616726161,1.9394616618710776,0.6273163544848932,0.5102416169391336
818,burn-in,819,2.4103365065529943,0.8,0.776061616726161,1.1897272503730827,0.40964648346261223,0.5972122529268763
819,burn-in,820,2.4355639927089214,0.8,0.776061616726161,1.2769067015972544,1.0139682830007168,0.6049513388458857
820,burn-in,821,2.442178067751229,0.8,0.776061616726161,1.269392990834916,0.7923521627612786,0.6198965668252832
821,burn-in,822,2.433422007597983,0.8,0.776061616726161,0.35599419458949816,1.035759939473909,0.5007836058260935
822,burn-in,823,2.453763793222606,0.8,0.776061616726161,0.5391180893222846,0.47290956625662395,0.47677536719906366
823,burn-in,824,2.462603717111051,0.8,0.776061616726161,0.5391180893222846,0.47290956625662395,0.47677536719906366
824,burn-in,825,2.4630052391439676,0.8,0.776061616726161,0.6633365305909067,0.6825153158672723,0.5374063386721045
825,burn-in,826,2.5014496194198728,0.82,0.776061616726161,0.3870277873147053,0.7334525204410043,0.6709976721638401
826,burn-in,827,2.487741637043655,0.82,0.776061616726161,0.5098715772798683,0.8716139169313257,0.7110620218894355
827,burn-in,828,2.468340700492263,0.82,0.776061616726161,0.5774369508681765,0.8429490005710717,0.6035306357563884
828,burn-in,829,2.4459467688575387,0.82,0.776061616726161,0.5774369508681765,0.8429490005710717,0.6035306357563884
829,burn-in,830,2.468239630572498,0.82,0.776061616726161,0.684205428561265,1.6911950401058073,0.6077305809336646
830,burn-in,831,2.450853235088289,0.84,0.776061616726161,1.0291221098123413,0.6568107176861594,0.47374105138797695
831,burn-in,832,2.459292747080326,0.84,0.776061616726161,1.044606964320962,1.021459243850106,0.6081923047265398
832,burn-in,833,2.4895214876160026,0.84,0.776061616726161,0.9634907610848572,1.1300691528890883,0.7360152304087237
833,burn-in,834,2.4486565673723817,0.84,0.776061616726161,0.9201032277434487,1.3478777300190057,0.6123214977015748
834,burn-in,835,2.476702317595482,0.84,0.776061616726161,0.4187570071538447,2.4985976867990685,0.7261473887835231
835,burn-in,836,2.45762409362942,0.84,0.776061616726161,0.8879302103971385,0.9878040419471383,0.7510172936936025
836,burn-in,837,2.4525607395917177,0.82,0.776061616726161,0.8879302103971385,0.9878040419471383,0.7510172936936025
837,burn-in,838,2.441380899399519,0.84,0.776061616726161,0.6037308164872587,1.3932752881977966,0.7785643038064745
838,burn-in,839,2.4427745388820767,0.84,0.776061616726161,0.7599573778105883,1.5546924123815382,0.8355176553996632
839,burn-in,840,2.458315054886043,0.86,0.776061616726161,0.8929525308438712,1.2041912120401472,0.814616292984661
840,burn-in,841,2.4707700153812766,0.88,0.776061616726161,0.7963529487525575,1.6122074693781625,0.8794660409576174
841,burn-in,842,2.5241207713261247,0.88,0.776061616726161,0.8298351513669074,1.8982939920673036,0.793644228106397
842,burn-in,843,2.4914753260090947,0.88,0.776061616726161,1.123550001060352,2.628341543216453,0.9028602745772212
843,burn-in,844,2.4555730558931828,0.88,0.776061616726161,1.0011105990747253,0.7725449157444931,0.9196388301713379
844,burn-in,845,2.4856925634667277,0.88,0.776061616726161,0.5838318776450858,0.3507489094725331,0.9571494585611839
845,burn-in,846,2.4796036751940846,0.86,0.776061616726161,0.5838318776450858,0.3507489094725331,0.9571494585611839
846,burn-in,847,2.440541815944016,0.86,0.776061616726161,0.37947773917848676,0.7857762412501103,1.0129671484322649
847,burn-in,848,2.5004313960671425,0.84,0.776061616726161,0.37947773917848676,0.7857762412501103,1.0129671484322649
848,burn-in,849,2.439845153130591,0.86,0.776061616726161,0.4847427908076962,0.7978433584824195,1.0818134086287847
849,burn-in,850,2.4651184352114797,0.86,0.776061616726161,2.827215454866792,0.7160094397225281,1.0766463585497286
850,burn-in,851,2.4705196246504784,0.84,0.776061616726161,2.827215454866792,0.7160094397225281,1.0766463585497286
851,burn-in,852,2.475394545122981,0.84,0.776061616726161,1.2222474399343324,0.4309870533018781,1.0756322833244045
852,burn-in,853,2.5067942580208182,0.86,0.776061616726161,0.2560604931109257,1.428636431664869,1.0281481631803708
853,burn-in,854,2.475104528479278,0.88,0.776061616726161,1.0057786465759995,1.1650700964910776,1.0985538912398127
854,burn-in,855,2.4416549233719707,0.88,0.776061616726161,1.0938608429432986,3.544566786618927,1.1595085594405603
855,burn-in,856,2.460974235087633,0.88,0.776061616726161,0.8620503540509656,2.146939855432424,1.1506974067463864
856,burn-in,857,2.4850604413077235,0.88,0.776061616726161,1.1135714171742745,0.34347004624891136,1.1174952096041597
857,burn-in,858,2.4686427349224687,0.88,0.776061616726161,1.1845896541762353,2.3388250197839917,1.1734263524111863
858,burn-in,859,2.488861541263759,0.88,0.776061616726161,1.4613071019364994,1.274696129661243,1.1265145843363704
859,burn-in,860,2.453804224729538,0.88,0.776061616726161,1.2583823567219683,1.2776004064052424,1.1693711417048376
860,burn-in,861,2.4213892007246614,0.86,0.776061616726161,1.2583823567219683,1.2776004064052424,1.1693711417048376
861,burn-in,862,2.4589291689917445,0.86,0.776061616726161,1.5096143344264128,0.730963027448296,1.116168760260919
862,burn-in,863,2.5108091607689857,0.86,0.776061616726161,0.33319453822360723,0.46149339603013084,1.0635292894351063
863,burn-in,864,2.493976396508515,0.86,0.776061616726161,1.2801577150267878,0.5429279474222917,1.0821930928220451
864,burn-in,865,2.4798181829974055,0.86,0.776061616726161,1.375695054356799,0.5606359513046687,1.0333216015106708
865,burn-in,866,2.4655153304338455,0.84,0.776061616726161,1.375695054356799,0.5606359513046687,1.0333216015106708
866,burn-in,867,2.4498901506885886,0.84,0.776061616726161,1.425713590457987,1.686921209048134,0.970823448421954
867,burn-in,868,2.4915511021390557,0.84,0.776061616726161,1.558732768500634,1.49967558106215,0.9783534242686563
868,burn-in,869,2.4384867381304502,0.84,0.776061616726161,0.9692151169105708,1.378620431593927,0.9960116342031055
869,burn-in,870,2.4708262104541063,0.84,0.776061616726161,1.4445298091833325,2.986467656778777,1.0505958336005377
870,burn-in,871,2.5141828563064337,0.84,0.776061616726161,0.7766009165032659,1.2052195943154542,0.9703249333378275
871,burn-in,872,2.468509139493108,0.84,0.776061616726161,0.6387729065981019,1.21695644410002,1.0047514264219974
872,burn-in,873,2.4400196094065905,0.84,0.776061616726161,1.2983819439532753,1.47372766177453,1.0494990043265608
873,burn-in,874,2.4703467059880495,0.86,0.776061616726161,1.2796008856150711,1.6928768346874035,0.9740125937589594
874,burn-in,875,2.45123556163162,0.86,0.776061616726161,1.3296825959618086,1.2319395048221407,1.0409069797651807
875,burn-in,876,2.4684283901005983,0.86,0.776061616726161,1.0670034344134394,1.7204841284615198,1.0084400809124898
876,burn-in,877,2.4741600705310702,0.86,0.776061616726161,0.4755447700021815,2.0449590678166727,0.9270940014800737
877,burn-in,878,2.4618254583328962,0.86,0.776061616726161,0.5008537760808129,2.224650160207313,0.9686801547933392
878,burn-in,879,2.418032235465944,0.88,0.776061616726161,0.5140325732340422,1.620580703088339,1.0505886802255024
879,burn-in,880,2.484748068265617,0.88,0.776061616726161,0.44305985225892375,0.3124997253018053,0.9725411386619627
880,burn-in,881,2.4539487892761827,0.88,0.776061616726161,0.4205952455169468,1.003387153162458,0.9627572997906284
881,burn-in,882,2.446568285115063,0.88,0.776061616726161,1.6171121218836861,0.9233142916927162,0.9588736328903648
882,burn-in,883,2.4552734922617674,0.88,0.776061616726161,1.0814584657505688,0.4944236371367949,0.8704549492712723
883,burn-in,884,2.4583150828257203,0.86,0.776061616726161,1.0814584657505688,0.4944236371367949,0.8704549492712723
884,burn-in,885,2.461087795905769,0.86,0.776061616726161,1.0674855445224614,0.5860289522802478,0.8981320583406532
885,burn-in,886,2.4468547189608216,0.86,0.776061616726161,1.3575229450850776,0.5496940304292925,0.7941255111277605
886,burn-in,887,2.470557159744203,0.88,0.776061616726161,1.052552388249994,0.5345343890883546,0.8410714329861289
887,burn-in,888,2.4484630106016994,0.88,0.776061616726161,1.2623626917778394,0.6516015179797842,0.8294249238488073
888,burn-in,889,2.4457586156204343,0.88,0.776061616726161,0.2055922381769624,0.656841457338627,0.7873672066861284
889,burn-in,890,2.4517407845705748,0.88,0.776061616726161,1.772430557131294,0.9772767078429989,0.6754656486200714
890,burn-in,891,2.44725283049047,0.88,0.776061616726161,1.0007187808515234,1.1375317267556095,0.5388870623875625
891,burn-in,892,2.4422195442020893,0.88,0.776061616726161,0.8315050842907018,0.924845718359502,0.5420838092584616
892,burn-in,893,2.4831590689718723,0.86,0.776061616726161,0.8315050842907018,0.924845718359502,0.5420838092584616
893,burn-in,894,2.4337336141616106,0.86,0.776061616726161,0.5475200972280833,0.8802869340209105,0.6626787351958676
894,burn-in,895,2.4843592010438442,0.86,0.776061616726161,0.8851521827567134,0.647941505504889,0.5594819181963105
895,burn-in,896,2.4606147408485413,0.88,0.776061616726161,1.2468097365918667,0.7161364685276909,0.4780515860502739
896,burn-in,897,2.4282911950722337,0.88,0.776061616726161,1.1692955092481276,0.49746639647560154,0.5997235573291796
897,burn-in,898,2.4552710903808475,0.9,0.776061616726161,1.0770371134255154,0.8211144183893522,0.5381193712906187
898,burn-in,899,2.4217009926214814,0.9,0.776061616726161,1.2002251663763601,0.7685458482781473,0.410259763158157
899,burn-in,900,2.47382381465286,0.88,0.776061616726161,1.2002251663763601,0.7685458482781473,0.410259763158157
900,burn-in,901,2.450127076357603,0.9,0.776061616726161,1.5919211951389576,0.983824440537722,0.3868111309392467
901,burn-in,902,2.4962196350097656,0.9,0.776061616726161,1.4847062073717565,0.8457084223601624,0.35572032140940146
902,burn-in,903,2.448181306011975,0.9,0.776061616726161,1.275767167551611,0.566533866956953,0.3508387269563874
903,burn-in,904,2.468895928002894,0.9,0.776061616726161,1.1022124548668468,1.5103243823522998,0.3268793684916994
904,burn-in,905,2.471578729338944,0.88,0.776061616726161,1.1022124548668468,1.5103243823522998,0.3268793684916994
905,burn-in,906,2.4313997980207205,0.88,0.776061616726161,1.1794077378568473,1.2255398503967374,0.4232624637393819
906,burn-in,907,2.497786740772426,0.88,0.776061616726161,1.0534019569240403,0.8655201022211044,0.4192153237515706
907,burn-in,908,2.5095144296064973,0.88,0.776061616726161,1.078986488890397,1.5688654630443268,0.4349574532077707
908,burn-in,909,2.451750110834837,0.88,0.776061616726161,2.6190813541557914,1.5206850799693625,0.41938431914598534
909,burn-in,910,2.449761846102774,0.88,0.776061616726161,1.6337616097873449,0.7886700788126089,0.473037879181042
910,burn-in,911,2.4866642206907272,0.88,0.776061616726161,1.6337616097873449,0.7886700788126089,0.473037879181042
911,burn-in,912,2.450370785780251,0.86,0.776061616726161,1.6337616097873449,0.7886700788126089,0.473037879181042
912,burn-in,913,2.4457293767482042,0.86,0.776061616726161,1.4682987058787436,0.5623862112004153,0.3606776377087161
913,burn-in,914,2.426899077370763,0.86,0.776061616726161,1.0723091338526116,0.5709647665701848,0.3771213993354518
914,burn-in,915,2.4455069666728377,0.86,0.776061616726161,0.9380181702161301,0.6078471053482205,0.41029213871065473
915,burn-in,916,2.4661893183365464,0.88,0.776061616726161,0.3649563637111256,0.5269009550259935,0.3116721498137555
916,burn-in,917,2.49036555737257,0.88,0.776061616726161,0.5215020881739729,0.7485573962995096,0.4026195516366018
917,burn-in,918,2.458775601349771,0.86,0.776061616726161,0.5215020881739729,0.7485573962995096,0.4026195516366018
918,burn-in,919,2.439412225037813,0.86,0.776061616726161,0.9282743764035212,0.9027549246428108,0.39561573633581515
919,burn-in,920,2.474931435659528,0.84,0.776061616726161,0.9282743764035212,0.9027549246428108,0.39561573633581515
920,burn-in,921,2.450486373156309,0.84,0.776061616726161,1.204273026276377,0.6889775624946358,0.48626677963918163
921,burn-in,922,2.470613282173872,0.82,0.776061616726161,1.204273026276377,0.6889775624946358,0.48626677963918163
922,burn-in,923,2.4347890615463257,0.8,0.776061616726161,1.204273026276377,0.6889775624946358,0.48626677963918163
923,burn-in,924,2.4676664266735315,0.78,0.776061616726161,1.204273026276377,0.6889775624946358,0.48626677963918163
924,burn-in,925,2.4275162341073155,0.78,0.776061616726161,0.7818543504758597,0.4795114138979175,0.36883152899647775
925,burn-in,926,2.4318980081006885,0.78,0.776061616726161,0.8027913139316357,0.5767112906404969,0.3456053557589025
926,burn-in,927,2.442283592186868,0.78,0.776061616726161,0.5436815357656726,0.8516650527862226,0.38502816388825684
927,burn-in,928,2.4677857644855976,0.78,0.776061616726161,0.8655840056745114,1.165004310179965,0.3196052027443206
928,burn-in,929,2.482387221418321,0.76,0.776061616726161,0.8655840056745114,1.165004310179965,0.3196052027443206
929,burn-in,930,2.497172507457435,0.76,0.776061616726161,1.0768379858313701,0.8956446018417236,0.41749889684571
930,burn-in,931,2.425466286018491,0.76,0.776061616726161,0.946557487742205,1.051357384650908,0.640955628832422
931,burn-in,932,2.4681523414328694,0.76,0.776061616726161,1.052286954836944,1.0068972750455494,0.6125630660985038
932,burn-in,933,2.4473662124946713,0.76,0.776061616726161,1.6505428031682416,0.9822886472250116,0.7449670104583438
933,burn-in,934,2.455079141072929,0.78,0.776061616726161,1.7063632851477266,0.9310869975112888,0.8253839111508859
934,burn-in,935,2.457861284725368,0.76,0.776061616726161,1.7063632851477266,0.9310869975112888,0.8253839111508859
935,burn-in,936,2.453044650144875,0.76,0.776061616726161,1.3140235969515972,0.3202492825311088,0.7384225485235356
936,burn-in,937,2.5171658750623465,0.76,0.776061616726161,2.564920412706421,0.985166397522887,0.6447312898394173
937,burn-in,938,2.474112200550735,0.76,0.776061616726161,0.2773423624078057,1.8927436743828983,0.7746244501957024
938,burn-in,939,2.44533924292773,0.76,0.776061616726161,2.2861453873190385,1.1615573286094978,0.6742642331219921
939,burn-in,940,2.4090821724385023,0.76,0.776061616726161,2.126989065585501,0.8195507771568523,0.6883223842755573
940,burn-in,941,2.4522558776661754,0.74,0.776061616726161,2.126989065585501,0.8195507771568523,0.6883223842755573
941,burn-in,942,2.4539271323010325,0.74,0.776061616726161,3.1374731649007077,1.439820307778352,0.6549012399765654
942,burn-in,943,2.4520497005432844,0.76,0.776061616726161,0.5507235616616074,1.0012456550676585,0.6693894642400154
943,burn-in,944,2.4362371899187565,0.76,0.776061616726161,0.6119919011608246,1.522258322860808,0.535895493893601
944,burn-in,945,2.479515521787107,0.76,0.776061616726161,0.5674293444608706,1.0864769866707265,0.5035045135027044
945,burn-in,946,2.4320528097450733,0.74,0.776061616726161,0.5674293444608706,1.0864769866707265,0.5035045135027044
946,burn-in,947,2.426357578486204,0.74,0.776061616726161,1.1365064421943665,0.9474062343117408,0.49924960802025053
947,burn-in,948,2.442895034328103,0.74,0.776061616726161,0.7733659789807159,1.7032505813539907,0.635653382081749
948,burn-in,949,2.46676317229867,0.74,0.776061616726161,0.5136674127101815,2.452095449215951,0.5627582396304811
949,burn-in,950,2.485352042131126,0.76,0.776061616726161,0.8649048602891594,2.5486155932426877,0.6969023849191894
950,burn-in,951,2.4101576087996364,0.76,0.776061616726161,0.735424655196289,1.5977956868511685,0.602144556110072
951,burn-in,952,2.4412825936451554,0.76,0.776061616726161,0.7333755202472859,1.055354239768793,0.6210661278541888
952,burn-in,953,2.4488119073212147,0.76,0.776061616726161,1.3076178851235671,0.9043969231988198,0.522387436385143
953,burn-in,954,2.435724426060915,0.74,0.776061616726161,1.3076178851235671,0.9043969231988198,0.522387436385143
954,burn-in,955,2.4498961372300982,0.76,0.776061616726161,1.4075302962884002,1.1545688249443484,0.5360916848553055
955,burn-in,956,2.4382780082523823,0.76,0.776061616726161,0.9347175590583368,1.0402285616082947,0.43070799432899787
956,burn-in,957,2.4633332826197147,0.74,0.776061616726161,0.9347175590583368,1.0402285616082947,0.43070799432899787
957,burn-in,958,2.4339108150452375,0.74,0.776061616726161,0.6174579813362743,0.8925975108881645,0.5203410837529531
958,burn-in,959,2.4819015953689814,0.74,0.776061616726161,0.6617906532676542,1.3270891405448177,0.4224844707207213
959,burn-in,960,2.4514281824231148,0.74,0.776061616726161,0.74070812806941,0.8946985513006247,0.3249431051071717
960,burn-in,961,2.424510753713548,0.74,0.776061616726161,0.74070812806941,0.8946985513006247,0.3249431051071717
961,burn-in,962,2.4658449087291956,0.76,0.776061616726161,0.5022965828578716,0.8941350880985832,0.4274316132658218
962,burn-in,963,2.4692967273294926,0.74,0.776061616726161,0.5022965828578716,0.8941350880985832,0.4274316132658218
963,burn-in,964,2.467371877282858,0.74,0.776061616726161,0.621712917435981,0.581334645493297,0.5065387009588581
964,burn-in,965,2.4333386700600386,0.74,0.776061616726161,0.9905555910896884,0.5302985185396044,0.4919044420253321
965,burn-in,966,2.4200168224051595,0.74,0.776061616726161,1.5254442921465101,0.5078772539662262,0.6213389902476446
966,burn-in,967,2.482325281947851,0.74,0.776061616726161,1.7710476749757866,0.9211206917752742,0.4888234053860262
967,burn-in,968,2.4531170511618257,0.76,0.776061616726161,2.1869736043359747,2.5574574485413777,0.5784961480265433
968,burn-in,969,2.4182434678077698,0.74,0.776061616726161,2.1869736043359747,2.5574574485413777,0.5784961480265433
969,burn-in,970,2.48311304487288,0.76,0.776061616726161,1.765046125626804,2.626170235740279,0.5897357810854585
970,burn-in,971,2.43359184730798,0.76,0.776061616726161,1.6805472477591923,0.700682280555617,0.4983549358097455
971,burn-in,972,2.4366208417341113,0.78,0.776061616726161,1.6373408691469797,0.7572244934865802,0.5943725402752301
972,burn-in,973,2.475547135807574,0.78,0.776061616726161,1.6373408691469797,0.7572244934865802,0.5943725402752301
973,burn-in,974,2.4737463938072324,0.78,0.776061616726161,1.6373408691469797,0.7572244934865802,0.5943725402752301
974,burn-in,975,2.4457691367715597,0.78,0.776061616726161,1.7525932643251951,0.7712829232270687,0.4704513182349781
975,burn-in,976,2.4408413618803024,0.78,0.776061616726161,1.7273824393793737,2.296536270390934,0.3687708047802325
976,burn-in,977,2.521658224053681,0.78,0.776061616726161,0.3983475527066114,1.7580260140698254,0.4153865818778577
977,burn-in,978,2.47223078366369,0.78,0.776061616726161,0.5808312768464406,0.7268806630026069,0.3675691306494979
978,burn-in,979,2.4412632742896676,0.78,0.776061616726161,0.5808312768464406,0.7268806630026069,0.3675691306494979
979,burn-in,980,2.4524081824347377,0.78,0.776061616726161,0.5747833492950651,0.982368351777979,0.4182308348425738
980,burn-in,981,2.429970591329038,0.78,0.776061616726161,2.836606090119154,0.9922008152541596,0.35910259771622527
981,burn-in,982,2.463322663679719,0.76,0.776061616726161,2.836606090119154,0.9922008152541596,0.35910259771622527
982,burn-in,983,2.484894041903317,0.76,0.776061616726161,1.3876405345086242,0.4318509188507244,0.4412832393137158
983,burn-in,984,2.4785868506878614,0.76,0.776061616726161,0.9919395332813662,1.380104902264281,0.333631969802136
984,burn-in,985,2.46389536280185,0.78,0.776061616726161,0.9639072630590965,1.7847495592211566,0.430770873769522
985,burn-in,986,2.460705002769828,0.78,0.776061616726161,0.9996080291295368,1.4260892481643284,0.37633550061857224
986,burn-in,987,2.4392818342894316,0.78,0.776061616726161,1.7717078625248206,1.305444731173157,0.48675782419987634
987,burn-in,988,2.4599328776821494,0.78,0.776061616726161,1.5734931191542565,1.3576296472210083,0.5898622097450856
988,burn-in,989,2.459919977001846,0.78,0.776061616726161,1.5150266289193628,1.531035775338186,0.46036692268210644
989,burn-in,990,2.4066270254552364,0.78,0.776061616726161,0.7866139992394816,0.8653141634926507,0.5773697946018471
990,burn-in,991,2.4371354058384895,0.78,0.776061616726161,0.7866139992394816,0.8653141634926507,0.5773697946018471
991,burn-in,992,2.4449840802699327,0.76,0.776061616726161,0.7866139992394816,0.8653141634926507,0.5773697946018471
992,burn-in,993,2.4066346315667033,0.76,0.776061616726161,1.2664716290402944,0.8991477230688798,0.5492170277797827
993,burn-in,994,2.4324947455897927,0.76,0.776061616726161,1.4347707461676207,1.0731285105868256,0.5513663874577235
994,burn-in,995,2.4296135380864143,0.76,0.776061616726161,1.711205656130124,0.31548363481602687,0.5840325085039737
995,burn-in,996,2.491516656242311,0.78,0.776061616726161,2.5924816072444417,1.086664094053137,0.7188405348139629
996,burn-in,997,2.4377929838374257,0.78,0.776061616726161,1.195522970838204,0.3902280080610061,0.6664328003849883
997,burn-in,998,2.441235010512173,0.76,0.776061616726161,1.195522970838204,0.3902280080610061,0.6664328003849883
998,burn-in,999,2.4405530681833625,0.76,0.776061616726161,1.2082868515241059,1.1521263135831905,0.5637850703509338
999,burn-in,1000,2.4493362503126264,0.76,0.776061616726161,1.6077551314902745,1.0328020837409027,0.47372430181345615
1000,sample,1,2.478279996663332,0.76,0.776061616726161,2.1178774578414044,0.29901625686184913,0.3733701761616033
1001,sample,2,2.44723788369447,0.76,0.776061616726161,2.3092675079081744,1.1731602830529613,0.3459572651245147
1002,sample,3,2.4576585637405515,0.74,0.776061616726161,2.3092675079081744,1.1731602830529613,0.3459572651245147
1003,sample,4,2.4340391606092453,0.76,0.776061616726161,1.9414647063625126,1.369534795990372,0.45780540881236464
1004,sample,5,2.4365658750757575,0.76,0.776061616726161,1.3329021720606002,0.8702665083897524,0.5890409214998543
1005,sample,6,2.4204805018380284,0.76,0.776061616726161,1.1886147504499291,1.2052732676491784,0.649248079647803
1006,sample,7,2.435314754024148,0.78,0.776061616726161,0.21517083341463072,0.27783337566365185,0.6468563520889467
1007,sample,8,2.4284298038110137,0.78,0.776061616726161,2.487036640105034,1.5017492061887796,0.7763759348104193
1008,sample,9,2.4705168195068836,0.78,0.776061616726161,2.4935985895707695,1.7038551546027132,0.8410471050932656
1009,sample,10,2.450581726618111,0.76,0.776061616726161,2.4935985895707695,1.7038551546027132,0.8410471050932656
1010,sample,11,2.471770852804184,0.78,0.776061616726161,2.459886580493948,2.315876362720696,0.9392051747225793
1011,sample,12,2.442045772448182,0.78,0.776061616726161,3.1159445271021045,2.559267133633648,0.8513448933915437
1012,sample,13,2.446762077510357,0.8,0.776061616726161,0.30986066887472563,1.7255878837525809,0.94715099760807
1013,sample,14,2.44749787915498,0.8,0.776061616726161,1.9368647710482325,1.7416108271351185,0.8458136056364952
1014,sample,15,2.445744477212429,0.8,0.776061616726161,0.7626921214579798,1.3656873557595746,0.759611189971722
1015,sample,16,2.4433462554588914,0.8,0.776061616726161,0.8902579737943105,1.3386419161137442,0.6312236395976052
1016,sample,17,2.443583711050451,0.8,0.776061616726161,0.7054549701288099,2.0975249687933553,0.5175490027447808
1017,sample,18,2.4482791870832443,0.8,0.776061616726161,0.7414674708648642,1.9601610530000324,0.46426749820211366
1018,sample,19,2.465868887491524,0.82,0.776061616726161,0.6719392310325587,0.7367564003373266,0.4763972652278027
1019,sample,20,2.4783847890794277,0.82,0.776061616726161,1.2833623500477076,0.8281286226748142,0.5514175584358995
1020,sample,21,2.4764981158077717,0.82,0.776061616726161,1.2807661939214499,0.9076421282691383,0.536687702781558
1021,sample,22,2.4993887720629573,0.82,0.776061616726161,1.1864009873078336,2.078248697784564,0.45409579596756705
1022,sample,23,2.4636933170259,0.84,0.776061616726161,0.37940123682797444,2.1863031791444927,0.41329208154771213
1023,sample,24,2.4721580240875483,0.86,0.776061616726161,0.9652713179595016,1.8785204190506763,0.4989168855495264
1024,sample,25,2.4823061674833298,0.86,0.776061616726161,0.939816492544594,1.437438555471901,0.5916238354071562
1025,sample,26,2.4547633761540055,0.86,0.776061616726161,1.3046734442853365,2.0019795235525915,0.47838415687771096
1026,sample,27,2.444322418421507,0.86,0.776061616726161,1.1687784683539222,1.95554302557388,0.4016753067407224
1027,sample,28,2.470818038098514,0.84,0.776061616726161,1.1687784683539222,1.95554302557388,0.4016753067407224
1028,sample,29,2.489910179749131,0.84,0.776061616726161,1.1687784683539222,1.95554302557388,0.4016753067407224
1029,sample,30,2.5004854230210185,0.84,0.776061616726161,1.559294302996994,2.014811167619487,0.34512148789893504
1030,sample,31,2.496071582660079,0.82,0.776061616726161,1.559294302996994,2.014811167619487,0.34512148789893504
1031,sample,32,2.4475539131090045,0.84,0.776061616726161,1.0173006239022757,2.188751896124706,0.44209114108688746
1032,sample,33,2.4723524814471602,0.84,0.776061616726161,0.9397796549910588,1.9875052994551625,0.3341674113480477
1033,sample,34,2.4582008766010404,0.82,0.776061616726161,0.9397796549910588,1.9875052994551625,0.3341674113480477
1034,sample,35,2.4441194478422403,0.82,0.776061616726161,1.5481055753083373,1.5539827456604924,0.2719340895170211
1035,sample,36,2.460754089988768,0.82,0.776061616726161,1.6195027002666513,1.2065653590148,0.3496249948372524
1036,sample,37,2.490412146784365,0.8,0.776061616726161,1.6195027002666513,1.2065653590148,0.3496249948372524
1037,sample,38,2.5047376584261656,0.8,0.776061616726161,1.6956644359258113,0.8994203161027946,0.4178936220258711
1038,sample,39,2.4512552190572023,0.8,0.776061616726161,1.83052045576564,0.8630491749331001,0.31713566117173336
1039,sample,40,2.4575680987909436,0.8,0.776061616726161,1.1965649566125232,0.5592056236623177,0.3023546185563977
1040,sample,41,2.430332273244858,0.82,0.776061616726161,1.1879725424079188,0.953851969035409,0.24066916115616324
1041,sample,42,2.4597126385197043,0.82,0.776061616726161,1.1879725424079188,0.953851969035409,0.24066916115616324
1042,sample,43,2.457900415174663,0.82,0.776061616726161,1.0831765850471136,1.0609005648324132,0.21333611265240138
1043,sample,44,2.474426210857928,0.82,0.776061616726161,1.0455694795939248,0.3759681964255884,0.2476400375162831
1044,sample,45,2.455982635729015,0.82,0.776061616726161,0.6093693748233979,0.7163480082464302,0.30327503975556025
1045,sample,46,2.4809653097763658,0.82,0.776061616726161,0.4213715153024664,0.5383349453879257,0.36997523254976633
1046,sample,47,2.51182543579489,0.82,0.776061616726161,0.4614667676156903,0.7342888011025749,0.40005232095118426
1047,sample,48,2.472621828317642,0.84,0.776061616726161,0.5840379398054656,0.9357651295025694,0.4180376298947727
1048,sample,49,2.4977600602433085,0.84,0.776061616726161,1.1576425338439067,0.9999679779598338,0.4066075626236237
1049,sample,50,2.460572265088558,0.82,0.776061616726161,1.1576425338439067,0.9999679779598338,0.4066075626236237
1050,sample,51,2.479755043052137,0.82,0.776061616726161,1.243842571514596,1.1551174438593805,0.5333261258916046
1051,sample,52,2.4739273972809315,0.82,0.776061616726161,1.0715738589142838,0.3575940035529056,0.6637834048612701
1052,sample,53,2.4402469526976347,0.84,0.776061616726161,1.1170652926588636,0.7577703660772586,0.7059067951337183
1053,sample,54,2.431112525984645,0.84,0.776061616726161,1.164216887407075,0.3582047414482157,0.5874779767358889
1054,sample,55,2.4198154537007213,0.84,0.776061616726161,1.229706668980799,0.7741552115797428,0.4552901945172238
1055,sample,56,2.4505669455975294,0.84,0.776061616726161,1.2084699739895592,0.6485037864971829,0.39432331055593417
1056,sample,57,2.457260833121836,0.84,0.776061616726161,1.7989253266819456,0.6017684499731983,0.4957432608704401
1057,sample,58,2.438369009643793,0.84,0.776061616726161,1.0727717784037296,1.5772295006860892,0.375222800288905
1058,sample,59,2.452526851557195,0.84,0.776061616726161,0.6193210214000793,1.6410239572170302,0.31278214451507286
1059,sample,60,2.43923292029649,0.84,0.776061616726161,0.6193210214000793,1.6410239572170302,0.31278214451507286
1060,sample,61,2.447108148597181,0.84,0.776061616726161,0.410009793348329,1.3240710440628036,0.3943564750282037
1061,sample,62,2.424644739367068,0.84,0.776061616726161,0.6574005751888049,0.4607304263044439,0.3511641774248203
1062,sample,63,2.4795137150213122,0.84,0.776061616726161,0.8555902954140624,0.5955856696141081,0.2732533121491982
1063,sample,64,2.462700036354363,0.84,0.776061616726161,0.7207277849638519,0.970285299653341,0.24686099651192553
1064,sample,65,2.4570415457710624,0.84,0.776061616726161,0.9799278533901405,0.7173076966686981,0.2517518602605549
1065,sample,66,2.4636903749778867,0.84,0.776061616726161,1.343097290876749,0.6246765356071831,0.3201964265319755
1066,sample,67,2.4888631850481033,0.84,0.776061616726161,1.5278370634600007,0.7822987702768628,0.2532022157853906
1067,sample,68,2.4619041942059994,0.84,0.776061616726161,1.3673597861627393,1.2376675066105816,0.3116349654477351
1068,sample,69,2.448122141882777,0.84,0.776061616726161,1.8156520767602837,1.2297828132703366,0.35986941982755744
1069,sample,70,2.4757590368390083,0.84,0.776061616726161,1.484646369642951,1.2266446967590716,0.27788558540894914
1070,sample,71,2.4694982189685106,0.84,0.776061616726161,1.190830629502793,1.793263913954764,0.3503482208652841
1071,sample,72,2.436746262013912,0.84,0.776061616726161,1.2921812758549405,1.5450962194229538,0.36100391925900654
1072,sample,73,2.477486955933273,0.84,0.776061616726161,1.7471408752578077,1.8513593579808374,0.2848924180591671
1073,sample,74,2.4857350746169686,0.84,0.776061616726161,0.7722991090844293,0.7254674741789947,0.3355988109601253
1074,sample,75,2.4590683057904243,0.82,0.776061616726161,0.7722991090844293,0.7254674741789947,0.3355988109601253
1075,sample,76,2.434698585420847,0.82,0.776061616726161,1.1855131791145492,0.913921248029171,0.2752969584746256
1076,sample,77,2.44537584297359,0.82,0.776061616726161,1.4438043847860258,0.5260476255549584,0.33190059337097666
1077,sample,78,2.446772093884647,0.84,0.776061616726161,1.1686143996154335,1.038518475312413,0.4382351198851937
1078,sample,79,2.4491963097825646,0.86,0.776061616726161,0.9701863675194015,1.1001372164125471,0.36813434043337145
1079,sample,80,2.4214045833796263,0.86,0.776061616726161,0.8457882222039557,1.0221340315339622,0.32097079311656806
1080,sample,81,2.4429163029417396,0.88,0.776061616726161,0.7456625978316179,1.7139707227258107,0.23505777187883056
1081,sample,82,2.440026675350964,0.86,0.776061616726161,0.7456625978316179,1.7139707227258107,0.23505777187883056
1082,sample,83,2.429345670156181,0.84,0.776061616726161,0.7456625978316179,1.7139707227258107,0.23505777187883056
1083,sample,84,2.425114101730287,0.84,0.776061616726161,0.7456625978316179,1.7139707227258107,0.23505777187883056
1084,sample,85,2.454934386536479,0.84,0.776061616726161,0.7437708104440496,0.9775150703041066,0.2777966047750422
1085,sample,86,2.452735820785165,0.84,0.776061616726161,0.5752595312049342,2.6027687847836054,0.32483389613758284
1086,sample,87,2.445512693375349,0.84,0.776061616726161,0.5752595312049342,2.6027687847836054,0.32483389613758284
1087,sample,88,2.461917493492365,0.84,0.776061616726161,0.6970171589050955,2.109028686168922,0.3626364921841343
1088,sample,89,2.4418516969308257,0.84,0.776061616726161,0.7798533589703748,0.48199285603039627,0.28836590417100555
1089,sample,90,2.4578023655340075,0.84,0.776061616726161,0.4486246743533199,1.4756330555773867,0.31576131785445216
1090,sample,91,2.473771570250392,0.84,0.776061616726161,0.3900228254420196,1.390896732490437,0.3838904530295529
1091,sample,92,2.4925623182207346,0.84,0.776061616726161,0.3900228254420196,1.390896732490437,0.3838904530295529
1092,sample,93,2.4552232632413507,0.84,0.776061616726161,0.642151491912285,0.26226941802861276,0.41949168109817
1093,sample,94,2.468003675341606,0.84,0.776061616726161,0.8497840887376982,1.7056036387352793,0.3796604347793726
1094,sample,95,2.445594798773527,0.84,0.776061616726161,1.2031187473288152,1.3894960750238616,0.38026311041026495
1095,sample,96,2.4900825899094343,0.84,0.776061616726161,2.996371003371846,2.528418694472905,0.4579723036104064
1096,sample,97,2.470752825960517,0.82,0.776061616726161,2.996371003371846,2.528418694472905,0.4579723036104064
1097,sample,98,2.479051511734724,0.8,0.776061616726161,2.996371003371846,2.528418694472905,0.4579723036104064
1098,sample,99,2.4579533049836755,0.8,0.776061616726161,1.364467051219978,1.6444817528605604,0.5248215658429397
1099,sample,100,2.45184426009655,0.82,0.776061616726161,0.9596935876040065,0.8030231025091905,0.6504782190341363
1100,sample,101,2.450044554658234,0.8,0.776061616726161,0.9596935876040065,0.8030231025091905,0.6504782190341363
1101,sample,102,2.4575927210971713,0.8,0.776061616726161,2.1030539731965225,0.8910233904162169,0.6752582560205296
1102,sample,103,2.474867347627878,0.8,0.776061616726161,2.039550861226742,0.6237035860956464,0.5614180497045776
1103,sample,104,2.4779488053172827,0.8,0.776061616726161,1.8918807954341825,0.5768532452836026,0.4903820345913802
1104,sample,105,2.461945217102766,0.78,0.776061616726161,1.8918807954341825,0.5768532452836026,0.4903820345913802
1105,sample,106,2.4664788646623492,0.78,0.776061616726161,1.4167557210954365,0.7050454999727633,0.5467626430274682
1106,sample,107,2.478492923080921,0.78,0.776061616726161,1.266802840070894,2.971401179959514,0.6653156742947431
1107,sample,108,2.5159112866967916,0.78,0.776061616726161,1.3422919697330469,1.6807768073058784,0.7291084894503058
1108,sample,109,2.5173362335190177,0.78,0.776061616726161,0.3710704386075257,1.6601578890849369,0.6126457921076905
1109,sample,110,2.499617605470121,0.8,0.776061616726161,0.46496924366067593,1.0774691035042088,0.6336951137419543
1110,sample,111,2.4623616132885218,0.8,0.776061616726161,0.6559121190482317,1.1363736744491488,0.7187672739255885
1111,sample,112,2.444149171002209,0.78,0.776061616726161,0.6559121190482317,1.1363736744491488,0.7187672739255885
1112,sample,113,2.4758367855101824,0.78,0.776061616726161,0.8632696274559525,0.7140905710310665,0.6601903336268946
1113,sample,114,2.480994014069438,0.78,0.776061616726161,0.673921718122511,1.099157031250071,0.7485379710001241
1114,sample,115,2.4660003958269954,0.78,0.776061616726161,0.279967730295499,0.633445556202519,0.7617987660619434
1115,sample,116,2.4361633313819766,0.78,0.776061616726161,0.8679326758780793,0.4234684732258294,0.686909016872892
1116,sample,117,2.466200684197247,0.78,0.776061616726161,0.9942296631556266,0.6867673901451061,0.7879783150624001
1117,sample,118,2.4981834841892123,0.78,0.776061616726161,0.9859898520150253,0.7856603098876445,0.8152277583374282
1118,sample,119,2.475922760553658,0.78,0.776061616726161,0.47455936267826254,0.38252569087477184,0.8819377278721718
1119,sample,120,2.497595891356468,0.78,0.776061616726161,0.6029968125123107,0.754891467719597,0.8958115458794591
1120,sample,121,2.49554664734751,0.78,0.776061616726161,0.5197368465587152,1.2156151486434517,0.8552638011859546
1121,sample,122,2.480492495931685,0.78,0.776061616726161,3.3716720269718747,1.7332237386373015,0.7643658934302692
1122,sample,123,2.5046398593112826,0.78,0.776061616726161,2.1199807025544257,1.7028365670462613,0.8023304336562643
1123,sample,124,2.4673151122406125,0.76,0.776061616726161,2.1199807025544257,1.7028365670462613,0.8023304336562643
1124,sample,125,2.4924244498834014,0.78,0.776061616726161,2.1460731860611038,1.6854652022990784,0.7563364661017531
1125,sample,126,2.502181022427976,0.78,0.776061616726161,1.8523389760135676,1.6512583652325283,0.7579580253646495
1126,sample,127,2.451712580397725,0.78,0.776061616726161,1.288690970198677,1.6632308012273744,0.7199175800323244
1127,sample,128,2.4677283205091953,0.78,0.776061616726161,0.9612376310991327,2.1883825218911785,0.8387341082450174
1128,sample,129,2.5028774682432413,0.78,0.776061616726161,0.35618578522612515,1.9192337756735904,0.9077879332700883
1129,sample,130,2.447565561160445,0.78,0.776061616726161,0.684380234789891,1.1804327592561135,0.940541759398924
1130,sample,131,2.4697937797755003,0.76,0.776061616726161,0.684380234789891,1.1804327592561135,0.940541759398924
1131,sample,132,2.4693994969129562,0.78,0.776061616726161,0.744355423958236,1.7694068046278237,0.9087637191944923
1132,sample,133,2.4613201171159744,0.8,0.776061616726161,1.5567583810419556,1.3708854834270583,0.9907844633659192
1133,sample,134,2.4859036300331354,0.82,0.776061616726161,0.5726983778858317,1.3624002784950113,0.6855548937285121
1134,sample,135,2.4834132185205817,0.82,0.776061616726161,1.048786887186437,1.0364010670507342,0.6264714837168462
1135,sample,136,2.4702603854238987,0.8,0.776061616726161,1.048786887186437,1.0364010670507342,0.6264714837168462
1136,sample,137,2.4938015304505825,0.82,0.776061616726161,1.2473214717951588,1.136714377044415,0.5102023950972463
1137,sample,138,2.4933166559785604,0.82,0.776061616726161,0.6448107609605508,2.8259436739322963,0.49154526887156663
1138,sample,139,2.469001291319728,0.82,0.776061616726161,0.5601558197695433,3.1640762103722335,0.5143271858697206
1139,sample,140,2.480908039957285,0.82,0.776061616726161,0.7780799700388416,0.3864588649653167,0.39520540336502336
1140,sample,141,2.4577572708949447,0.82,0.776061616726161,1.0558675186373725,1.0109780164666764,0.43661899180556896
1141,sample,142,2.5024450113996863,0.84,0.776061616726161,0.7282444386372691,0.9955402651548578,0.5627639751858301
1142,sample,143,2.4755545211955905,0.82,0.776061616726161,0.7282444386372691,0.9955402651548578,0.5627639751858301
1143,sample,144,2.4556283308193088,0.82,0.776061616726161,0.47498427036275515,0.8261532280980661,0.5242507128904031
1144,sample,145,2.4863812532275915,0.82,0.776061616726161,0.4928515436165767,1.0424528143452096,0.5616432849724965
1145,sample,146,2.442499900236726,0.82,0.776061616726161,0.7924206902271749,1.1922185263136769,0.4793512005982441
1146,sample,147,2.4353526225313544,0.82,0.776061616726161,0.7924206902271749,1.1922185263136769,0.4793512005982441
1147,sample,148,2.4729615803807974,0.84,0.776061616726161,0.797994463317809,0.937189685783098,0.5863830313997997
1148,sample,149,2.4353543054312468,0.84,0.776061616726161,1.0479896994713591,1.7854223099524127,0.6922484284275617
1149,sample,150,2.4462474016472697,0.84,0.776061616726161,1.143150552286178,1.8531162121248574,0.7164910065846285
1150,sample,151,2.5057540917769074,0.86,0.776061616726161,0.8341832712811283,2.1867994225876686,0.5992532573814928
1151,sample,152,2.461115044541657,0.86,0.776061616726161,0.918561720578113,2.269166244202676,0.4687870465151186
1152,sample,153,2.4711007522419095,0.86,0.776061616726161,0.7809096701025948,1.544005063883077,0.3650505380051587
1153,sample,154,2.461128636263311,0.86,0.776061616726161,0.7993986276480579,0.6293716140403282,0.30694764384980416
1154,sample,155,2.474226146005094,0.88,0.776061616726161,0.7559402903811105,0.9045219075885417,0.40440405812082064
1155,sample,156,2.4870453318580985,0.88,0.776061616726161,1.0258124993978304,1.3346716163599102,0.3114318167052946
1156,sample,157,2.507269399240613,0.88,0.776061616726161,0.8795358980243692,2.132850430957601,0.40509865110182974
1157,sample,158,2.4914518473669887,0.88,0.776061616726161,1.5550409370915639,1.4851144044621047,0.46089244122078266
1158,sample,159,2.4322293661534786,0.88,0.776061616726161,1.4761460320889872,1.6930744144242096,0.5376945614248989
1159,sample,160,2.455659327097237,0.88,0.776061616726161,1.5138272333827343,1.3126693307005592,0.44521262052504323
1160,sample,161,2.4908507065847516,0.88,0.776061616726161,0.7477495273876938,1.3480502908155045,0.5328470362052998
1161,sample,162,2.4706595866009593,0.9,0.776061616726161,0.3877849365796267,1.7760908491258722,0.43912845778398707
1162,sample,163,2.4877969175577164,0.9,0.776061616726161,0.8237945748359624,0.9046527851132712,1.0816649852755966
1163,sample,164,2.4317503590136766,0.9,0.776061616726161,1.5013187526931395,0.7764076986551196,1.0130002782869465
1164,sample,165,2.446049828082323,0.9,0.776061616726161,1.205992457363683,0.6750692136336199,0.9292287637793522
1165,sample,166,2.4279425917193294,0.9,0.776061616726161,1.2209669820843505,0.4691421215114537,0.8535321825282518
1166,sample,167,2.4280462972819805,0.9,0.776061616726161,0.377332454237599,0.75446550567075,0.9902609177795978
1167,sample,168,2.4257774697616696,0.9,0.776061616726161,0.5726913079024889,0.7005578209698252,1.068714951981671
1168,sample,169,2.458979642018676,0.9,0.776061616726161,0.5496613201770956,0.9864805488250095,0.9952665818337553
1169,sample,170,2.466879840940237,0.88,0.776061616726161,0.5496613201770956,0.9864805488250095,0.9952665818337553
1170,sample,171,2.4838886791840196,0.88,0.776061616726161,1.8434646412285287,0.4458245952148441,0.9961948453404038
1171,sample,172,2.463623585179448,0.88,0.776061616726161,1.6063268813894862,0.6152671958096766,1.0497714012408657
1172,sample,173,2.469415265135467,0.88,0.776061616726161,1.0039992282327719,0.7442628492996235,0.9848772313181167
1173,sample,174,2.491133438423276,0.9,0.776061616726161,1.026245712404834,0.8145699640560335,0.9049592663577675
1174,sample,175,2.4762866189703345,0.9,0.776061616726161,0.9947862784017029,0.871267713550479,0.9610945023962576
1175,sample,176,2.467791370116174,0.9,0.776061616726161,0.711773128284016,0.6832489332295238,0.9353307096602321
1176,sample,177,2.4460319988429546,0.9,0.776061616726161,0.7037954360395325,0.5346916943282616,1.005251897495722
1177,sample,178,2.4944906681776047,0.9,0.776061616726161,1.0176650365467417,0.46225339735770254,0.993471647285222
1178,sample,179,2.482937576249242,0.9,0.776061616726161,0.4300860284053774,0.5276787950437879,0.9004195880181709
1179,sample,180,2.4865595791488886,0.9,0.776061616726161,0.6340565419875389,0.49798508847891637,0.8580338535008104
1180,sample,181,2.493826656602323,0.92,0.776061616726161,0.4538491528739738,0.6962825751116447,0.8940885078861097
1181,sample,182,2.4358748821541667,0.92,0.776061616726161,0.7144955236686688,0.37919044410237684,0.79229795421928
1182,sample,183,2.4357554046437144,0.92,0.776061616726161,0.48465431948580145,0.8318210550504189,0.7490722623861533
1183,sample,184,2.48677899222821,0.92,0.776061616726161,1.519974975211318,0.9591551779398623,0.7511084354778038
1184,sample,185,2.484870744869113,0.92,0.776061616726161,0.6933412812802865,0.9069611678673946,0.7952206911555673
1185,sample,186,2.4564264910295606,0.94,0.776061616726161,0.7138776690002414,0.5285786528137424,0.8774939828472386
1186,sample,187,2.4526598127558827,0.94,0.776061616726161,0.6280666333749103,0.6462387916386277,0.8104295587321871
1187,sample,188,2.4385673254728317,0.92,0.776061616726161,0.6280666333749103,0.6462387916386277,0.8104295587321871
1188,sample,189,2.427725342102349,0.92,0.776061616726161,0.5245171723305808,0.5827350201645305,0.7130713329570721
1189,sample,190,2.4689847202971578,0.92,0.776061616726161,0.5317615559542388,0.46010536042991657,0.629575727311258
1190,sample,191,2.457824164070189,0.92,0.776061616726161,0.38193128759910744,0.6195812510778724,0.7537591429334491
1191,sample,192,2.4464760702103376,0.92,0.776061616726161,0.43248886115683205,0.9686659999500864,0.8057177468077523
1192,sample,193,2.436707990244031,0.94,0.776061616726161,0.7502025885405135,2.1936933982281506,0.6796386920987632
1193,sample,194,2.422905028797686,0.94,0.776061616726161,0.6998383104810756,0.41321044524786843,0.8013316619620846
1194,sample,195,2.437718702480197,0.94,0.776061616726161,0.2974968109317857,0.7074015652821245,0.718355199995446
1195,sample,196,2.4448794163763523,0.94,0.776061616726161,1.9316504081000492,0.7862599118023682,0.5988357956975385
1196,sample,197,2.4530544271692634,0.96,0.776061616726161,2.103021535611194,0.5924112186276479,0.6590985256733846
1197,sample,198,2.4896392542868853,0.96,0.776061616726161,1.220765507477146,0.8377554085656498,0.6840913393375089
1198,sample,199,2.453793078660965,0.96,0.776061616726161,1.4727640057997506,1.4442878207959977,0.5564242049767983
1199,sample,200,2.460215329192579,0.96,0.776061616726161,0.8103875325018083,1.2329379725415144,0.42641592056865296
1200,sample,201,2.4571184143424034,0.96,0.776061616726161,0.7301039695279111,0.8883025427090111,0.3441735099540655
1201,sample,202,2.452021075412631,0.96,0.776061616726161,0.7977210426117112,1.2245907992374212,0.3698315133258724
1202,sample,203,2.455971432849765,0.96,0.776061616726161,1.068029321309615,0.6005311589600842,0.3516799992626435
1203,sample,204,2.4785382403060794,0.96,0.776061616726161,1.0643900523885679,1.1032817348872015,0.29471974105880727
1204,sample,205,2.4594553159549832,0.94,0.776061616726161,1.0643900523885679,1.1032817348872015,0.29471974105880727
1205,sample,206,2.468509301543236,0.94,0.776061616726161,0.6866412910485922,1.6056852652481484,0.25525354955434837
1206,sample,207,2.4611596623435616,0.94,0.776061616726161,0.5883985804977409,1.2311913219636543,0.2378268601543499
1207,sample,208,2.444123669527471,0.94,0.776061616726161,0.4830227399239674,2.2846490947122455,0.2980981142759481
1208,sample,209,2.4368889750912786,0.94,0.776061616726161,0.8129655810174947,2.027855737192149,0.3893826008502047
1209,sample,210,2.425641999579966,0.94,0.776061616726161,0.6698411443110489,0.8047550407229047,0.4528109516969651
1210,sample,211,2.4427577601745725,0.92,0.776061616726161,0.6698411443110489,0.8047550407229047,0.4528109516969651
1211,sample,212,2.4384093321859837,0.92,0.776061616726161,0.5562877014513268,0.628235236603726,0.34412324206318373
1212,sample,213,2.4448721325024962,0.92,0.776061616726161,0.5658009284883835,0.6189251169313277,0.4446356846455303
1213,sample,214,2.4339779410511255,0.9,0.776061616726161,0.5658009284883835,0.6189251169313277,0.4446356846455303
1214,sample,215,2.422572674229741,0.9,0.776061616726161,0.6419719975116321,0.5133794909032071,0.5697683371259568
1215,sample,216,2.4286944586783648,0.9,0.776061616726161,0.5848845179221955,0.47330125345294305,0.5377895229967532
1216,sample,217,2.427776205353439,0.88,0.776061616726161,0.5848845179221955,0.47330125345294305,0.5377895229967532
1217,sample,218,2.426850072108209,0.86,0.776061616726161,0.5848845179221955,0.47330125345294305,0.5377895229967532
1218,sample,219,2.440976621583104,0.86,0.776061616726161,0.36911061767199926,0.6604403764831257,0.4770869898040652
1219,sample,220,2.472200238145888,0.86,0.776061616726161,0.36911061767199926,0.6604403764831257,0.4770869898040652
1220,sample,221,2.4298428324982524,0.86,0.776061616726161,1.0035623467446178,0.47899899728753337,0.44636863607642085
1221,sample,222,2.4441925324499607,0.86,0.776061616726161,1.570873063971209,0.5298389482872393,0.4514272098762257
1222,sample,223,2.4848846420645714,0.86,0.776061616726161,1.570019109746829,0.629069723006167,0.3770004712680667
1223,sample,224,2.4522537607699633,0.86,0.776061616726161,1.6492359967814094,0.5229232322040716,0.29370985477532413
1224,sample,225,2.44034169241786,0.86,0.776061616726161,3.2502583144588137,0.682396842949788,0.3586297575717763
1225,sample,226,2.474926769733429,0.86,0.776061616726161,2.3641801286068325,1.0761714868969414,0.3370732874255458
1226,sample,227,2.4822605215013027,0.86,0.776061616726161,2.5931694895554727,0.771718266028737,0.271065743138573
1227,sample,228,2.447136603295803,0.86,0.776061616726161,1.1776056126513275,0.5406644861378682,0.3025141568834152
1228,sample,229,2.4528904603794217,0.86,0.776061616726161,0.6558690656408399,0.9119627478198576,0.34954907008576974
1229,sample,230,2.455116336233914,0.86,0.776061616726161,0.4275381128051743,0.8337179635004472,0.41605546013060246
1230,sample,231,2.45348765142262,0.86,0.776061616726161,0.8889628128242104,1.3269095151881152,0.21475758919831087
1231,sample,232,2.4718804005533457,0.86,0.776061616726161,0.8751225120601366,1.243059876494812,0.18611981499244537
1232,sample,233,2.4813422299921513,0.86,0.776061616726161,0.9901069326599576,0.35046665138165217,0.2089406780961923
1233,sample,234,2.4393938770517707,0.86,0.776061616726161,1.1135065542933045,0.8149025517912856,0.4532398636014302
1234,sample,235,2.4494320126250386,0.86,0.776061616726161,0.6159163537188793,0.7350837405473001,0.5001918049281863
1235,sample,236,2.4706193637102842,0.86,0.776061616726161,0.8218928682091912,0.83199177676614,0.5048041872059512
1236,sample,237,2.4476579930633307,0.84,0.776061616726161,0.8218928682091912,0.83199177676614,0.5048041872059512
1237,sample,238,2.4420761484652758,0.86,0.776061616726161,1.4648179877877652,0.709713278583847,0.4154686973431766
1238,sample,239,2.475686613470316,0.86,0.776061616726161,1.4829482109800791,0.8603117773493726,0.3978425652912216
1239,sample,240,2.4686449812725186,0.86,0.776061616726161,1.424197099835412,0.6174445048558916,0.3130121468245418
1240,sample,241,2.4761696960777044,0.86,0.776061616726161,1.4706465248014362,0.4531828703097979,0.4078870696880218
1241,sample,242,2.4916583886370063,0.86,0.776061616726161,1.2837988974113166,0.5908351250590281,0.38054381072550225
1242,sample,243,2.4669937435537577,0.86,0.776061616726161,1.5257233935297554,0.4958910295353336,0.2971789954927284
1243,sample,244,2.470388660207391,0.86,0.776061616726161,1.539950179730074,0.5154044358052042,0.3888737393226706
1244,sample,245,2.4455851819366217,0.86,0.776061616726161,2.9720743338099505,1.10105022812768,0.2973565371451748
1245,sample,246,2.446788063272834,0.86,0.776061616726161,1.7671089843223946,1.1210471208529256,0.3226671793897834
1246,sample,247,2.434167703613639,0.86,0.776061616726161,0.7645897228209865,1.3573406336852127,0.2710424468381483
1247,sample,248,2.508465482853353,0.86,0.776061616726161,0.6410152903489973,0.8928360886809905,0.34955662914378927
1248,sample,249,2.5071483282372355,0.86,0.776061616726161,0.8526147612750721,0.9691359919416765,0.271792617514267
1249,sample,250,2.4735809322446585,0.86,0.776061616726161,0.8431669468796653,0.7203942037279342,0.32571567278952607
1250,sample,251,2.462983717210591,0.86,0.776061616726161,0.8758704058164498,0.9137907664768758,0.43008297801938267
1251,sample,252,2.487714748829603,0.84,0.776061616726161,0.8758704058164498,0.9137907664768758,0.43008297801938267
1252,sample,253,2.486762668006122,0.84,0.776061616726161,0.8751319399819744,2.5274480839002833,0.3350009638231037
1253,sample,254,2.484393565915525,0.84,0.776061616726161,1.4693127371647006,2.1163069115188513,0.3987084906314191
1254,sample,255,2.468383653089404,0.86,0.776061616726161,0.6784073321213125,1.8641454370508572,0.40595688468881047
1255,sample,256,2.4715109895914793,0.84,0.776061616726161,0.6784073321213125,1.8641454370508572,0.40595688468881047
1256,sample,257,2.4562353743240237,0.84,0.776061616726161,0.6777667261988496,1.6766153189678994,0.3110078562264762
1257,sample,258,2.442348345182836,0.84,0.776061616726161,0.7519982682142842,1.3694414007284974,0.27942029813875613
1258,sample,259,2.4238423695787787,0.84,0.776061616726161,0.7459590522098568,1.0594013055943448,0.2535554584932182
1259,sample,260,2.506419252604246,0.82,0.776061616726161,0.7459590522098568,1.0594013055943448,0.2535554584932182
1260,sample,261,2.4505779119208455,0.84,0.776061616726161,1.6736317380726213,1.387245537150242,0.31679640616838195
1261,sample,262,2.490966328419745,0.82,0.776061616726161,1.6736317380726213,1.387245537150242,0.31679640616838195
1262,sample,263,2.493489881977439,0.82,0.776061616726161,1.011643886396062,1.2222865092600537,0.3946038301898922
1263,sample,264,2.4868011130020022,0.84,0.776061616726161,0.9741907276880506,0.32917627967307694,0.31746663940177144
1264,sample,265,2.4927814351394773,0.84,0.776061616726161,0.9996283062804351,0.8727336605906362,0.3660736010905686
1265,sample,266,2.457094524987042,0.82,0.776061616726161,0.9996283062804351,0.8727336605906362,0.3660736010905686
1266,sample,267,2.495418656617403,0.84,0.776061616726161,0.5249055298554411,0.33064252738730604,0.33887605674317667
1267,sample,268,2.489525103010237,0.86,0.776061616726161,0.4142216314220661,0.8588471695352867,0.433882908146183
1268,sample,269,2.478004357777536,0.86,0.776061616726161,0.8824495335670538,1.2051651040673685,0.3533684679575625
1269,sample,270,2.5125756077468395,0.88,0.776061616726161,0.31912364146277905,1.9981570584862636,0.39296543310593285
1270,sample,271,2.45309529453516,0.86,0.776061616726161,0.31912364146277905,1.9981570584862636,0.39296543310593285
1271,sample,272,2.472550450824201,0.86,0.776061616726161,1.211534553771173,2.2452807769847327,0.44706614271349293
1272,sample,273,2.450696360319853,0.84,0.776061616726161,1.211534553771173,2.2452807769847327,0.44706614271349293
1273,sample,274,2.459509376436472,0.84,0.776061616726161,1.2212771166650664,0.9361057227869696,0.38958822992076025
1274,sample,275,2.442043120972812,0.84,0.776061616726161,0.23572240001287084,0.6508668108683955,0.4888425343589113
1275,sample,276,2.4593679709360003,0.84,0.776061616726161,0.9409145580068595,0.5382625405278887,0.4620213811892774
1276,sample,277,2.441381348297,0.84,0.776061616726161,0.9818175886630159,0.8752725082950981,0.4170748979478439
1277,sample,278,2.515004590153694,0.84,0.776061616726161,0.9158059430618297,0.9816652922953808,0.3890305922753946
1278,sample,279,2.45398722961545,0.84,0.776061616726161,0.6369312802509005,0.7918885999069999,0.32918879327880857
1279,sample,280,2.462291876785457,0.84,0.776061616726161,0.6895162304204682,0.9851800147494824,0.29394672787158815
1280,sample,281,2.443413340486586,0.84,0.776061616726161,0.5563841145984818,2.6085263875461875,0.37505668868905756
1281,sample,282,2.4805666636675596,0.84,0.776061616726161,0.3125774484856465,2.108183604122674,0.43210718083040955
1282,sample,283,2.45884791854769,0.84,0.776061616726161,0.6683937542277143,1.630538451449192,0.6188642678321811
1283,sample,284,2.435300207696855,0.82,0.776061616726161,0.6683937542277143,1.630538451449192,0.6188642678321811
1284,sample,285,2.434759066440165,0.8,0.776061616726161,0.6683937542277143,1.630538451449192,0.6188642678321811
1285,sample,286,2.471119944937527,0.8,0.776061616726161,0.6436515168617644,0.7858829808388557,0.6231026857455687
1286,sample,287,2.4583894358947873,0.82,0.776061616726161,0.2853169190809335,0.9501105823528201,0.5315545391829739
1287,sample,288,2.4480937868356705,0.82,0.776061616726161,0.8964396468120509,0.9247337543805824,0.5324315359432892
1288,sample,289,2.433741685003042,0.8,0.776061616726161,0.8964396468120509,0.9247337543805824,0.5324315359432892
1289,sample,290,2.464030336588621,0.8,0.776061616726161,1.1709238404892566,1.2247140780507564,0.5940609099876393
1290,sample,291,2.4238414242863655,0.8,0.776061616726161,1.06533299376936,1.3685909098558389,0.6970198036544991
1291,sample,292,2.4508110098540783,0.8,0.776061616726161,1.110915881998088,1.425099831353132,0.6230545359900709
1292,sample,293,2.486653631553054,0.8,0.776061616726161,0.869110160056606,1.8803833289473264,0.7411554745914651
1293,sample,294,2.463251603767276,0.8,0.776061616726161,1.3200421243302811,3.6885891338525556,0.8467647962945998
1294,sample,295,2.491744694299996,0.8,0.776061616726161,0.5757254252462141,1.424854608121434,0.7408028371190045
1295,sample,296,2.4723433926701546,0.8,0.776061616726161,0.6943298003257998,2.0445360528207632,0.61637320492322
1296,sample,297,2.457090998068452,0.78,0.776061616726161,0.6943298003257998,2.0445360528207632,0.61637320492322
1297,sample,298,2.4468522472307086,0.78,0.776061616726161,0.8509395266066627,0.6732729731038307,0.5761422650029823
1298,sample,299,2.4475879268720746,0.78,0.776061616726161,0.6909208407854066,0.4646994250059383,0.5252731600762356
1299,sample,300,2.4553013537079096,0.78,0.776061616726161,0.8983645105439968,1.5831319911908335,0.43602207587368824
1300,sample,301,2.45695879496634,0.78,0.776061616726161,0.33061158008407154,1.3827601814343151,0.3445588798016094
1301,sample,302,2.452619530260563,0.8,0.776061616726161,0.8964208250575382,0.8063795613914345,0.43535965867947946
1302,sample,303,2.484530597925186,0.8,0.776061616726161,1.7179035623727539,0.38559302187218375,0.5277735332550817
1303,sample,304,2.431005408987403,0.78,0.776061616726161,1.7179035623727539,0.38559302187218375,0.5277735332550817
1304,sample,305,2.4296577237546444,0.78,0.776061616726161,1.6113559474829255,0.8512033746227097,0.6593562698901901
1305,sample,306,2.4505459209904075,0.8,0.776061616726161,1.4598574425437074,1.7673424919336622,0.47425509690561446
1306,sample,307,2.471819454804063,0.8,0.776061616726161,1.3918663660766721,1.5635322980277127,0.4157194433150501
1307,sample,308,2.4313496183604,0.8,0.776061616726161,0.6800943840492308,1.6417670931794908,0.3150067363439841
1308,sample,309,2.484289310872555,0.8,0.776061616726161,0.5273110350713953,1.1009704316357143,0.4061362777096839
1309,sample,310,2.470650157891214,0.82,0.776061616726161,0.7313993399756129,0.9279665343647462,0.5290704535355264
1310,sample,311,2.4616773212328553,0.82,0.776061616726161,0.6882155476552034,0.7483770480335155,0.6505465683675282
1311,sample,312,2.4297212874516845,0.82,0.776061616726161,0.6882155476552034,0.7483770480335155,0.6505465683675282
1312,sample,313,2.420344451442361,0.82,0.776061616726161,0.9281097022910835,0.8481601376934811,0.5996936224082793
1313,sample,314,2.4598892964422703,0.82,0.776061616726161,0.8601419426565351,0.5228349684706707,0.7220992238540969
1314,sample,315,2.4419471537694335,0.82,0.776061616726161,1.0348316319943214,2.959860565021569,0.4937935045723091
1315,sample,316,2.4616983653977513,0.84,0.776061616726161,0.6166676074177507,0.4766884045908704,0.5645110299066172
1316,sample,317,2.435285105369985,0.84,0.776061616726161,0.6335410298777523,2.677716739489349,0.37038854686158
1317,sample,318,2.444715166464448,0.84,0.776061616726161,0.49300860573349126,3.2763986919323664,0.46777419443966994
1318,sample,319,2.434916563332081,0.84,0.776061616726161,0.34596555182440936,0.8690163465384904,0.5768926458920562
1319,sample,320,2.42965882178396,0.84,0.776061616726161,1.499552760519051,1.3329379444833482,0.4444099452080441
1320,sample,321,2.451592962257564,0.86,0.776061616726161,1.2228745354679809,0.6997688924585733,0.5378710782366026
1321,sample,322,2.4178027771413326,0.86,0.776061616726161,0.5128989627451407,0.5567160435194599,0.6736830326288692
1322,sample,323,2.4870326770469546,0.88,0.776061616726161,0.5377921288165857,0.4887846899958964,0.6994249418558327
1323,sample,324,2.499599438160658,0.88,0.776061616726161,0.545845347716583,0.7976712553619598,0.808192024547012
1324,sample,325,2.4932896299287677,0.88,0.776061616726161,0.7289921589976321,0.44316217239768463,0.885441308153258
1325,sample,326,2.43885740917176,0.88,0.776061616726161,0.8327549103344726,0.9389280347910416,0.8594344934182695
1326,sample,327,2.444155135191977,0.88,0.776061616726161,1.221600185799379,0.9963283909564868,0.9155085163643054
1327,sample,328,2.4868518291041255,0.88,0.776061616726161,0.9623261193593695,0.9574698576168934,0.8983637550751912
1328,sample,329,2.4742947025224566,0.88,0.776061616726161,0.6670469469087876,1.1154422935922474,0.843425499664465
1329,sample,330,2.4655180145055056,0.88,0.776061616726161,1.2839003198529646,0.9124243875764412,0.8301027166945475
1330,sample,331,2.4740939531475306,0.88,0.776061616726161,1.0323125140355567,0.7701532731555963,0.871129077732471
1331,sample,332,2.484433589503169,0.88,0.776061616726161,1.0606702968304174,0.5960644504524395,0.7570365757684823
1332,sample,333,2.4503954937681556,0.88,0.776061616726161,0.22387725235147676,0.7124314861490384,0.6980454712500601
1333,sample,334,2.4916802933439612,0.9,0.776061616726161,1.7454096334398541,1.6777731657970207,0.7450699508647506
1334,sample,335,2.491554854437709,0.92,0.776061616726161,1.655719709588149,1.6059901345045802,0.734480197274774
1335,sample,336,2.4560986487194896,0.92,0.776061616726161,1.2172561175697347,1.306815169950471,0.8385679686781067
1336,sample,337,2.4686098378151655,0.92,0.776061616726161,1.242603737423349,0.8080001659210367,0.7567881728745882
1337,sample,338,2.4522787099704146,0.92,0.776061616726161,1.3123997271507042,1.0263325815578224,0.6871442970506715
1338,sample,339,2.450685892254114,0.92,0.776061616726161,1.3123997271507042,1.0263325815578224,0.6871442970506715
1339,sample,340,2.4822403928264976,0.92,0.776061616726161,1.2791213568781374,1.0083075933952805,0.8120449925481331
1340,sample,341,2.484222302213311,0.92,0.776061616726161,1.199922237511902,0.9766718536347391,0.8250971392417098
1341,sample,342,2.475605322048068,0.92,0.776061616726161,0.5099424331928211,1.2763239226664058,0.7160663376353159
1342,sample,343,2.4843368977308273,0.92,0.776061616726161,0.5187124204209717,1.252912865787953,0.694472166734002
1343,sample,344,2.4352423464879394,0.92,0.776061616726161,0.8700202204042854,1.6883059092921504,0.76032308115263
1344,sample,345,2.437072138302028,0.92,0.776061616726161,0.9503017595998827,1.2857574931528253,0.8305031925122465
1345,sample,346,2.446735135279596,0.92,0.776061616726161,0.936497151190123,0.9525279987645133,0.8895199580498696
1346,sample,347,2.4728999426588416,0.92,0.776061616726161,0.936497151190123,0.9525279987645133,0.8895199580498696
1347,sample,348,2.431796396151185,0.92,0.776061616726161,1.1648067053445044,1.1419135700475291,0.8659495540961307
1348,sample,349,2.4447146700695157,0.9,0.776061616726161,1.1648067053445044,1.1419135700475291,0.8659495540961307
1349,sample,350,2.4764460744336247,0.9,0.776061616726161,2.2364656494093333,0.9525035333113244,0.869169270445349
1350,sample,351,2.438250469043851,0.9,0.776061616726161,0.4257050954744464,0.9889060841030162,0.7575776516262568
1351,sample,352,2.430920538492501,0.9,0.776061616726161,0.5521940894515036,2.4478882888893607,0.7924889104705134
1352,sample,353,2.4349508471786976,0.9,0.776061616726161,0.5400114219652594,0.6706478908886399,0.8805022892588988
1353,sample,354,2.489551855251193,0.92,0.776061616726161,0.6262593035560531,0.8621926256270234,0.9766108719095697
1354,sample,355,2.500703066587448,0.92,0.776061616726161,0.47253288923890013,1.8844362758533197,0.9522633395118993
1355,sample,356,2.446775898337364,0.92,0.776061616726161,0.3459481017549968,1.9619146750980596,0.8590430312990898
1356,sample,357,2.4449393386021256,0.9,0.776061616726161,0.3459481017549968,1.9619146750980596,0.8590430312990898
1357,sample,358,2.430575137026608,0.88,0.776061616726161,0.3459481017549968,1.9619146750980596,0.8590430312990898
1358,sample,359,2.4543173676356673,0.88,0.776061616726161,0.6954838432596352,2.3012825209966916,0.8331650304266917
1359,sample,360,2.433975238353014,0.88,0.776061616726161,0.3034822619391476,2.8444234418350525,0.7189544138109225
1360,sample,361,2.468959623016417,0.88,0.776061616726161,0.6800391982830458,1.590513720837692,0.59507779185463
1361,sample,362,2.4861418772488832,0.88,0.776061616726161,0.6800391982830458,1.590513720837692,0.59507779185463
1362,sample,363,2.499034021049738,0.88,0.776061616726161,0.4898244783458885,1.469252436554565,0.4920082644226847
1363,sample,364,2.4500777581706643,0.88,0.776061616726161,0.6741875541723237,2.0712550126189533,0.5732053714969448
1364,sample,365,2.4549243384972215,0.88,0.776061616726161,0.7866750816035394,1.6261865379864424,0.4893072596611511
1365,sample,366,2.458425889723003,0.88,0.776061616726161,1.5472222044964041,1.2028838367916403,0.42984174828868243
1366,sample,367,2.4547947868704796,0.88,0.776061616726161,1.1481612462693473,0.7931937894252378,0.4260961343992867
1367,sample,368,2.451523056253791,0.88,0.776061616726161,0.8077600700618021,0.6051533383299169,0.42801418059030893
1368,sample,369,2.447997013106942,0.86,0.776061616726161,0.8077600700618021,0.6051533383299169,0.42801418059030893
1369,sample,370,2.462261672131717,0.86,0.776061616726161,1.2298095961743292,0.4279833870985872,0.35075428496744776
1370,sample,371,2.488594469614327,0.86,0.776061616726161,1.54066847268998,0.6566166931228059,0.24745991201582718
1371,sample,372,2.4658268745988607,0.86,0.776061616726161,1.2305740795962734,0.7422363555616157,0.29712187971702203
1372,sample,373,2.4217018457129598,0.84,0.776061616726161,1.2305740795962734,0.7422363555616157,0.29712187971702203
1373,sample,374,2.4795473534613848,0.82,0.776061616726161,1.2305740795962734,0.7422363555616157,0.29712187971702203
1374,sample,375,2.4595802249386907,0.8,0.776061616726161,1.2305740795962734,0.7422363555616157,0.29712187971702203
1375,sample,376,2.4397120429202914,0.78,0.776061616726161,1.2305740795962734,0.7422363555616157,0.29712187971702203
1376,sample,377,2.4904761370271444,0.78,0.776061616726161,1.1574627546948424,0.7289934202649931,0.36140682060722096
1377,sample,378,2.491497678682208,0.76,0.776061616726161,1.1574627546948424,0.7289934202649931,0.36140682060722096
1378,sample,379,2.5076507525518537,0.76,0.776061616726161,1.1783627683160756,0.9552723859450124,0.3003560464123145
1379,sample,380,2.488188457675278,0.76,0.776061616726161,1.4524590333465321,0.9329096482238859,0.3325650220084272
1380,sample,381,2.474607540294528,0.76,0.776061616726161,2.006474125397926,0.31552670639886454,0.4400810380193596
1381,sample,382,2.438554748892784,0.76,0.776061616726161,1.2634478104470033,1.8686875573196107,0.4783349814244119
1382,sample,383,2.4179605087265372,0.76,0.776061616726161,0.4398404551768341,1.7769377847169263,0.4403582109168101
1383,sample,384,2.433771043084562,0.74,0.776061616726161,0.4398404551768341,1.7769377847169263,0.4403582109168101
1384,sample,385,2.448223843239248,0.74,0.776061616726161,0.770513194983543,0.3508081470241304,0.8210726676360637
1385,sample,386,2.4545036423951387,0.74,0.776061616726161,0.9057768496088837,1.823390390100441,0.7729318076192295
1386,sample,387,2.4480663407593966,0.74,0.776061616726161,1.2022257319334648,1.6416327598010265,0.717890462037683
1387,sample,388,2.4396283822134137,0.74,0.776061616726161,1.66503972733836,2.442560088220489,0.706381580097612
1388,sample,389,2.4652812872081995,0.76,0.776061616726161,1.2998724649515871,0.41427848364531156,0.7094108738474687
1389,sample,390,2.4554301099851727,0.76,0.776061616726161,0.8574845593039331,1.5810429721958195,0.5940117627624415
1390,sample,391,2.470719648525119,0.76,0.776061616726161,1.3047217278746124,1.018169837483732,0.6246909183682938
1391,sample,392,2.4409202933311462,0.76,0.776061616726161,0.7801890423584917,0.8552913806030124,0.4887128258276554
1392,sample,393,2.475519902072847,0.76,0.776061616726161,1.2056098006219162,0.869867531362741,0.435741087685605
1393,sample,394,2.456850005313754,0.76,0.776061616726161,0.8791963020869848,0.6388080064137079,0.5670135180354554
1394,sample,395,2.460351062938571,0.74,0.776061616726161,0.8791963020869848,0.6388080064137079,0.5670135180354554
1395,sample,396,2.4800141900777817,0.74,0.776061616726161,0.7553354757807333,1.0104270623486968,0.43543737947523464
1396,sample,397,2.4680301966145635,0.74,0.776061616726161,0.7553354757807333,1.0104270623486968,0.43543737947523464
1397,sample,398,2.4348125169053674,0.74,0.776061616726161,0.7577346833662107,0.5433547534151442,0.5323145828823687
1398,sample,399,2.4240356292575598,0.74,0.776061616726161,0.7577346833662107,0.5433547534151442,0.5323145828823687
1399,sample,400,2.428491243161261,0.72,0.776061616726161,0.7577346833662107,0.5433547534151442,0.5323145828823687
1400,sample,401,2.4306512093171477,0.72,0.776061616726161,0.32071025601478054,1.406016087683899,0.4485567023863254
1401,sample,402,2.457793289795518,0.72,0.776061616726161,0.5328320267867328,1.3629572694705103,0.3881005941184116
1402,sample,403,2.45888664200902,0.72,0.776061616726161,0.37940071783264706,0.955365779922848,0.4819294092415949
1403,sample,404,2.442136355675757,0.72,0.776061616726161,0.6720752608724558,1.0140987492503,0.3644397252877445
1404,sample,405,2.481350289657712,0.72,0.776061616726161,0.46195901319614335,0.5464363119077853,0.2799949124558779
1405,sample,406,2.4721397049725056,0.72,0.776061616726161,0.5245939585705982,0.4462742709867909,0.17980399693396262
1406,sample,407,2.4731165086850524,0.74,0.776061616726161,0.6349116235159548,0.6922237954115,0.5423097161186261
1407,sample,408,2.469239203259349,0.76,0.776061616726161,0.7336074073251188,0.802771668968117,0.6783322606788054
1408,sample,409,2.512524642981589,0.76,0.776061616726161,0.6182575146236006,0.5184100962449089,0.6153327813468318
1409,sample,410,2.4732684222981334,0.76,0.776061616726161,0.8723314447550097,0.5290350210062327,0.5698397785321957
1410,sample,411,2.4833153020590544,0.76,0.776061616726161,0.6362800421010444,0.5574771687003234,0.6403680837034283
1411,sample,412,2.5136888213455677,0.78,0.776061616726161,0.6349085209039176,1.0839720199429892,0.5171089277113724
1412,sample,413,2.458470383659005,0.76,0.776061616726161,0.6349085209039176,1.0839720199429892,0.5171089277113724
1413,sample,414,2.4694089088588953,0.76,0.776061616726161,0.6165777206984157,2.2249134763732084,0.6463853193192245
1414,sample,415,2.4369192104786634,0.76,0.776061616726161,0.7644985955481584,0.3334971028750956,0.5503851421101319
1415,sample,416,2.4557511834427714,0.74,0.776061616726161,0.7644985955481584,0.3334971028750956,0.5503851421101319
1416,sample,417,2.4728990541771054,0.72,0.776061616726161,0.7644985955481584,0.3334971028750956,0.5503851421101319
1417,sample,418,2.451214103959501,0.72,0.776061616726161,0.40975776860838037,1.1550233051150032,0.5275440965761982
1418,sample,419,2.429626438766718,0.74,0.776061616726161,0.47721196176849845,0.9333889236600156,0.5246331483186042
1419,sample,420,2.4289744533598423,0.74,0.776061616726161,1.1839478472832439,0.8225968042913318,0.6135182888118693
1420,sample,421,2.4749175859615207,0.74,0.776061616726161,1.0173995006451397,1.1916996047242814,0.6757444147070574
1421,sample,422,2.4571712622419,0.74,0.776061616726161,0.7576258242790849,0.5326107254346406,0.6036536407113176
1422,sample,423,2.4566074199974537,0.74,0.776061616726161,0.7576258242790849,0.5326107254346406,0.6036536407113176
1423,sample,424,2.4321616869419813,0.76,0.776061616726161,0.6625878581082996,0.5012132908413413,1.0950470857177776
1424,sample,425,2.445507458411157,0.78,0.776061616726161,0.7291614040697517,2.9344869078273192,1.0949688371668016
1425,sample,426,2.442214203067124,0.8,0.776061616726161,0.6324329792916322,2.8450230687732496,1.047189601908816
1426,sample,427,2.434222798794508,0.78,0.776061616726161,0.6324329792916322,2.8450230687732496,1.047189601908816
1427,sample,428,2.457040191628039,0.8,0.776061616726161,0.384186044338081,2.879092140330151,1.0692220288079877
1428,sample,429,2.426902089267969,0.8,0.776061616726161,0.43662971031931225,1.3145498197946104,0.7295319228458158
1429,sample,430,2.4449387788772583,0.8,0.776061616726161,1.8636416885646023,0.6331462400825923,0.6317925661348123
1430,sample,431,2.4219738468527794,0.8,0.776061616726161,1.2666407719907558,0.8421509740852923,0.6277370833856917
1431,sample,432,2.4867034582421184,0.78,0.776061616726161,1.2666407719907558,0.8421509740852923,0.6277370833856917
1432,sample,433,2.4502095906063914,0.78,0.776061616726161,1.4851041423807614,1.105437503462758,0.7083457945288701
1433,sample,434,2.4894066881388426,0.8,0.776061616726161,1.7060358137641871,0.9457269247922375,0.6482856895162475
1434,sample,435,2.4548365427181125,0.78,0.776061616726161,1.7060358137641871,0.9457269247922375,0.6482856895162475
1435,sample,436,2.4428734658285975,0.78,0.776061616726161,1.393261361488701,1.3526755498609193,0.5349978306771601
1436,sample,437,2.4527107011526823,0.78,0.776061616726161,0.25792730200311187,1.2709848061349425,0.5878276848281659
1437,sample,438,2.431997003033757,0.76,0.776061616726161,0.25792730200311187,1.2709848061349425,0.5878276848281659
1438,sample,439,2.4892322132363915,0.76,0.776061616726161,1.496669366073938,1.2797012093381055,0.71697049444396
1439,sample,440,2.4478568229824305,0.76,0.776061616726161,1.3838862951393456,0.9045757026529693,0.5945469829362238
1440,sample,441,2.466032919473946,0.76,0.776061616726161,1.233546634468377,1.1588856145599042,0.38888453165230763
1441,sample,442,2.4797421162948012,0.76,0.776061616726161,0.8192678892830215,1.257529542420471,0.3261179175916362
1442,sample,443,2.48440645262599,0.76,0.776061616726161,1.1968053203212645,1.3283532438409478,0.3755622890434829
1443,sample,444,2.4872574815526605,0.76,0.776061616726161,1.4832436885110907,1.2411217598568023,0.4114717934083462
1444,sample,445,2.4971580486744642,0.76,0.776061616726161,1.4832436885110907,1.2411217598568023,0.4114717934083462
1445,sample,446,2.4689034344628453,0.76,0.776061616726161,1.044539993301007,0.5266910266111038,0.3133736340349103
1446,sample,447,2.4690877301618457,0.76,0.776061616726161,1.044539993301007,0.5266910266111038,0.3133736340349103
1447,sample,448,2.435759291984141,0.76,0.776061616726161,1.7318077569877754,0.6368768586452606,0.4127260114304942
1448,sample,449,2.468636143952608,0.78,0.776061616726161,1.0572688381184845,0.7820059627512222,0.33623675397159913
1449,sample,450,2.431925763376057,0.8,0.776061616726161,1.6869456657892568,0.6780855544124683,0.37005351150239923
1450,sample,451,2.442177993245423,0.8,0.776061616726161,1.0630092482316085,1.0806643409347927,0.2976322478316925
1451,sample,452,2.4578961292281747,0.8,0.776061616726161,0.9518745610338003,1.1662604584686551,0.27231217936485946
1452,sample,453,2.4610597752034664,0.8,0.776061616726161,1.221966545721742,0.8913336620728296,0.3491683652461893
1453,sample,454,2.4677380891516805,0.8,0.776061616726161,1.1598512054196817,0.819488131266762,0.4554961977068028
1454,sample,455,2.458358003757894,0.8,0.776061616726161,1.2042099940458075,0.692574939288976,0.34877023496856824
1455,sample,456,2.4428449803963304,0.8,0.776061616726161,1.1777345299940958,0.5304587610852813,0.3542793719962649
1456,sample,457,2.480384229682386,0.8,0.776061616726161,0.8031247699289938,0.5644005618631273,0.356801222745355
1457,sample,458,2.457704147323966,0.8,0.776061616726161,0.7213681586107662,1.2881384112770795,0.47194978606202237
1458,sample,459,2.459028009325266,0.8,0.776061616726161,1.0726690136121193,1.2883058532038403,0.4303221629000085
1459,sample,460,2.4668952729552984,0.8,0.776061616726161,1.048628506415897,1.4879852413279144,0.489362020606778
1460,sample,461,2.4505590004846454,0.8,0.776061616726161,1.5966104889591126,1.9848065245547164,0.3709102729063528
1461,sample,462,2.4432820044457912,0.8,0.776061616726161,0.45129143665872273,3.7595017482701127,0.3637803573539903
1462,sample,463,2.4323034370318055,0.82,0.776061616726161,0.42722078270584674,3.0642235711370125,0.46377057175085
1463,sample,464,2.425541120581329,0.82,0.776061616726161,0.5239917439509767,1.5423240539751932,0.5278907966524706
1464,sample,465,2.431496457196772,0.82,0.776061616726161,0.43681921063362644,1.2000241888059513,0.5679756099242199
1465,sample,466,2.449356036260724,0.84,0.776061616726161,0.7827914663426898,1.605892530907278,0.6829307243222291
1466,sample,467,2.4393032202497125,0.86,0.776061616726161,0.8852599615328413,1.4289351885868617,0.770396795594822
1467,sample,468,2.461939325556159,0.86,0.776061616726161,0.7367600213519676,1.0651358656498982,0.8258633010539864
1468,sample,469,2.425649857148528,0.84,0.776061616726161,0.7367600213519676,1.0651358656498982,0.8258633010539864
1469,sample,470,2.4381306590512395,0.82,0.776061616726161,0.7367600213519676,1.0651358656498982,0.8258633010539864
1470,sample,471,2.4406456518918276,0.82,0.776061616726161,0.47114586510173595,1.3968362956761644,0.9287366839642452
1471,sample,472,2.4301961418241262,0.82,0.776061616726161,0.5451533391644094,1.0477214103669579,0.8683655718201084
1472,sample,473,2.4539706548675895,0.84,0.776061616726161,0.9967292611544025,1.1249506600075354,0.9412519088054196
1473,sample,474,2.471677999943495,0.84,0.776061616726161,0.8385852681370535,1.313039582740941,0.8922168751475072
1474,sample,475,2.4547551423311234,0.84,0.776061616726161,0.834458971517375,0.9431434007587393,0.8894728854974467
1475,sample,476,2.44273738656193,0.84,0.776061616726161,0.9250364158697242,1.629873234142555,0.7800392478450162
1476,sample,477,2.438577124848962,0.86,0.776061616726161,0.42857083037139665,2.1732733445443047,0.6982532660144348
1477,sample,478,2.464164418168366,0.86,0.776061616726161,0.4497701390019797,1.5662733369354214,0.5626953891660452
1478,sample,479,2.4409107007086277,0.86,0.776061616726161,0.43074549143191243,1.3686822538597292,0.5722046820277076
1479,sample,480,2.483900500461459,0.86,0.776061616726161,0.39715346886522374,1.314768239995806,0.509056502046956
1480,sample,481,2.447894756682217,0.86,0.776061616726161,0.5724085084999685,1.589096484427991,0.39694641891113974
1481,sample,482,2.464658100157976,0.86,0.776061616726161,0.5724085084999685,1.589096484427991,0.39694641891113974
1482,sample,483,2.4885019585490227,0.86,0.776061616726161,1.9732106078960912,1.273206748333359,0.3290912501639982
1483,sample,484,2.4986086152493954,0.86,0.776061616726161,1.6128099718250983,0.9439827552334045,0.3690650878383949
1484,sample,485,2.5068764183670282,0.88,0.776061616726161,2.0144289081884126,1.2046299617585259,0.4196434142703044
1485,sample,486,2.460950051434338,0.88,0.776061616726161,1.1930934131321254,0.8981651740326996,0.39981833586838494
1486,sample,487,2.5063709504902363,0.88,0.776061616726161,1.3267103311486437,0.621306295684168,0.4897368059471424
1487,sample,488,2.5047761043533683,0.9,0.776061616726161,2.1507739898717175,1.0217246492461032,0.4382035955045167
1488,sample,489,2.4879388120025396,0.9,0.776061616726161,1.201677227559357,1.1050401372275156,0.4272196738546796
1489,sample,490,2.4835060043260455,0.88,0.776061616726161,1.201677227559357,1.1050401372275156,0.4272196738546796
1490,sample,491,2.5038500409573317,0.88,0.776061616726161,1.4064879562218775,1.4447926399240538,0.36418106209184975
1491,sample,492,2.4694616151973605,0.88,0.776061616726161,2.8900244654312135,0.5571668318532844,0.3293248612504546
1492,sample,493,2.4673921717330813,0.88,0.776061616726161,2.903953066178023,1.2888220485137691,0.27150484693197785
1493,sample,494,2.4797325870022178,0.88,0.776061616726161,1.3662361458049537,0.7412044963319087,0.3210011188230466
1494,sample,495,2.4788020057603717,0.88,0.776061616726161,1.3662361458049537,0.7412044963319087,0.3210011188230466
1495,sample,496,2.498336149379611,0.88,0.776061616726161,0.6846515660832405,0.8114280756529929,0.3591874108306006
1496,sample,497,2.453496443107724,0.9,0.776061616726161,0.3408313786000345,0.9809619348237947,0.2909226605716742
1497,sample,498,2.4815116422250867,0.88,0.776061616726161,0.3408313786000345,0.9809619348237947,0.2909226605716742
1498,sample,499,2.4656842527911067,0.88,0.776061616726161,2.218266080817878,1.0727421587715285,0.37382023781913637
1499,sample,500,2.431735560297966,0.88,0.776061616726161,2.017574216381,1.7403294484516418,0.41683215427800646
1500,sample,501,2.454790534451604,0.86,0.776061616726161,2.017574216381,1.7403294484516418,0.41683215427800646
1501,sample,502,2.4702893681824207,0.86,0.776061616726161,2.651125401045865,1.7174444556278234,0.3503553446470413
1502,sample,503,2.4906584164127707,0.86,0.776061616726161,0.2776693826346924,1.618877322518863,0.30329453876173956
1503,sample,504,2.449000478722155,0.86,0.776061616726161,1.1018930988345061,0.8767449297269043,0.29151833416187006
1504,sample,505,2.418033809401095,0.86,0.776061616726161,0.28804970236184535,1.1564726022200682,0.35755498938931807
1505,sample,506,2.433463548310101,0.86,0.776061616726161,1.2182846583585223,0.7026952276012239,0.30089456660216185
1506,sample,507,2.435217482969165,0.86,0.776061616726161,0.5147459055633269,1.1941032663252995,0.3092428154625346
1507,sample,508,2.475552666001022,0.86,0.776061616726161,0.8344744654221944,1.1760531192843964,0.38860481892725174
1508,sample,509,2.445735107176006,0.84,0.776061616726161,0.8344744654221944,1.1760531192843964,0.38860481892725174
1509,sample,510,2.4868608191609383,0.84,0.776061616726161,0.8049302161520222,1.5109151118360884,0.3954384494252368
1510,sample,511,2.467005089856684,0.84,0.776061616726161,0.7808922155372607,1.5160616523790702,0.3024283582684427
1511,sample,512,2.4407152282074094,0.82,0.776061616726161,0.7808922155372607,1.5160616523790702,0.3024283582684427
1512,sample,513,2.4684011191129684,0.82,0.776061616726161,0.7676803999179389,1.1662035813470715,0.2765913172124242
1513,sample,514,2.49898549541831,0.8,0.776061616726161,0.7676803999179389,1.1662035813470715,0.2765913172124242
1514,sample,515,2.441358830779791,0.8,0.776061616726161,0.5527428389942128,0.7004631852129315,0.2836805564374012
1515,sample,516,2.4755223197862506,0.78,0.776061616726161,0.5527428389942128,0.7004631852129315,0.2836805564374012
1516,sample,517,2.465706668794155,0.78,0.776061616726161,1.1567789377401414,1.0108879952083984,0.23326151860201014
1517,sample,518,2.490499312058091,0.76,0.776061616726161,1.1567789377401414,1.0108879952083984,0.23326151860201014
1518,sample,519,2.4708662256598473,0.78,0.776061616726161,1.1728531439954077,0.35004655337998813,0.286195202802051
1519,sample,520,2.4498544353991747,0.8,0.776061616726161,1.262035361102337,0.8576000759517374,0.3607942439150189
1520,sample,521,2.461940098553896,0.8,0.776061616726161,1.1374737929892553,0.8046111663998967,0.2779862222017589
1521,sample,522,2.4400066835805774,0.8,0.776061616726161,0.6385792562622754,0.6022292044118294,0.256425104141124
1522,sample,523,2.4121686313301325,0.78,0.776061616726161,0.6385792562622754,0.6022292044118294,0.256425104141124
1523,sample,524,2.4604394026100636,0.78,0.776061616726161,0.7310138272828763,1.275372861401959,0.25215937101029867
1524,sample,525,2.465308679267764,0.78,0.776061616726161,0.5974164867342181,1.1832472755840993,0.23405826711342323
1525,sample,526,2.4482100838795304,0.78,0.776061616726161,0.8970831662243556,2.424056220595146,0.1994785534331787
1526,sample,527,2.4465040219947696,0.76,0.776061616726161,0.8970831662243556,2.424056220595146,0.1994785534331787
1527,sample,528,2.466918812133372,0.76,0.776061616726161,0.48863570374417686,2.9698446428523706,0.2381220470378091
1528,sample,529,2.4861834552139044,0.76,0.776061616726161,0.4109335152504418,1.9988620841025566,0.24095333505448338
1529,sample,530,2.445156781002879,0.74,0.776061616726161,0.4109335152504418,1.9988620841025566,0.24095333505448338
1530,sample,531,2.4250834304839373,0.74,0.776061616726161,0.8232325564479099,0.6953340808058383,0.28242898201000843
1531,sample,532,2.4596247021108866,0.74,0.776061616726161,0.8232325564479099,0.6953340808058383,0.28242898201000843
1532,sample,533,2.454477467574179,0.74,0.776061616726161,1.0810739547413972,0.6253636301964645,0.32697344650495974
1533,sample,534,2.4069456569850445,0.74,0.776061616726161,1.015012758311645,1.2896109594651202,0.2912519967223396
1534,sample,535,2.4356311596930027,0.74,0.776061616726161,1.0554863958679601,1.2798985396051161,0.26832792650988596
1535,sample,536,2.4491969775408506,0.74,0.776061616726161,1.157595553469599,1.1133982470122408,0.2738658026233317
1536,sample,537,2.454665768891573,0.74,0.776061616726161,1.3397413153489774,0.6336559611107503,0.3538993334924601
1537,sample,538,2.428615435026586,0.74,0.776061616726161,1.6020097753500238,0.539193167697433,0.4345646449227521
1538,sample,539,2.414407870732248,0.74,0.776061616726161,1.5045872933387927,0.47096711693417054,0.42926742899686565
1539,sample,540,2.46073120739311,0.76,0.776061616726161,1.3916485805675305,1.6912598134281294,0.5531000704094594
1540,sample,541,2.433876627124846,0.76,0.776061616726161,1.7719852276735628,0.4875146419566926,0.6263945977879832
1541,sample,542,2.440606047399342,0.76,0.776061616726161,1.4293661594874745,1.0898719912552115,0.5040812155329062
1542,sample,543,2.4213176174089313,0.76,0.776061616726161,1.4021834010423708,1.034660814845943,0.4820003556908067
1543,sample,544,2.4210769534111023,0.76,0.776061616726161,1.2746630021858936,0.7884266005809384,0.4003240032681373
1544,sample,545,2.434490983374417,0.78,0.776061616726161,0.283825892082329,0.41081035707579644,0.422000298172512
1545,sample,546,2.426923744380474,0.78,0.776061616726161,1.099679046207047,0.6078506670301634,0.40356266615040887
1546,sample,547,2.453770841471851,0.78,0.776061616726161,1.1525773346121577,0.9147895758157113,0.5020594547448791
1547,sample,548,2.466186000034213,0.8,0.776061616726161,0.7858487814972814,0.7919146048163812,0.4770878439245889
1548,sample,549,2.4775704806670547,0.78,0.776061616726161,0.7858487814972814,0.7919146048163812,0.4770878439245889
1549,sample,550,2.470031919889152,0.76,0.776061616726161,0.7858487814972814,0.7919146048163812,0.4770878439245889
1550,sample,551,2.50985633675009,0.78,0.776061616726161,1.5591095668481425,0.7776775528070569,0.40884355291824925
1551,sample,552,2.4621121203526855,0.76,0.776061616726161,1.5591095668481425,0.7776775528070569,0.40884355291824925
1552,sample,553,2.463554439134896,0.74,0.776061616726161,1.5591095668481425,0.7776775528070569,0.40884355291824925
1553,sample,554,2.5006260005757213,0.74,0.776061616726161,1.3307267507456904,0.4227530377824183,0.40951672458862326
1554,sample,555,2.4765550093725324,0.74,0.776061616726161,0.4798663528843883,1.385996567531388,0.5302383469160916
1555,sample,556,2.4334536278620362,0.72,0.776061616726161,0.4798663528843883,1.385996567531388,0.5302383469160916
1556,sample,557,2.440018062479794,0.72,0.776061616726161,0.6831968828922904,0.6855322396879033,0.5753725940580908
1557,sample,558,2.4858640898019075,0.72,0.776061616726161,1.1716804109911576,0.6961050027167119,0.6790597724258635
1558,sample,559,2.4304604222998023,0.74,0.776061616726161,0.9392749752473931,1.6795214783114034,0.6964492450873818
1559,sample,560,2.438521087169647,0.74,0.776061616726161,1.2220453405855514,1.4331707388687656,0.6798620019483471
1560,sample,561,2.44977702293545,0.74,0.776061616726161,1.284924158498567,1.386055869486717,0.7604253693112928
1561,sample,562,2.459774394519627,0.76,0.776061616726161,1.329994422281073,1.5265673907624433,0.7526695595082928
1562,sample,563,2.4708796367049217,0.74,0.776061616726161,1.329994422281073,1.5265673907624433,0.7526695595082928
1563,sample,564,2.5108481468632817,0.76,0.776061616726161,0.8917355227860798,1.7271353240294431,0.7610007174311471
1564,sample,565,2.48622508905828,0.76,0.776061616726161,0.7871277643613305,1.772905832081151,0.7855603467184662
1565,sample,566,2.4960134979337454,0.78,0.776061616726161,1.1501224596206368,0.946140583030577,0.6806905732177654
1566,sample,567,2.4719403898343444,0.78,0.776061616726161,0.5699474718460306,0.9140741110893107,0.6634521924656668
1567,sample,568,2.4412777861580253,0.8,0.776061616726161,0.35832870292128194,0.957842559741678,0.5491532401980164
1568,sample,569,2.452305579558015,0.8,0.776061616726161,0.6226239805094427,1.3176700414626206,0.5966618539394242
1569,sample,570,2.441070893779397,0.8,0.776061616726161,0.8781314628613506,0.7415606179106954,0.7307001653857818
1570,sample,571,2.4567162357270718,0.8,0.776061616726161,0.8854601019123579,0.7546351224531792,0.6008821915304595
1571,sample,572,2.474746134132147,0.8,0.776061616726161,0.6701489202489636,0.7639251454499197,0.5839517917341223
1572,sample,573,2.469287673011422,0.82,0.776061616726161,0.4799612525080058,0.9188534756675235,0.5532996180286147
1573,sample,574,2.4357883036136627,0.82,0.776061616726161,0.530189170321073,0.430161596018367,0.4297807029135333
1574,sample,575,2.441151199862361,0.8,0.776061616726161,0.530189170321073,0.430161596018367,0.4297807029135333
1575,sample,576,2.4706717850640416,0.78,0.776061616726161,0.530189170321073,0.430161596018367,0.4297807029135333
1576,sample,577,2.4233775921165943,0.8,0.776061616726161,0.3273272015125324,0.8791856040188687,0.4068531005192048
1577,sample,578,2.452932762913406,0.8,0.776061616726161,0.5866590272376231,1.0678142139920044,0.31219915005968485
1578,sample,579,2.4705554079264402,0.8,0.776061616726161,0.7420808292547169,0.6640549317847046,0.32204803860533093
1579,sample,580,2.4667558316141367,0.82,0.776061616726161,0.7303932738787635,0.8416393884652726,0.33065066429346013
1580,sample,581,2.466310914605856,0.82,0.776061616726161,1.026263964613199,0.898040151113412,0.30375165527818115
1581,sample,582,2.4579965537413955,0.84,0.776061616726161,0.8097472782453595,0.7761039729462549,0.38114923761299324
1582,sample,583,2.457997949793935,0.84,0.776061616726161,0.5935080345590711,1.0073781794880377,0.4201145890164283
1583,sample,584,2.443849014118314,0.82,0.776061616726161,0.5935080345590711,1.0073781794880377,0.4201145890164283
1584,sample,585,2.462041654624045,0.8,0.776061616726161,0.5935080345590711,1.0073781794880377,0.4201145890164283
1585,sample,586,2.4659664928913116,0.8,0.776061616726161,0.6499637210946911,1.2122205493073797,0.3222615745969615
1586,sample,587,2.459267749451101,0.78,0.776061616726161,0.6499637210946911,1.2122205493073797,0.3222615745969615
1587,sample,588,2.527542844414711,0.76,0.776061616726161,0.6499637210946911,1.2122205493073797,0.3222615745969615
1588,sample,589,2.5139667131006718,0.74,0.776061616726161,0.6499637210946911,1.2122205493073797,0.3222615745969615
1589,sample,590,2.499814260751009,0.72,0.776061616726161,0.6499637210946911,1.2122205493073797,0.3222615745969615
1590,sample,591,2.448001037351787,0.72,0.776061616726161,0.7264694456868975,0.776349423650963,0.4591845062228649
1591,sample,592,2.460519952699542,0.72,0.776061616726161,0.8956467413550843,0.857232747216941,0.592664025575928
1592,sample,593,2.4550419077277184,0.72,0.776061616726161,0.872557731287342,1.1602470291050808,0.5418590067287555
1593,sample,594,2.4464081218466163,0.72,0.776061616726161,0.9128188870552277,1.2957014613205315,0.4440023915541425
1594,sample,595,2.449264303781092,0.72,0.776061616726161,0.8600223741681284,1.217113427019175,0.5283179064954752
1595,sample,596,2.4400107162073255,0.72,0.776061616726161,0.7856075935041026,0.8639702791211842,0.5356368385004316
1596,sample,597,2.4341140864416957,0.7,0.776061616726161,0.7856075935041026,0.8639702791211842,0.5356368385004316
1597,sample,598,2.4299807474017143,0.68,0.776061616726161,0.7856075935041026,0.8639702791211842,0.5356368385004316
1598,sample,599,2.425967792980373,0.7,0.776061616726161,0.9316390884586218,1.4848592087964871,0.4105644321429833
1599,sample,600,2.487196199595928,0.72,0.776061616726161,1.5099585116586096,1.3676916787024649,0.4801258902945924
1600,sample,601,2.4677074877545238,0.72,0.776061616726161,1.5372655801247839,1.6965595763611925,0.49045032084344087
1601,sample,602,2.440960019826889,0.74,0.776061616726161,1.4943781657959019,1.0967075581133494,0.46790794265655544
1602,sample,603,2.435829570516944,0.76,0.776061616726161,0.8861378334561709,0.9503821735537341,0.3662465285982636
1603,sample,604,2.463375736027956,0.74,0.776061616726161,0.8861378334561709,0.9503821735537341,0.3662465285982636
1604,sample,605,2.4518489008769393,0.74,0.776061616726161,0.9073677063360868,0.32198613311557894,0.39637643728212096
1605,sample,606,2.4558338951319456,0.76,0.776061616726161,0.8211417424798965,0.9458398139129254,0.3316519652435881
1606,sample,607,2.433621938340366,0.74,0.776061616726161,0.8211417424798965,0.9458398139129254,0.3316519652435881
1607,sample,608,2.486153706908226,0.72,0.776061616726161,0.8211417424798965,0.9458398139129254,0.3316519652435881
1608,sample,609,2.450864295475185,0.72,0.776061616726161,0.8629032392296687,0.7569636260939361,0.26235689435721654
1609,sample,610,2.4728853227570653,0.7,0.776061616726161,0.8629032392296687,0.7569636260939361,0.26235689435721654
1610,sample,611,2.457975270226598,0.7,0.776061616726161,0.7522150750333856,0.725717897717562,0.2755964255910538
1611,sample,612,2.4661045372486115,0.7,0.776061616726161,0.7976999701371179,1.0620222044007428,0.34990363437536476
1612,sample,613,2.471399246715009,0.72,0.776061616726161,2.1985480858976945,2.0601253613050625,0.3319013653392688
1613,sample,614,2.4754278073087335,0.7,0.776061616726161,2.1985480858976945,2.0601253613050625,0.3319013653392688
1614,sample,615,2.4931078674271703,0.7,0.776061616726161,1.474441633787586,1.2685559817599075,0.27374455418639676
1615,sample,616,2.4819459477439523,0.7,0.776061616726161,1.8646168864137556,0.32696805752836133,0.22399237940072847
1616,sample,617,2.4626480555161834,0.7,0.776061616726161,1.6609472348296255,1.0381315360965648,0.23657403494259277
1617,sample,618,2.4515082398429513,0.7,0.776061616726161,2.7761810197912857,1.175831163675948,0.24541643806170693
1618,sample,619,2.4625097513198853,0.7,0.776061616726161,1.7352211802010027,0.6558878121964349,0.2393588817028153
1619,sample,620,2.471753287129104,0.68,0.776061616726161,1.7352211802010027,0.6558878121964349,0.2393588817028153
1620,sample,621,2.5025504995137453,0.68,0.776061616726161,1.54876278535029,0.9065685394360273,0.2732936996481553
1621,sample,622,2.473603260703385,0.68,0.776061616726161,0.7061986978761509,0.5308075332454454,0.25184018590960344
1622,sample,623,2.453381064347923,0.68,0.776061616726161,0.8969384577133872,0.5125930509146994,0.3190390066003913
1623,sample,624,2.461167016066611,0.68,0.776061616726161,0.8971360201204753,1.1868110228910986,0.2813298926521956
1624,sample,625,2.4556648833677173,0.7,0.776061616726161,0.9892983842380794,1.1268677279684005,0.22819336794084755
1625,sample,626,2.456622109748423,0.72,0.776061616726161,0.8534812240627229,0.4886347201632842,0.2715553044157988
1626,sample,627,2.482464076951146,0.72,0.776061616726161,0.5662367503044052,0.970435375704757,0.3483791529225566
1627,sample,628,2.4409138411283493,0.72,0.776061616726161,0.5367793181207198,0.4623992550403643,0.4483619281701985
1628,sample,629,2.4582265531644225,0.72,0.776061616726161,0.8915916270386179,0.6249361916119106,0.4673168191289349
1629,sample,630,2.4635601053014398,0.72,0.776061616726161,0.6769468841842506,0.6806833540377958,0.3594896628923683
1630,sample,631,2.4324019607156515,0.72,0.776061616726161,0.7214107486641406,0.8057354729535265,0.27678664832068356
1631,sample,632,2.481067381799221,0.72,0.776061616726161,0.6818613241419569,1.937232221117209,0.21816973528404593
1632,sample,633,2.4136798549443483,0.72,0.776061616726161,2.1576289876297357,1.6389270397141484,0.18007022340163042
1633,sample,634,2.4318746775388718,0.74,0.776061616726161,2.8316155450761467,2.4389638273854217,0.20116064574446307
1634,sample,635,2.4468262614682317,0.76,0.776061616726161,0.26249745350999854,2.451688570976908,0.20589734777611574
1635,sample,636,2.4635480660945177,0.76,0.776061616726161,0.8262051337477115,2.7589390238438845,0.24494128385997926
1636,sample,637,2.4637839337810874,0.78,0.776061616726161,0.5390702148613138,0.7039156329423609,0.3008517184191124
1637,sample,638,2.46389677003026,0.8,0.776061616726161,0.5087057893959914,0.6867353420493586,0.30479151431630264
1638,sample,639,2.4363755201920867,0.8,0.776061616726161,0.5087057893959914,0.6867353420493586,0.30479151431630264
1639,sample,640,2.426404823549092,0.8,0.776061616726161,0.5087057893959914,0.6867353420493586,0.30479151431630264
1640,sample,641,2.4616548428311944,0.78,0.776061616726161,0.5087057893959914,0.6867353420493586,0.30479151431630264
1641,sample,642,2.445312974974513,0.78,0.776061616726161,0.8157568151970621,0.9369205361659833,0.26661720598687366
1642,sample,643,2.4395658746361732,0.78,0.776061616726161,0.5081445543929808,1.3471812988752765,0.21903119495646647
1643,sample,644,2.45604217518121,0.78,0.776061616726161,0.591142934686656,0.5455635586070524,0.24597652934655653
1644,sample,645,2.4559895619750023,0.76,0.776061616726161,0.591142934686656,0.5455635586070524,0.24597652934655653
1645,sample,646,2.455242005176842,0.76,0.776061616726161,0.6991269204169717,0.5195795384053464,0.27406705419680094
1646,sample,647,2.4706734847277403,0.78,0.776061616726161,0.9299704382322564,0.4682684747793706,0.22502503785142178
1647,sample,648,2.4570727655664086,0.8,0.776061616726161,1.0511259927196273,0.6344455659543545,0.2769777961359776
1648,sample,649,2.454870542511344,0.78,0.776061616726161,1.0511259927196273,0.6344455659543545,0.2769777961359776
1649,sample,650,2.4901031497865915,0.76,0.776061616726161,1.0511259927196273,0.6344455659543545,0.2769777961359776
1650,sample,651,2.448533802293241,0.76,0.776061616726161,1.1183893996357683,0.9000632116888807,0.2587058059910406
1651,sample,652,2.4281561402603984,0.76,0.776061616726161,2.334778414462826,0.4153677885485517,0.26093771314607767
1652,sample,653,2.461635240353644,0.76,0.776061616726161,1.377326938814177,0.8318726852873052,0.2550993374483892
1653,sample,654,2.4615072775632143,0.78,0.776061616726161,0.5577858478565586,1.5733324254294203,0.29702967379279865
1654,sample,655,2.463772078976035,0.78,0.776061616726161,1.140550530523894,0.984962334989519,0.3257813669925598
1655,sample,656,2.421471683308482,0.78,0.776061616726161,2.577904848487502,1.57217610309811,0.3999364923039347
1656,sample,657,2.511201675981283,0.8,0.776061616726161,0.716421643271429,1.9701919163254473,0.3607677053503241
1657,sample,658,2.47067101765424,0.82,0.776061616726161,0.47089487545595277,1.1041377609796508,0.3486672283142055
1658,sample,659,2.420223337598145,0.82,0.776061616726161,0.6706574899196532,4.823168694586596,0.42928492063728096
1659,sample,660,2.430075054988265,0.84,0.776061616726161,0.7605111317522393,0.6377072663494129,0.4164159289930953
1660,sample,661,2.4403750989586115,0.84,0.776061616726161,0.6992297009034817,2.4721859323442197,0.5444612847361617
1661,sample,662,2.4290898125618696,0.84,0.776061616726161,1.0214137489099413,2.2394135126414207,0.4921794002132467
1662,sample,663,2.4486099369823933,0.84,0.776061616726161,1.1864783267231804,1.6733791945785699,0.3988454491512639
1663,sample,664,2.44697361625731,0.86,0.776061616726161,1.3101685763106778,0.9494202113991441,0.5107894608605604
1664,sample,665,2.449993303976953,0.86,0.776061616726161,0.5304026089718012,1.1150409497123341,0.3877499306154093
1665,sample,666,2.4822503766044974,0.86,0.776061616726161,0.3752748274653934,1.0660675648747404,0.34036813551740985
1666,sample,667,2.4931704802438617,0.86,0.776061616726161,0.4859972692142899,0.6799947850752797,0.3232309024912965
1667,sample,668,2.486410740762949,0.86,0.776061616726161,0.594137352842397,1.3707615768851686,0.42221700211003155
1668,sample,669,2.481745553202927,0.86,0.776061616726161,0.6696038094340391,1.0564244618297147,0.4551171855752863
1669,sample,670,2.4863402731716633,0.86,0.776061616726161,0.6696038094340391,1.0564244618297147,0.4551171855752863
1670,sample,671,2.4723022505640984,0.86,0.776061616726161,0.7359331885441583,0.5469982516820091,0.3829538379278355
1671,sample,672,2.470163674093783,0.84,0.776061616726161,0.7359331885441583,0.5469982516820091,0.3829538379278355
1672,sample,673,2.462442822754383,0.84,0.776061616726161,0.7650359180412067,0.6467289823900508,0.5052015467305513
1673,sample,674,2.469776746816933,0.84,0.776061616726161,0.529053067470914,0.6373336533234858,0.6133753526014453
1674,sample,675,2.4644910329952836,0.84,0.776061616726161,0.7169388579103183,0.4018354569916457,0.5345369730014333
1675,sample,676,2.4779011625796556,0.84,0.776061616726161,0.6517483179664278,1.3301460107701706,0.5572917159518155
1676,sample,677,2.482921372167766,0.82,0.776061616726161,0.6517483179664278,1.3301460107701706,0.5572917159518155
1677,sample,678,2.4792093224823475,0.82,0.776061616726161,0.5021714238630834,1.2661998153560576,0.5605337351349301
1678,sample,679,2.452952311374247,0.82,0.776061616726161,0.3505637271881712,1.1595101628025741,0.47493529513305655
1679,sample,680,2.439369480125606,0.8,0.776061616726161,0.3505637271881712,1.1595101628025741,0.47493529513305655
1680,sample,681,2.451240997761488,0.8,0.776061616726161,0.5999074176580074,1.3967942354030625,0.3590697087219338
1681,sample,682,2.4540517050772905,0.78,0.776061616726161,0.5999074176580074,1.3967942354030625,0.3590697087219338
1682,sample,683,2.4711812753230333,0.78,0.776061616726161,0.8021846164928813,1.0062862209237604,0.4400237427114333
1683,sample,684,2.4806604562327266,0.78,0.776061616726161,1.391028184696159,0.6404667265154171,0.39100693847977613
1684,sample,685,2.462590627372265,0.76,0.776061616726161,1.391028184696159,0.6404667265154171,0.39100693847977613
1685,sample,686,2.456942778080702,0.74,0.776061616726161,1.391028184696159,0.6404667265154171,0.39100693847977613
1686,sample,687,2.493576616048813,0.74,0.776061616726161,0.7165026235785936,0.6931912980907928,0.5026814552936308
1687,sample,688,2.46494257170707,0.74,0.776061616726161,0.623396607712763,0.79084950710479,0.5446824966009399
1688,sample,689,2.429510467685759,0.76,0.776061616726161,0.7527224939248495,0.5936340553270663,0.6054403135053197
1689,sample,690,2.444920649752021,0.78,0.776061616726161,0.31189161870222076,1.166592305896585,0.5095621006467874
1690,sample,691,2.446992884390056,0.8,0.776061616726161,0.5521313802923584,0.9864236704986572,0.6326682981448175
1691,sample,692,2.4404298001900315,0.8,0.776061616726161,0.6848870271189067,0.7823528123918497,0.4972822896402005
1692,sample,693,2.443366385065019,0.8,0.776061616726161,0.6780055341419509,0.872846881337809,0.4588341417924853
1693,sample,694,2.461057468317449,0.8,0.776061616726161,0.6052741810612327,0.6719857345676434,0.4451242552342808
1694,sample,695,2.4812433691695333,0.82,0.776061616726161,0.7073108355214913,0.7125331840216305,0.38560745841534616
1695,sample,696,2.471998649649322,0.82,0.776061616726161,0.3739291961323814,1.0116595446958305,0.49715938744200133
1696,sample,697,2.474012187682092,0.8,0.776061616726161,0.3739291961323814,1.0116595446958305,0.49715938744200133
1697,sample,698,2.4544330025091767,0.8,0.776061616726161,1.2439488264932126,0.9149462990086971,0.4568332056607678
1698,sample,699,2.43335797265172,0.8,0.776061616726161,1.2439488264932126,0.9149462990086971,0.4568332056607678
1699,sample,700,2.4756493903696537,0.82,0.776061616726161,1.482876255297975,1.5158208065451577,0.41399880971925734
1700,sample,701,2.4472794979810715,0.82,0.776061616726161,1.4209284866307341,2.3350678082826066,0.3933869589221536
1701,sample,702,2.446553844027221,0.82,0.776061616726161,2.460237495336697,0.25628618287152083,0.4499047141986779
1702,sample,703,2.424761495552957,0.82,0.776061616726161,2.4242707643093224,1.458061298304837,0.388540714136725
1703,sample,704,2.4361542826518416,0.82,0.776061616726161,1.3616203046527735,2.78971360597156,0.4913260732481641
1704,sample,705,2.4675496481359005,0.82,0.776061616726161,2.210360035889332,2.187015568155425,0.5623452990559061
1705,sample,706,2.4595951959490776,0.82,0.776061616726161,0.9799901831546312,2.7935812018436907,0.4394936590523042
1706,sample,707,2.470479910261929,0.82,0.776061616726161,1.3342943905743638,1.2769045728609167,0.5689336098037804
1707,sample,708,2.406871591694653,0.82,0.776061616726161,1.0191926298119494,1.5052886954226217,0.5035636313333384
1708,sample,709,2.445576373487711,0.82,0.776061616726161,0.7539202282670521,1.7106475938619252,0.5361690937625917
1709,sample,710,2.4847919261083007,0.82,0.776061616726161,1.201885592882163,1.2483283819292204,0.49117122747725434
1710,sample,711,2.4853082057088614,0.8,0.776061616726161,1.201885592882163,1.2483283819292204,0.49117122747725434
1711,sample,712,2.428355110809207,0.78,0.776061616726161,1.201885592882163,1.2483283819292204,0.49117122747725434
1712,sample,713,2.447391338646412,0.78,0.776061616726161,1.1723231983506375,1.9985129911545563,0.38115994228094574
1713,sample,714,2.4600017750635743,0.76,0.776061616726161,1.1723231983506375,1.9985129911545563,0.38115994228094574
1714,sample,715,2.447715916670859,0.76,0.776061616726161,0.5991851342504162,1.5825581598292429,0.384270721277619
1715,sample,716,2.4701027488335967,0.76,0.776061616726161,0.522744770021451,1.4872099631169087,0.503599666238622
1716,sample,717,2.4398021195083857,0.74,0.776061616726161,0.522744770021451,1.4872099631169087,0.503599666238622
1717,sample,718,2.4567171651870012,0.74,0.776061616726161,0.5769413353769659,1.6672436832761062,0.4401630658440547
1718,sample,719,2.440698624588549,0.74,0.776061616726161,0.4490810917079128,1.5788694923778888,0.4445572059464906
1719,sample,720,2.448930581100285,0.76,0.776061616726161,0.6068944236451999,0.733727138885276,0.47931500774491653
1720,sample,721,2.448686140589416,0.74,0.776061616726161,0.6068944236451999,0.733727138885276,0.47931500774491653
1721,sample,722,2.4588114861398935,0.76,0.776061616726161,0.8202152032558097,0.4888808005735633,0.49863177116521734
1722,sample,723,2.452241634018719,0.76,0.776061616726161,0.7106781711094367,0.49451232589687466,0.3964268149984024
1723,sample,724,2.4456512993201613,0.76,0.776061616726161,0.8262491125047092,0.7292229632110528,0.3254507757577644
1724,sample,725,2.459298805333674,0.76,0.776061616726161,0.8809821336443961,0.9266248943271116,0.33290013554667375
1725,sample,726,2.4407205218449235,0.76,0.776061616726161,0.9439815769508932,0.8048599705800684,0.4125401638783627
1726,sample,727,2.441830597817898,0.76,0.776061616726161,0.9439815769508932,0.8048599705800684,0.4125401638783627
1727,sample,728,2.4468913562595844,0.76,0.776061616726161,1.1381576990054603,0.8370018822279969,0.3171528067785467
1728,sample,729,2.457401658408344,0.76,0.776061616726161,1.4391519725424426,0.6453095850473493,0.39511588529812436
1729,sample,730,2.4497172003611922,0.78,0.776061616726161,0.7576854704785759,0.9106517627234938,0.46061476880789476
1730,sample,731,2.4860170111060143,0.78,0.776061616726161,1.2026102650632025,1.5959108874684167,0.4478897371061985
1731,sample,732,2.4603308141231537,0.8,0.776061616726161,0.7882584652331341,2.6030440745385515,0.49533554155838266
1732,sample,733,2.4744038293138146,0.8,0.776061616726161,0.7662970622580018,2.1656284973311695,0.5621837509426337
1733,sample,734,2.4751048050820827,0.8,0.776061616726161,0.859148237484403,1.7982659048250502,0.6870454898665684
1734,sample,735,2.4486729754135013,0.82,0.776061616726161,0.8646356991856314,1.1895735286810836,0.8082555713711131
1735,sample,736,2.4897339530289173,0.84,0.776061616726161,1.562329060848428,0.7568827051365048,0.7834049742896441
1736,sample,737,2.465460881590843,0.84,0.776061616726161,0.8420701658205592,0.46148011249598675,0.861947045264502
1737,sample,738,2.4788051210343838,0.84,0.776061616726161,0.7085812823423754,0.5392951083076845,0.8404716194999955
1738,sample,739,2.4500239323824644,0.82,0.776061616726161,0.7085812823423754,0.5392951083076845,0.8404716194999955
1739,sample,740,2.449635686352849,0.82,0.776061616726161,0.8040118316789698,0.45208597049811994,0.8445433541267559
1740,sample,741,2.4588517928496003,0.82,0.776061616726161,0.8376878021005051,0.7398495663786787,0.6701520543205921
1741,sample,742,2.4238949548453093,0.82,0.776061616726161,0.6845801448362522,1.1278948552928745,0.7055022030443623
1742,sample,743,2.4601423731073737,0.82,0.776061616726161,0.4323138570150339,1.2037310722330068,0.6849294853032182
1743,sample,744,2.4461868964135647,0.82,0.776061616726161,1.1754365212923246,1.16468148830826,0.586287947364128
1744,sample,745,2.470651753246784,0.82,0.776061616726161,0.48986112576598273,0.9293082160589299,0.7184437370574216
1745,sample,746,2.430927407927811,0.82,0.776061616726161,0.4524089118606391,1.0286469205365731,0.649022961416144
1746,sample,747,2.4143646024167538,0.84,0.776061616726161,1.2476802149419817,0.9339920577352739,0.5166168676558267
1747,sample,748,2.450536634773016,0.84,0.776061616726161,1.5780745730425902,0.8013042853421258,0.4164921989733154
1748,sample,749,2.4352579237893224,0.86,0.776061616726161,1.34236857756529,0.9801193352455755,0.545341650046604
1749,sample,750,2.4435117579996586,0.86,0.776061616726161,2.401019728253325,0.7601037375466948,0.44391216943139744
1750,sample,751,2.42883344553411,0.86,0.776061616726161,1.7029002140551408,1.0431848551342242,0.5698838590118132
1751,sample,752,2.457382990978658,0.86,0.776061616726161,1.162494071533744,1.4496452808137537,0.4390595394193221
1752,sample,753,2.4376661852002144,0.86,0.776061616726161,1.1842483070992467,2.098147848430343,0.37088625310363166
1753,sample,754,2.4423496956005692,0.86,0.776061616726161,1.368446717223384,2.6047627534182487,0.43296015259791104
1754,sample,755,2.4290907345712185,0.86,0.776061616726161,0.3646402804675412,0.5229610182235257,0.5227228514032551
1755,sample,756,2.4927207035943866,0.84,0.776061616726161,0.3646402804675412,0.5229610182235257,0.5227228514032551
1756,sample,757,2.4679601034149528,0.84,0.776061616726161,0.5336360604884817,0.8257311105885525,0.6553289318878837
1757,sample,758,2.4808252761140466,0.84,0.776061616726161,0.6858521394309485,0.9460375315248004,0.610371252307442
1758,sample,759,2.449330340139568,0.84,0.776061616726161,1.323351879527015,1.169266778219633,0.7434001481769883
1759,sample,760,2.44071002304554,0.84,0.776061616726161,1.2116004189978449,0.8502210698247669,0.7557306130573207
1760,sample,761,2.4635972483083606,0.86,0.776061616726161,1.4856368481137643,1.1492672210587664,0.6769087150611468
1761,sample,762,2.4688537884503603,0.88,0.776061616726161,0.5261655655697617,0.6415183948284144,0.7621885791958579
1762,sample,763,2.4965955885127187,0.88,0.776061616726161,1.0828920298829476,0.570953694103431,0.7824904979266565
1763,sample,764,2.4505233531817794,0.9,0.776061616726161,1.5172541756347968,0.6345314606476322,0.6551260434227499
1764,sample,765,2.482230084016919,0.9,0.776061616726161,1.0187924116645628,0.49542943223589875,0.7650744644837382
1765,sample,766,2.4885027864947915,0.9,0.776061616726161,1.6589685209636706,0.5568902395569807,0.659450359316056
1766,sample,767,2.4485481390729547,0.92,0.776061616726161,1.7467267911127875,0.6698125237896256,0.6198287642011834
1767,sample,768,2.426629210822284,0.92,0.776061616726161,1.9290081079158423,0.5682954172466552,0.751599317454399
1768,sample,769,2.444376265630126,0.9,0.776061616726161,1.9290081079158423,0.5682954172466552,0.751599317454399
1769,sample,770,2.414077477529645,0.88,0.776061616726161,1.9290081079158423,0.5682954172466552,0.751599317454399
1770,sample,771,2.448473555035889,0.9,0.776061616726161,1.9782975300614147,0.6449943743876193,0.6203476209453269
1771,sample,772,2.4234642405062914,0.9,0.776061616726161,1.736825362596819,1.2668335033382974,0.5805720601300075
1772,sample,773,2.4736889405176044,0.9,0.776061616726161,0.8538034687122018,1.2635756381106062,0.6248521151705929
1773,sample,774,2.4534729225561023,0.9,0.776061616726161,0.9641074638367032,0.3649219330720265,0.6877785017783526
1774,sample,775,2.4120149947702885,0.88,0.776061616726161,0.9641074638367032,0.3649219330720265,0.6877785017783526
1775,sample,776,2.45866812299937,0.88,0.776061616726161,0.8704602643017204,0.9576511425000725,0.5813763886167371
1776,sample,777,2.447550095617771,0.9,0.776061616726161,0.7233024499368536,0.7258570706650139,0.48159078583644044
1777,sample,778,2.4672681130468845,0.9,0.776061616726161,0.7893964259907003,1.0815510753420787,0.4105405317154769
1778,sample,779,2.4878046326339245,0.88,0.776061616726161,0.7893964259907003,1.0815510753420787,0.4105405317154769
1779,sample,780,2.4652103250846267,0.86,0.776061616726161,0.7893964259907003,1.0815510753420787,0.4105405317154769
1780,sample,781,2.4666868541389704,0.86,0.776061616726161,0.7886838782167488,0.35850830423960833,0.3225027932992412
1781,sample,782,2.4478831943124533,0.86,0.776061616726161,1.250979937990372,1.2713882151715594,0.30959223684892667
1782,sample,783,2.455928842537105,0.86,0.776061616726161,1.0886717883429633,2.0177299245720155,0.24536371005440108
1783,sample,784,2.462202756665647,0.86,0.776061616726161,0.9308081231291728,1.2975229349280775,0.2075266372990072
1784,sample,785,2.4302167892456055,0.86,0.776061616726161,0.8372503358101405,1.2343995584643406,0.1837033177066576
1785,sample,786,2.4194648191332817,0.86,0.776061616726161,0.9211820864722606,0.9420284746566152,0.16948579525579438
1786,sample,787,2.4221335304901004,0.86,0.776061616726161,1.0460767151595576,0.9291707448115771,0.18273081669999205
1787,sample,788,2.4550327844917774,0.86,0.776061616726161,1.093747576555526,0.9325759906975787,0.17444545073027848
1788,sample,789,2.453070073388517,0.88,0.776061616726161,1.0638716880275265,0.6760761119793457,0.1923056199010305
1789,sample,790,2.4463074412196875,0.86,0.776061616726161,1.0638716880275265,0.6760761119793457,0.1923056199010305
1790,sample,791,2.46384653262794,0.86,0.776061616726161,1.0254954793199313,0.7534059234141891,0.20860684794348944
1791,sample,792,2.4579611774533987,0.84,0.776061616726161,1.0254954793199313,0.7534059234141891,0.20860684794348944
1792,sample,793,2.4398483047261834,0.84,0.776061616726161,0.9817445401588861,0.8107383257753025,0.2095075471106217
1793,sample,794,2.4733189437538385,0.84,0.776061616726161,1.4529094379409202,1.4529779812822508,0.22553589851833197
1794,sample,795,2.470912349410355,0.84,0.776061616726161,1.1405114761049173,1.1788346082101813,0.22906945828912942
1795,sample,796,2.427891928702593,0.82,0.776061616726161,1.1405114761049173,1.1788346082101813,0.22906945828912942
1796,sample,797,2.480839583091438,0.8,0.776061616726161,1.1405114761049173,1.1788346082101813,0.22906945828912942
1797,sample,798,2.4627004200592637,0.8,0.776061616726161,1.4836910341714367,1.9417565376525199,0.23832171603057326
1798,sample,799,2.476010004989803,0.8,0.776061616726161,0.33674967722651983,1.489640240705005,0.2692898521588325
1799,sample,800,2.4804402496665716,0.8,0.776061616726161,0.4947899024045408,0.3789117440833556,0.3466069716417198
1800,sample,801,2.5087570352479815,0.8,0.776061616726161,0.45093351622690686,0.9139781304224353,0.40861423449609474
1801,sample,802,2.456705240532756,0.78,0.776061616726161,0.45093351622690686,0.9139781304224353,0.40861423449609474
1802,sample,803,2.4460878195241094,0.78,0.776061616726161,0.9581982726967934,0.8115654076297264,0.3438751434130639
1803,sample,804,2.404972117394209,0.76,0.776061616726161,0.9581982726967934,0.8115654076297264,0.3438751434130639
1804,sample,805,2.4115661680698395,0.76,0.776061616726161,0.5926307040498181,1.2165711153255256,0.44736349359575545
1805,sample,806,2.44829788710922,0.78,0.776061616726161,0.6665928575978431,0.9566752472764481,0.40555937324708713
1806,sample,807,2.475873701274395,0.76,0.776061616726161,0.6665928575978431,0.9566752472764481,0.40555937324708713
1807,sample,808,2.4539276910945773,0.74,0.776061616726161,0.6665928575978431,0.9566752472764481,0.40555937324708713
1808,sample,809,2.4873472154140472,0.74,0.776061616726161,0.8242259176526721,1.8322609318716612,0.3745173415658789
1809,sample,810,2.447818133980036,0.74,0.776061616726161,0.6186548295883674,0.7780244989722966,0.4024060764399021
1810,sample,811,2.451790513470769,0.72,0.776061616726161,0.6186548295883674,0.7780244989722966,0.4024060764399021
1811,sample,812,2.4252750081941485,0.72,0.776061616726161,1.0062743406934906,0.68072306849869,0.35047528712752674
1812,sample,813,2.4474155846983194,0.72,0.776061616726161,1.24521725678519,0.5932813489478956,0.4337668373278287
1813,sample,814,2.476231516338885,0.72,0.776061616726161,1.2049542210330932,1.4866281504930206,0.5503996378227267
1814,sample,815,2.5177901377901435,0.72,0.776061616726161,1.3151488538143432,2.0309153646665177,0.8943418626562586
1815,sample,816,2.505812842398882,0.72,0.776061616726161,1.4829572637394692,1.6853681881777154,0.7829298762234769
1816,sample,817,2.477680344134569,0.72,0.776061616726161,1.125671626479593,1.573537954179899,0.764532927253297
1817,sample,818,2.425968592055142,0.72,0.776061616726161,1.1797568375190248,1.3466464352866845,0.8717129563948197
1818,sample,819,2.461800375021994,0.74,0.776061616726161,1.8436441316535421,1.3837895584002278,0.7993591708333176
1819,sample,820,2.45153677277267,0.76,0.776061616726161,1.2416143654133684,0.6144877925097624,0.8058173349993699
1820,sample,821,2.497262755408883,0.76,0.776061616726161,1.3194645718837315,1.2900367963957453,0.7071523996857213
1821,sample,822,2.5299236457794905,0.76,0.776061616726161,1.92859884656429,0.7336298531194797,0.8091765132608341
1822,sample,823,2.4608574686571956,0.76,0.776061616726161,1.8460636469828333,0.7056766559346905,0.7411760147617837
1823,sample,824,2.4489587554708123,0.76,0.776061616726161,1.6118737153739573,0.9862470069272122,0.8574202354453329
1824,sample,825,2.4406572403386235,0.78,0.776061616726161,1.6112622067877773,1.409793059038932,0.7421416392637801
1825,sample,826,2.4522567335516214,0.78,0.776061616726161,0.9390094600513327,1.4242485239726053,0.8461260780846449
1826,sample,827,2.4543550265952945,0.78,0.776061616726161,1.0310640614826456,1.4701177362136595,0.7789712027030952
1827,sample,828,2.4883773904293776,0.78,0.776061616726161,2.1259232431662163,1.259119384348553,0.8639444573381405
1828,sample,829,2.4510093117132783,0.8,0.776061616726161,0.7388563886331516,2.1828028674731588,0.746701125681456
1829,sample,830,2.4539136104285717,0.82,0.776061616726161,0.3720543672092647,1.9791708482402588,0.8230689989973567
1830,sample,831,2.4440295454114676,0.8,0.776061616726161,0.3720543672092647,1.9791708482402588,0.8230689989973567
1831,sample,832,2.4586283210664988,0.78,0.776061616726161,0.3720543672092647,1.9791708482402588,0.8230689989973567
1832,sample,833,2.4788748053833842,0.78,0.776061616726161,0.5334278694310884,0.4035021105089866,0.7839590548846166
1833,sample,834,2.4780306508764625,0.76,0.776061616726161,0.5334278694310884,0.4035021105089866,0.7839590548846166
1834,sample,835,2.484387877397239,0.74,0.776061616726161,0.5334278694310884,0.4035021105089866,0.7839590548846166
1835,sample,836,2.4619079157710075,0.74,0.776061616726161,0.8116633690670899,0.9825862360909913,0.6772422947348579
1836,sample,837,2.4501315634697676,0.74,0.776061616726161,0.8794424292746684,0.3147757622891989,0.6969949833039432
1837,sample,838,2.455084642395377,0.74,0.776061616726161,0.8544413977735782,0.991270274529768,0.5753566324072427
1838,sample,839,2.4294322645291686,0.74,0.776061616726161,0.5523503644264068,1.3440317175982248,0.5137519248216132
1839,sample,840,2.44386965315789,0.76,0.776061616726161,0.5475448421411395,0.997776838610373,0.4971409311484457
1840,sample,841,2.472986957989633,0.76,0.776061616726161,1.4236438217173042,1.0537142077619794,0.5785102163736651
1841,sample,842,2.468036849051714,0.78,0.776061616726161,1.2979584398309545,0.5837447874057207,0.5162643396526143
1842,sample,843,2.4375398196280003,0.78,0.776061616726161,1.306099123717651,1.2776397158200579,0.4418515890032181
1843,sample,844,2.459107479080558,0.78,0.776061616726161,1.2168045249537034,0.5368967986042392,0.41581553305482183
1844,sample,845,2.4488732730969787,0.78,0.776061616726161,1.3659578458005028,0.5638501257462749,0.36207500442401935
1845,sample,846,2.482881653122604,0.8,0.776061616726161,1.5924930524652965,0.45670115890087404,0.4732253398565718
1846,sample,847,2.4489174652844667,0.82,0.776061616726161,1.113767651210607,0.9654515370560862,0.3834631456146912
1847,sample,848,2.486708080396056,0.82,0.776061616726161,0.8729205843689909,1.0059418568605227,0.495908940882019
1848,sample,849,2.4813110092654824,0.82,0.776061616726161,0.9651177920048785,0.47939475824879874,0.5258768883938123
1849,sample,850,2.494236479513347,0.82,0.776061616726161,0.7362000064629421,0.5847262140140228,0.482276095959765
1850,sample,851,2.483271084725857,0.8,0.776061616726161,0.7362000064629421,0.5847262140140228,0.482276095959765
1851,sample,852,2.4562897123396397,0.82,0.776061616726161,1.3421064164511163,1.751292336919541,0.39988149261996153
1852,sample,853,2.465567552484572,0.82,0.776061616726161,1.3599521780456643,1.1810133900501765,0.5257670992140688
1853,sample,854,2.4602158097550273,0.84,0.776061616726161,0.42301227518252216,0.5039901316985081,0.4871160202233493
1854,sample,855,2.4506384255364537,0.84,0.776061616726161,6.493879274892279,0.48020367081745513,0.5864376935803112
1855,sample,856,2.523879791609943,0.82,0.776061616726161,6.493879274892279,0.48020367081745513,0.5864376935803112
1856,sample,857,2.4704040624201298,0.84,0.776061616726161,0.10934251835627026,0.5886191296201256,0.5918940863881458
1857,sample,858,2.482268170453608,0.86,0.776061616726161,4.003395278681631,0.7870682311080074,0.5572123023425376
1858,sample,859,2.459510350599885,0.86,0.776061616726161,1.7600827235744183,1.2474687119941128,0.5742843079642905
1859,sample,860,2.446804921142757,0.86,0.776061616726161,0.967328662640433,1.5689297408032101,0.5095151263050992
1860,sample,861,2.441753833554685,0.88,0.776061616726161,0.5574540958419433,0.49888842611240203,0.5370160569590049
1861,sample,862,2.470230826176703,0.86,0.776061616726161,0.5574540958419433,0.49888842611240203,0.5370160569590049
1862,sample,863,2.4807086447253823,0.86,0.776061616726161,0.5865953182021814,1.0944766085990585,0.5789895255207659
1863,sample,864,2.445296421647072,0.86,0.776061616726161,0.7875863960166214,1.0365685493014067,0.6029823248740641
1864,sample,865,2.468561206944287,0.86,0.776061616726161,2.263441204727306,2.172003923465475,0.5342199146947726
1865,sample,866,2.4530808348208666,0.86,0.776061616726161,1.0968938599963143,1.6945452580794844,0.46392349473485067
1866,sample,867,2.443289328366518,0.86,0.776061616726161,1.036713733805321,1.8892489627381879,0.4061837853925993
1867,sample,868,2.4438516767695546,0.86,0.776061616726161,0.6145934797357148,1.8651277309302272,0.3177827239983008
1868,sample,869,2.4635468842461705,0.84,0.776061616726161,0.6145934797357148,1.8651277309302272,0.3177827239983008
1869,sample,870,2.456900730729103,0.84,0.776061616726161,0.37783130036878276,1.6711567552814077,0.31152251470224834
1870,sample,871,2.446214440278709,0.84,0.776061616726161,0.5117169187945555,1.697728702186721,0.246234765807111
1871,sample,872,2.4700158638879657,0.84,0.776061616726161,0.6674803959194868,1.7333181152405162,0.3108719092552418
1872,sample,873,2.4447944862768054,0.84,0.776061616726161,0.3996431354807512,1.8598449990412185,0.35453236392376475
1873,sample,874,2.444819673895836,0.84,0.776061616726161,0.4253067701500921,1.3294843424093972,0.43676399514507225
1874,sample,875,2.4423102252185345,0.84,0.776061616726161,0.37791617888684004,0.45039226759206485,0.5473460859008595
1875,sample,876,2.4443651298061013,0.84,0.776061616726161,0.8304011191424193,0.9151348247512845,0.4304725556365931
1876,sample,877,2.4544825525954366,0.82,0.776061616726161,0.8304011191424193,0.9151348247512845,0.4304725556365931
1877,sample,878,2.4458081535995007,0.8,0.776061616726161,0.8304011191424193,0.9151348247512845,0.4304725556365931
1878,sample,879,2.4285157676786184,0.78,0.776061616726161,0.8304011191424193,0.9151348247512845,0.4304725556365931
1879,sample,880,2.4910367717966437,0.78,0.776061616726161,0.7226678658549153,0.9167715369446403,0.36838717670929355
1880,sample,881,2.452006851322949,0.8,0.776061616726161,1.0119365941576335,0.7928622683601574,0.5584244414128733
1881,sample,882,2.443882256746292,0.82,0.776061616726161,0.9419746905154368,0.59059633324587,0.4802513296166464
1882,sample,883,2.4465563660487533,0.82,0.776061616726161,1.2061482395689975,1.1215964941335577,0.603474927665081
1883,sample,884,2.437498859129846,0.84,0.776061616726161,0.8047133783386584,0.8211714425565046,0.5469726429624723
1884,sample,885,2.4685529340058565,0.86,0.776061616726161,0.7223117218014128,0.6982324543103401,0.6513262824290657
1885,sample,886,2.47309148311615,0.86,0.776061616726161,0.5216690515943113,0.5524105743885621,0.7395610567531232
1886,sample,887,2.4406435787677765,0.86,0.776061616726161,0.8000059903009527,1.271877563206621,0.8019598188904579
1887,sample,888,2.4503826051950455,0.86,0.776061616726161,1.2383103480215165,1.9635432265453532,0.7194248864414479
1888,sample,889,2.421343833208084,0.86,0.776061616726161,1.069295794234972,1.6841495531378712,0.6376385040499805
1889,sample,890,2.4675017464905977,0.86,0.776061616726161,1.3038158549388634,0.5445064868535563,0.515238812555763
1890,sample,891,2.4659710582345724,0.86,0.776061616726161,0.583335939391888,1.9796827226649338,0.6459541426275808
1891,sample,892,2.4458109559491277,0.86,0.776061616726161,1.001754008604939,0.47970759893328346,0.7715043890620471
1892,sample,893,2.4445579759776592,0.86,0.776061616726161,1.3932808139326895,0.5371227619310585,0.7475013558391467
1893,sample,894,2.4714732579886913,0.86,0.776061616726161,1.3312561784663426,0.514774828628106,0.7775397441470497
1894,sample,895,2.463915309868753,0.86,0.776061616726161,1.1028063853734638,0.9873081560258516,0.8373636332718567
1895,sample,896,2.4571118084713817,0.86,0.776061616726161,0.9305321392806523,1.0169312429830248,0.7173370703443027
1896,sample,897,2.447921968996525,0.84,0.776061616726161,0.9305321392806523,1.0169312429830248,0.7173370703443027
1897,sample,898,2.4385919412598014,0.84,0.776061616726161,1.0280811591804557,1.339138968356858,0.6655387486940139
1898,sample,899,2.446897272951901,0.84,0.776061616726161,0.6032743375142677,1.7823829525190567,0.5498839272732565
1899,sample,900,2.4563120054081082,0.82,0.776061616726161,0.6032743375142677,1.7823829525190567,0.5498839272732565
1900,sample,901,2.4913595942780375,0.84,0.776061616726161,0.6772410296196526,2.140936936191997,0.6270408263194672
1901,sample,902,2.4525987589731812,0.84,0.776061616726161,0.4424707465207794,1.4509065669381367,0.5057421821431833
1902,sample,903,2.480120128020644,0.82,0.776061616726161,0.4424707465207794,1.4509065669381367,0.5057421821431833
1903,sample,904,2.49696062784642,0.82,0.776061616726161,0.5922691363862477,0.8739524030651501,0.6245696061771893
1904,sample,905,2.4746898412704468,0.8,0.776061616726161,0.5922691363862477,0.8739524030651501,0.6245696061771893
1905,sample,906,2.4758142856881022,0.82,0.776061616726161,0.6620113689427938,0.7663990497196707,0.5486322552467858
1906,sample,907,2.45165073312819,0.82,0.776061616726161,0.5755403079233079,0.611794448342176,0.6138033017966967
1907,sample,908,2.4925345927476883,0.8,0.776061616726161,0.5755403079233079,0.611794448342176,0.6138033017966967
1908,sample,909,2.465932040475309,0.78,0.776061616726161,0.5755403079233079,0.611794448342176,0.6138033017966967
1909,sample,910,2.447317274287343,0.78,0.776061616726161,0.42580638027143014,0.7131190995723324,0.7072279780373775
1910,sample,911,2.44814276881516,0.78,0.776061616726161,0.48227754110801235,0.6584925710067234,0.6628260557527974
1911,sample,912,2.458022332750261,0.8,0.776061616726161,0.48585940352002,0.4454157858772149,0.6821301005121286
1912,sample,913,2.4849707102403045,0.8,0.776061616726161,0.6875989556194726,0.7766502835071526,0.8078950258889457
1913,sample,914,2.4553142739459872,0.8,0.776061616726161,0.4148348965977044,0.3718311225980002,0.7054181692429379
1914,sample,915,2.443478629924357,0.8,0.776061616726161,0.534586571833004,1.0105416186454628,0.5700278088824644
1915,sample,916,2.453953911550343,0.8,0.776061616726161,0.5708556392246118,0.9451586787890074,0.6851242768255204
1916,sample,917,2.4367051431909204,0.8,0.776061616726161,0.9835476113204124,0.7854487535242843,0.7403772760642425
1917,sample,918,2.4647458707913756,0.8,0.776061616726161,0.8221168234764916,0.8239158828115372,0.6596468645791064
1918,sample,919,2.4498977111652493,0.82,0.776061616726161,1.9062693311543446,0.82826181457754,0.7596096041147359
1919,sample,920,2.470525718294084,0.82,0.776061616726161,2.8599691902667015,1.0216857304002922,0.7745205927529176
1920,sample,921,2.418378483504057,0.82,0.776061616726161,0.22569667809052787,0.81697052330529,0.840451989078172
1921,sample,922,2.464722717180848,0.82,0.776061616726161,2.9744522936132647,1.9451086720871407,0.7422952291485375
1922,sample,923,2.459180124104023,0.82,0.776061616726161,1.7778370854374486,1.6962782708366122,0.6335036881124273
1923,sample,924,2.4677123371511698,0.82,0.776061616726161,2.067647634286933,1.0238650161463667,0.7341191803862339
1924,sample,925,2.4677590196952224,0.82,0.776061616726161,1.4004274322415655,1.243986061422484,0.8406407900444675
1925,sample,926,2.478523576632142,0.82,0.776061616726161,1.4741355337816422,0.8543255561621476,0.8606966989843943
1926,sample,927,2.4663261976093054,0.84,0.776061616726161,1.6522806200479514,2.547900354843499,0.870321737531539
1927,sample,928,2.4710866659879684,0.86,0.776061616726161,0.18875189660317007,1.7282139190977177,0.9586358602854503
1928,sample,929,2.46370605006814,0.88,0.776061616726161,1.5126058803148277,0.7707486077126812,0.9174319800907151
1929,sample,930,2.4726815707981586,0.88,0.776061616726161,2.8217335302150075,0.6818970564024478,0.9521767569890569
1930,sample,931,2.4596611112356186,0.88,0.776061616726161,2.6467932488611474,0.7617133967293985,0.869694715072051
1931,sample,932,2.457585133612156,0.88,0.776061616726161,1.0917865509747788,1.480143193709395,1.0072927170600756
1932,sample,933,2.469227148219943,0.88,0.776061616726161,1.2607416609670816,2.0332670230604335,0.9338599527491448
1933,sample,934,2.4902427112683654,0.86,0.776061616726161,1.2607416609670816,2.0332670230604335,0.9338599527491448
1934,sample,935,2.5188279105350375,0.86,0.776061616726161,1.2074549325670894,1.7978158802156299,0.8489114495728769
1935,sample,936,2.480549640953541,0.86,0.776061616726161,0.9142555208907809,1.858309103361854,0.8597074321654009
1936,sample,937,2.5332217356190085,0.86,0.776061616726161,0.26005747622267966,1.3801460984270144,0.9473010835206427
1937,sample,938,2.4993378473445773,0.86,0.776061616726161,1.1593744345128056,2.0395676967343257,0.8693971132469919
1938,sample,939,2.4932781169191003,0.86,0.776061616726161,1.1700029008456594,2.322306560777244,0.8615317129228726
1939,sample,940,2.527311167679727,0.86,0.776061616726161,1.4094379609075205,1.3819240224350104,0.8740355026127505
1940,sample,941,2.5009622862562537,0.84,0.776061616726161,1.4094379609075205,1.3819240224350104,0.8740355026127505
1941,sample,942,2.4884225353598595,0.84,0.776061616726161,0.786018681332174,2.1256315981837446,0.7639271051754015
1942,sample,943,2.4558035293594003,0.84,0.776061616726161,0.7945749962908732,1.2236446441596662,0.8473005315192633
1943,sample,944,2.475633827969432,0.82,0.776061616726161,0.7945749962908732,1.2236446441596662,0.8473005315192633
1944,sample,945,2.4865706395357847,0.82,0.776061616726161,0.7535552881378682,1.730742662748648,0.7508520417024124
1945,sample,946,2.4510767608880997,0.82,0.776061616726161,1.149340387397008,0.9117423294659261,0.7134979876734787
1946,sample,947,2.453511300496757,0.84,0.776061616726161,1.4707755214236555,1.4001490074363778,0.601841499654386
1947,sample,948,2.4961515115574002,0.84,0.776061616726161,1.3941181112478505,0.728854999760888,0.5714753456769346
1948,sample,949,2.4526308765634894,0.84,0.776061616726161,1.0785418932444188,0.7217980498530169,0.6081074744418913
1949,sample,950,2.4543373622000217,0.86,0.776061616726161,0.5929440978521616,0.4978066804791277,0.48213050201946134
1950,sample,951,2.4658871684223413,0.84,0.776061616726161,0.5929440978521616,0.4978066804791277,0.48213050201946134
1951,sample,952,2.5072990050539374,0.84,0.776061616726161,0.7690025254776945,1.732003549712705,0.38158784061676865
1952,sample,953,2.4801751570776105,0.86,0.776061616726161,0.7761749986025575,1.6573631994274693,0.4262956881460155
1953,sample,954,2.4615541147068143,0.86,0.776061616726161,1.0630937285652002,0.7095538840590971,0.36044009613634276
1954,sample,955,2.4532974688336253,0.86,0.776061616726161,1.0630937285652002,0.7095538840590971,0.36044009613634276
1955,sample,956,2.4381038369610906,0.86,0.776061616726161,1.015239214234896,0.8271719506650478,0.2780750588033072
1956,sample,957,2.4941368540748954,0.86,0.776061616726161,1.2249823254706103,0.8849332692837982,0.35664197340167214
1957,sample,958,2.451975453644991,0.88,0.776061616726161,1.068895620295647,1.001745098040182,0.2786840111088395
1958,sample,959,2.4670683834701777,0.9,0.776061616726161,0.7198435889490938,2.4629555486506645,0.2281107946918903
1959,sample,960,2.500895611010492,0.88,0.776061616726161,0.7198435889490938,2.4629555486506645,0.2281107946918903
1960,sample,961,2.5013458942994475,0.88,0.776061616726161,0.81329874115361,1.388513681684488,0.24953004815673263
1961,sample,962,2.500559901818633,0.88,0.776061616726161,0.802328942131095,1.3759177083091394,0.22178960605330283
1962,sample,963,2.4725750852376223,0.88,0.776061616726161,1.010658402751042,0.8721303921555542,0.24036166254242847
1963,sample,964,2.437259220518172,0.88,0.776061616726161,0.7256060617034349,0.9613518153429451,0.24133116586022343
1964,sample,965,2.453189330175519,0.88,0.776061616726161,0.6342616053847961,1.1108635422347135,0.22320581080130794
1965,sample,966,2.483225273899734,0.88,0.776061616726161,0.42337351701237935,0.7070906407802208,0.2656125015193388
1966,sample,967,2.470086737535894,0.88,0.776061616726161,0.4302239964648827,0.5753059586090238,0.33487927400540884
1967,sample,968,2.4810345377773046,0.88,0.776061616726161,0.5763910614416408,0.5321938454127396,0.4000259282226256
1968,sample,969,2.4723821068182588,0.88,0.776061616726161,0.5586757711506966,0.6424415109534751,0.41500943918761746
1969,sample,970,2.4811782259494066,0.88,0.776061616726161,0.6203303898054982,0.6344820915378943,0.3865575295782251
1970,sample,971,2.4805823359638453,0.86,0.776061616726161,0.6203303898054982,0.6344820915378943,0.3865575295782251
1971,sample,972,2.4827362280339003,0.86,0.776061616726161,0.8336255348983908,1.098741727208486,0.5061469591944756
1972,sample,973,2.4539980720728636,0.86,0.776061616726161,0.8820361465331907,1.4922826138617766,0.4319997985415062
1973,sample,974,2.479507800191641,0.86,0.776061616726161,0.7798796931357419,0.7455600426633878,0.4267607379841367
1974,sample,975,2.4664788069203496,0.86,0.776061616726161,0.7166658359470145,1.211942291145064,0.5560562338988025
1975,sample,976,2.450659718364477,0.86,0.776061616726161,0.5623875397563624,1.0154332996405577,0.5956535673453868
1976,sample,977,2.435350307263434,0.86,0.776061616726161,0.4234265861456944,0.8011094510557027,0.557816277019757
1977,sample,978,2.4204841377213597,0.84,0.776061616726161,0.4234265861456944,0.8011094510557027,0.557816277019757
1978,sample,979,2.47198701556772,0.84,0.776061616726161,0.3952049275366386,0.6175970728412593,0.6182636067669794
1979,sample,980,2.4823032338172197,0.84,0.776061616726161,0.44688022926208565,0.9732273190372084,0.7458120604050263
1980,sample,981,2.462146008387208,0.84,0.776061616726161,0.5249585432643826,0.3479058690168048,0.8179356968075604
1981,sample,982,2.4998945761471987,0.84,0.776061616726161,1.075792299662116,1.1002987518900762,0.8572838337201113
1982,sample,983,2.4468807885423303,0.82,0.776061616726161,1.075792299662116,1.1002987518900762,0.8572838337201113
1983,sample,984,2.443177020177245,0.82,0.776061616726161,1.075792299662116,1.1002987518900762,0.8572838337201113
1984,sample,985,2.433237220160663,0.82,0.776061616726161,1.0949129277729235,0.4216858320076169,0.9166280688737712
1985,sample,986,2.4422954646870494,0.82,0.776061616726161,0.7981960755559849,1.056101110093791,0.9021379625284643
1986,sample,987,2.4227390019223094,0.82,0.776061616726161,0.8290548819738286,1.1718927554525922,0.7926179073803005
1987,sample,988,2.443220649845898,0.82,0.776061616726161,1.2617942142712884,0.776034179522111,0.7146715703745096
1988,sample,989,2.4546430874615908,0.82,0.776061616726161,1.415985365702804,0.5536733518133431,0.6327338565274297
1989,sample,990,2.521356586366892,0.82,0.776061616726161,1.8725659987052565,1.8615018229658777,0.7159315668406152
1990,sample,991,2.464248726144433,0.84,0.776061616726161,1.7757202179084768,1.2940488108170536,0.8027183464314546
1991,sample,992,2.456344136968255,0.84,0.776061616726161,1.2006658774579138,1.0927260498436837,0.8492660049763153
1992,sample,993,2.4697835482656956,0.84,0.776061616726161,0.8208549068682393,0.7753963932895658,0.8934868713278644
1993,sample,994,2.4423365024849772,0.86,0.776061616726161,0.8129573567979391,1.4044348655321643,0.8703447104271189
1994,sample,995,2.451543257571757,0.86,0.776061616726161,1.1355125724287023,1.230937810947459,0.7647526917630443
1995,sample,996,2.482840497046709,0.86,0.776061616726161,0.9170500672579716,1.142435156776345,0.7543258389713896
1996,sample,997,2.510443483479321,0.86,0.776061616726161,1.0323410901190337,1.2860265368565622,0.6578324583050801
1997,sample,998,2.509694722481072,0.84,0.776061616726161,1.0323410901190337,1.2860265368565622,0.6578324583050801
1998,sample,999,2.487703491933644,0.82,0.776061616726161,1.0323410901190337,1.2860265368565622,0.6578324583050801
1999,sample,1000,2.452504076063633,0.82,0.776061616726161,0.9378655307612065,1.4286753141745625,0.7821619888613536
2000,sample,1001,2.4959209011867642,0.82,0.776061616726161,0.9378655307612065,1.4286753141745625,0.7821619888613536
2001,sample,1002,2.4781316267326474,0.82,0.776061616726161,0.9129327996257733,0.833249868651024,0.8602499681558589
2002,sample,1003,2.464907117187977,0.82,0.776061616726161,1.9935759186466797,0.8102599148324217,0.9307488515879528
2003,sample,1004,2.4431436620652676,0.82,0.776061616726161,2.4885229099112185,0.8778441251370495,1.0182300486087419
2004,sample,1005,2.4835637249052525,0.84,0.776061616726161,0.6454059371980198,0.4116157691484854,1.0589479391197747
2005,sample,1006,2.453822523355484,0.82,0.776061616726161,0.6454059371980198,0.4116157691484854,1.0589479391197747
2006,sample,1007,2.4433669662103057,0.82,0.776061616726161,0.5344845347046829,0.8458846727438271,0.9821254747709
2007,sample,1008,2.4511137269437313,0.8,0.776061616726161,0.5344845347046829,0.8458846727438271,0.9821254747709
2008,sample,1009,2.442475376650691,0.8,0.776061616726161,0.56094432695982,0.5350614108781212,0.9148404385060073
2009,sample,1010,2.4253069888800383,0.82,0.776061616726161,0.8158020152481129,0.5711346088062706,0.8745180716278748
2010,sample,1011,2.4338515670970082,0.82,0.776061616726161,0.9499466775540479,0.5995344223441067,0.8282163746931631
2011,sample,1012,2.4674240425229073,0.82,0.776061616726161,0.8835840419788996,1.0310104918312628,0.7526794482530402
2012,sample,1013,2.4417160553857684,0.82,0.776061616726161,0.6698470526521011,1.1671984553007655,0.645428382589097
2013,sample,1014,2.4870876977220178,0.82,0.776061616726161,0.7502128132204565,0.6452843755254869,0.7553095266807189
2014,sample,1015,2.4553728830069304,0.82,0.776061616726161,1.7855600606210273,1.0486978079558302,0.7987864333792077
2015,sample,1016,2.4366687815636396,0.8,0.776061616726161,1.7855600606210273,1.0486978079558302,0.7987864333792077
2016,sample,1017,2.443151139654219,0.8,0.776061616726161,1.5592522809541915,1.0427538287782987,0.8729938729887379
2017,sample,1018,2.433500793762505,0.8,0.776061616726161,1.3434829823203296,0.7479595574362706,0.759488648862187
2018,sample,1019,2.4534798776730895,0.8,0.776061616726161,1.2983105414786773,0.46385695252840464,0.62613851786482
2019,sample,1020,2.424809554591775,0.8,0.776061616726161,1.2965501481185777,1.5532058595485159,0.49804793182489726
2020,sample,1021,2.462117927148938,0.82,0.776061616726161,0.9053827109332799,1.2600519901746334,0.5978982666810374
2021,sample,1022,2.428767859004438,0.82,0.776061616726161,0.8923852016755593,0.7047242513905623,0.5969980975132122
2022,sample,1023,2.452718467451632,0.8,0.776061616726161,0.8923852016755593,0.7047242513905623,0.5969980975132122
2023,sample,1024,2.419046537950635,0.8,0.776061616726161,0.8528646714559658,0.5005765518822476,0.4382205954670723
2024,sample,1025,2.4455642392858863,0.8,0.776061616726161,0.3227718532431681,0.5123079275798433,0.3539536644449658
2025,sample,1026,2.427147790789604,0.78,0.776061616726161,0.3227718532431681,0.5123079275798433,0.3539536644449658
2026,sample,1027,2.4379023630172014,0.78,0.776061616726161,1.1804309649220577,0.8169937140939801,0.29377239293387536
2027,sample,1028,2.4348876858130097,0.8,0.776061616726161,1.0750556520327774,1.149460327461811,0.3592433220280643
2028,sample,1029,2.4242672622203827,0.8,0.776061616726161,0.98810641880748,1.7986812467742317,0.46050769144512976
2029,sample,1030,2.4302079854533076,0.78,0.776061616726161,0.98810641880748,1.7986812467742317,0.46050769144512976
2030,sample,1031,2.446636902168393,0.78,0.776061616726161,1.2525487380096236,1.5896918194571572,0.4219018730292602
2031,sample,1032,2.458412884734571,0.78,0.776061616726161,1.0647141444619812,2.0184575517997434,0.47299697736322005
2032,sample,1033,2.4406940676271915,0.8,0.776061616726161,1.5858476795441139,1.30927073962884,0.4023881233579413
2033,sample,1034,2.439383744262159,0.82,0.776061616726161,1.0683076530343472,1.2391761978396252,0.5183053365827586
2034,sample,1035,2.459388858638704,0.82,0.776061616726161,0.5406686643926396,1.2678233854681376,0.5499441749421716
2035,sample,1036,2.4723479878157377,0.8,0.776061616726161,0.5406686643926396,1.2678233854681376,0.5499441749421716
2036,sample,1037,2.472917640581727,0.8,0.776061616726161,1.0191865388658297,0.9491793674697756,0.4969767153153562
2037,sample,1038,2.4156851610168815,0.8,0.776061616726161,1.6751257311189678,1.2374145638291185,0.40036163753223897
2038,sample,1039,2.4549776120111346,0.8,0.776061616726161,0.8907702290379267,1.8716632854967978,0.3082138791764654
2039,sample,1040,2.4899318469688296,0.8,0.776061616726161,1.3165199329065707,1.7162410151563998,0.39354189975216985
2040,sample,1041,2.45478149689734,0.8,0.776061616726161,1.0520386921586047,1.9182796426718252,0.5178360026958206
2041,sample,1042,2.4900120869278908,0.8,0.776061616726161,0.2971498621206324,1.685179072038497,0.6305986377511363
2042,sample,1043,2.4554176907986403,0.8,0.776061616726161,0.9773104276251883,0.8920687588405398,0.5092270249298423
2043,sample,1044,2.4645889047533274,0.8,0.776061616726161,0.5302859660469188,0.8692423046771043,0.45885841662530424
2044,sample,1045,2.4803589805960655,0.78,0.776061616726161,0.5302859660469188,0.8692423046771043,0.45885841662530424
2045,sample,1046,2.4675547359511256,0.76,0.776061616726161,0.5302859660469188,0.8692423046771043,0.45885841662530424
2046,sample,1047,2.4436629628762603,0.76,0.776061616726161,0.710717881635499,0.4008442339925604,0.3477335319478031
2047,sample,1048,2.4834619918838143,0.76,0.776061616726161,0.710717881635499,0.4008442339925604,0.3477335319478031
2048,sample,1049,2.461846244521439,0.78,0.776061616726161,0.736666865355712,1.0304705945053059,0.46018913165004255
2049,sample,1050,2.4685870986431837,0.76,0.776061616726161,0.736666865355712,1.0304705945053059,0.46018913165004255
2050,sample,1051,2.442391854710877,0.78,0.776061616726161,0.8274582648824576,1.2448296691227474,0.6274823839606546
2051,sample,1052,2.436102016828954,0.78,0.776061616726161,0.8900937626976733,3.768578952932519,0.7394624419439544
2052,sample,1053,2.475455149076879,0.78,0.776061616726161,1.0750136708402513,1.9119833610362522,0.7941468054005543
2053,sample,1054,2.473733088001609,0.78,0.776061616726161,0.8294720825332781,1.6232652361898348,0.773757939463864
2054,sample,1055,2.4708787901327014,0.78,0.776061616726161,1.4325575336776752,1.4237936646195106,0.709208390507883
2055,sample,1056,2.4822751628234982,0.8,0.776061616726161,1.817436932290482,0.7560067930603672,0.7348111167302374
2056,sample,1057,2.468845092691481,0.78,0.776061616726161,1.817436932290482,0.7560067930603672,0.7348111167302374
2057,sample,1058,2.459446420893073,0.78,0.776061616726161,1.817436932290482,0.7560067930603672,0.7348111167302374
2058,sample,1059,2.502770029939711,0.76,0.776061616726161,1.817436932290482,0.7560067930603672,0.7348111167302374
2059,sample,1060,2.4845611806958914,0.76,0.776061616726161,1.219447077715581,1.037702719882801,0.6294767505942486
2060,sample,1061,2.469456701539457,0.76,0.776061616726161,1.3101701646162056,1.1351879288778943,0.49342983174776434
2061,sample,1062,2.4974851747974753,0.76,0.776061616726161,0.9200027850954422,0.694213245064353,0.6138398804370393
2062,sample,1063,2.4743959214538336,0.74,0.776061616726161,0.9200027850954422,0.694213245064353,0.6138398804370393
2063,sample,1064,2.4536418113857508,0.72,0.776061616726161,0.9200027850954422,0.694213245064353,0.6138398804370393
2064,sample,1065,2.4752406207844615,0.7,0.776061616726161,0.9200027850954422,0.694213245064353,0.6138398804370393
2065,sample,1066,2.4357331125065684,0.72,0.776061616726161,0.7759038764592989,0.9306751484689284,0.57854971954059
2066,sample,1067,2.474727033637464,0.72,0.776061616726161,0.7278748959767852,0.7619235837516172,0.4803494760995002
2067,sample,1068,2.4391375901177526,0.7,0.776061616726161,0.7278748959767852,0.7619235837516172,0.4803494760995002
2068,sample,1069,2.4725056011229753,0.7,0.776061616726161,1.352266706783646,1.0253704036448954,0.39702771916065044
2069,sample,1070,2.4302491350099444,0.7,0.776061616726161,1.3271977202214464,0.961205321871064,0.5215967254879185
2070,sample,1071,2.44385957531631,0.68,0.776061616726161,1.3271977202214464,0.961205321871064,0.5215967254879185
2071,sample,1072,2.413466698490083,0.66,0.776061616726161,1.3271977202214464,0.961205321871064,0.5215967254879185
2072,sample,1073,2.4404790932312608,0.68,0.776061616726161,1.0952846107398573,1.187545432059958,0.4160475430802476
2073,sample,1074,2.42604451905936,0.68,0.776061616726161,1.222391496850844,1.1034298145223502,0.48116391453709617
2074,sample,1075,2.434673158451915,0.68,0.776061616726161,1.0474877618670644,1.0278244885883943,0.36770251034091633
2075,sample,1076,2.4313339283689857,0.7,0.776061616726161,1.1341569501819961,1.4591408313422782,0.32358464443168244
2076,sample,1077,2.4148299703374505,0.7,0.776061616726161,0.6075838326334715,1.2878860601151654,0.25457060656353114
2077,sample,1078,2.416134906001389,0.7,0.776061616726161,0.6777593959508034,1.4458804670119545,0.23623678518493652
2078,sample,1079,2.430254749953747,0.68,0.776061616726161,0.6777593959508034,1.4458804670119545,0.23623678518493652
2079,sample,1080,2.4280387414619327,0.7,0.776061616726161,0.3728639960105581,0.435007115315735,0.2608579986971498
2080,sample,1081,2.4191573951393366,0.7,0.776061616726161,0.9637937239023685,0.636437578573919,0.21566653999340027
2081,sample,1082,2.447258240543306,0.7,0.776061616726161,0.6128763526465472,0.40077283321175194,0.24337708344704312
2082,sample,1083,2.434156413190067,0.68,0.776061616726161,0.6128763526465472,0.40077283321175194,0.24337708344704312
2083,sample,1084,2.424909759312868,0.66,0.776061616726161,0.6128763526465472,0.40077283321175194,0.24337708344704312
2084,sample,1085,2.451703297905624,0.64,0.776061616726161,0.6128763526465472,0.40077283321175194,0.24337708344704312
2085,sample,1086,2.478537262417376,0.66,0.776061616726161,0.6415187182106263,0.6297377573770154,0.30509124329295617
2086,sample,1087,2.482159868814051,0.66,0.776061616726161,0.43985909902716425,0.6153066951933035,0.3541889278168999
2087,sample,1088,2.4478872073814273,0.66,0.776061616726161,0.4225234687547491,0.7268117239990936,0.4586638968251915
2088,sample,1089,2.4817939894273877,0.66,0.776061616726161,0.5145168613940516,0.7301486357622669,0.4706005682558639
2089,sample,1090,2.4908589087426662,0.66,0.776061616726161,0.6142329624387323,0.5408949872195999,0.600449697988522
2090,sample,1091,2.472977123223245,0.66,0.776061616726161,1.1421957607340423,0.8335854428178963,0.5260553720865755
2091,sample,1092,2.522844273597002,0.66,0.776061616726161,1.4013955098881152,1.0161033552853385,0.43659716799051995
2092,sample,1093,2.4848298942670226,0.64,0.776061616726161,1.4013955098881152,1.0161033552853385,0.43659716799051995
2093,sample,1094,2.4808081407099962,0.64,0.776061616726161,1.0989226894652826,0.8540350083457111,0.5141245505024757
2094,sample,1095,2.4531353460624814,0.64,0.776061616726161,1.0989226894652826,0.8540350083457111,0.5141245505024757
2095,sample,1096,2.4547996697947383,0.66,0.776061616726161,0.4881731988421328,0.7767748536550914,0.6399264957001225
2096,sample,1097,2.434102305211127,0.66,0.776061616726161,0.46989927839714823,0.9483185727743244,0.5085106728378819
2097,sample,1098,2.467468325048685,0.68,0.776061616726161,0.630163565983287,0.5016139212002153,0.5097764341809
2098,sample,1099,2.4548675855621696,0.68,0.776061616726161,1.0328535082663033,0.7562413083961405,0.46152051902375457
2099,sample,1100,2.44260613899678,0.7,0.776061616726161,1.1907993131672727,0.9419863173683986,0.36504014928152617
2100,sample,1101,2.4389740666374564,0.7,0.776061616726161,0.7355785519127914,0.8897675024687277,0.2898384936015429
2101,sample,1102,2.479162293486297,0.68,0.776061616726161,0.7355785519127914,0.8897675024687277,0.2898384936015429
2102,sample,1103,2.4218721566721797,0.68,0.776061616726161,0.7355312584784334,1.2877278061182538,0.2815529237982052
2103,sample,1104,2.4368406208232045,0.68,0.776061616726161,0.7164397482935037,1.401958897183399,0.27601884741574934
2104,sample,1105,2.4320341274142265,0.68,0.776061616726161,0.6270753791839597,1.5233512010293129,0.3544529637561268
2105,sample,1106,2.444257059134543,0.68,0.776061616726161,0.4968395969877458,1.2119918164727863,0.32172216652973107
2106,sample,1107,2.4505333798006177,0.68,0.776061616726161,0.4968395969877458,1.2119918164727863,0.32172216652973107
2107,sample,1108,2.4458928909152746,0.7,0.776061616726161,0.6208153745222982,1.500422152258375,0.42302409883090214
2108,sample,1109,2.448633977212012,0.7,0.776061616726161,0.6208153745222982,1.500422152258375,0.42302409883090214
2109,sample,1110,2.488116504624486,0.68,0.776061616726161,0.6208153745222982,1.500422152258375,0.42302409883090214
2110,sample,1111,2.4808247592300177,0.68,0.776061616726161,0.31886455738482944,1.368337587069331,0.391294840239555
2111,sample,1112,2.4484901195392013,0.68,0.776061616726161,0.5681889261698121,2.4772958637996187,0.4553214989648267
2112,sample,1113,2.4794832840561867,0.7,0.776061616726161,1.4791948590708983,1.7321642121688914,0.5572317709497341
2113,sample,1114,2.4972460567951202,0.72,0.776061616726161,1.4755640392531744,1.1781542826166271,0.43624053311236577
2114,sample,1115,2.4960998967289925,0.74,0.776061616726161,2.290131523345824,1.390623957304259,0.36886746125705905
2115,sample,1116,2.429368169978261,0.74,0.776061616726161,1.094565416041719,1.0047326187660173,0.3618862927245131
2116,sample,1117,2.436627279035747,0.74,0.776061616726161,1.089974750651172,1.581247569626947,0.41973713059011347
2117,sample,1118,2.471267498098314,0.76,0.776061616726161,1.4562126661832795,1.0432228133118773,0.487615853690629
2118,sample,1119,2.431719221174717,0.74,0.776061616726161,1.4562126661832795,1.0432228133118773,0.487615853690629
2119,sample,1120,2.4554020455107093,0.74,0.776061616726161,0.9561406711925228,1.5819645032573089,0.5610837456891867
2120,sample,1121,2.46717690769583,0.76,0.776061616726161,1.0087526337423223,1.0354521392368383,0.4311108377828417
2121,sample,1122,2.439377184957266,0.78,0.776061616726161,1.0902160952950823,1.030625165253378,0.5613735868773925
2122,sample,1123,2.4985442478209734,0.78,0.776061616726161,0.8629067298479229,0.6302050916280106,0.5056899890347402
2123,sample,1124,2.476400624960661,0.76,0.776061616726161,0.8629067298479229,0.6302050916280106,0.5056899890347402
2124,sample,1125,2.448238069191575,0.74,0.776061616726161,0.8629067298479229,0.6302050916280106,0.5056899890347402
2125,sample,1126,2.4545869175344706,0.74,0.776061616726161,0.938661140475317,0.9287102993402181,0.3932150987063372
2126,sample,1127,2.4734498178586364,0.72,0.776061616726161,0.938661140475317,0.9287102993402181,0.3932150987063372
2127,sample,1128,2.4821326034143567,0.72,0.776061616726161,0.9595376119747856,1.2637205737089596,0.43077109871981933
2128,sample,1129,2.4341110354289412,0.74,0.776061616726161,0.9503367582625419,1.7405929351425615,0.5409831823013832
2129,sample,1130,2.4465971682220697,0.74,0.776061616726161,0.9670887639316109,1.589144948106301,0.6773455708374323
2130,sample,1131,2.4382906947284937,0.74,0.776061616726161,1.2780498391458224,1.6437747095291293,0.546485776384881
2131,sample,1132,2.4626713721081614,0.74,0.776061616726161,1.2180741962748198,1.9981462656540663,0.5422935720773265
2132,sample,1133,2.456174754537642,0.76,0.776061616726161,1.2469723868503402,1.129308005397412,0.5699946733823437
2133,sample,1134,2.4370281836017966,0.78,0.776061616726161,0.8223739461199017,0.7944996608257691,0.4392617309987701
2134,sample,1135,2.4480149764567614,0.8,0.776061616726161,0.8257374788867793,1.1520010581466953,0.4218336521644392
2135,sample,1136,2.432700304314494,0.8,0.776061616726161,0.9725782517134699,1.4087798327877548,0.3518649706155947
2136,sample,1137,2.443055939860642,0.8,0.776061616726161,0.8689056244876678,1.1481317893586787,0.3003368762214337
2137,sample,1138,2.4252689480781555,0.8,0.776061616726161,1.211792638743147,2.542590436137593,0.37404502502607967
2138,sample,1139,2.4338273350149393,0.8,0.776061616726161,0.835110400895763,3.4196021983721847,0.4340209379305125
2139,sample,1140,2.462431830354035,0.8,0.776061616726161,0.832681316604843,2.2464685346674687,0.5311489899928837
2140,sample,1141,2.494166945107281,0.8,0.776061616726161,0.5091104562991741,1.5995558303828297,0.6678569058470998
2141,sample,1142,2.519703473895788,0.8,0.776061616726161,1.042469794889115,1.4137751289522464,0.7095394598031309
2142,sample,1143,2.4530491335317492,0.82,0.776061616726161,1.218326421403969,0.9128473224449074,0.746811926259988
2143,sample,1144,2.487039525061846,0.82,0.776061616726161,1.3934899853869394,1.0762270942625007,0.6177110864425448
2144,sample,1145,2.4580987207591534,0.84,0.776061616726161,1.2185502873422072,0.7790267585623674,0.49076908447441187
2145,sample,1146,2.470853357575834,0.84,0.776061616726161,0.5610794848851065,0.8889743312240903,0.3869316589749839
2146,sample,1147,2.4884810391813517,0.82,0.776061616726161,0.5610794848851065,0.8889743312240903,0.3869316589749839
2147,sample,1148,2.470809712074697,0.82,0.776061616726161,0.43431871403170735,0.6014203345937663,0.3686604218361066
2148,sample,1149,2.479310166090727,0.8,0.776061616726161,0.43431871403170735,0.6014203345937663,0.3686604218361066
2149,sample,1150,2.483691042289138,0.8,0.776061616726161,0.37629411314747946,0.6290518799953783,0.31364984934769136
2150,sample,1151,2.444774253293872,0.8,0.776061616726161,0.6935894490698058,1.0496128018701165,0.2780202397366375
2151,sample,1152,2.4373104544356465,0.8,0.776061616726161,0.6935894490698058,1.0496128018701165,0.2780202397366375
2152,sample,1153,2.447031539864838,0.8,0.776061616726161,1.0002569626884472,1.3274943287189716,0.2962158225705822
2153,sample,1154,2.4443467520177364,0.8,0.776061616726161,1.1078373470967584,1.2435897482075677,0.3137517158729389
2154,sample,1155,2.439516944810748,0.8,0.776061616726161,0.39828733004360933,1.8192941281973052,0.31221783975294515
2155,sample,1156,2.454818969592452,0.8,0.776061616726161,1.2199941888137285,1.7283005120285577,0.4091496167482613
2156,sample,1157,2.454036258161068,0.82,0.776061616726161,1.2250774512991485,1.527159904737728,0.4521321920776836
2157,sample,1158,2.4660645807161927,0.82,0.776061616726161,0.9530600377185736,1.908174336236423,0.39250493916346574
2158,sample,1159,2.435490621253848,0.84,0.776061616726161,1.0513282747152644,0.98016407130263,0.5141421184323562
2159,sample,1160,2.446127600967884,0.86,0.776061616726161,1.2529430951602964,0.5136603867023046,0.5311261420231536
2160,sample,1161,2.4268554942682385,0.86,0.776061616726161,2.027510224998781,0.6725382231691224,0.4141645231968733
2161,sample,1162,2.4659769274294376,0.86,0.776061616726161,2.1930385497527927,0.8317176370380068,0.5374393605605413
2162,sample,1163,2.4831780549138784,0.86,0.776061616726161,1.1992349670381979,0.7621239144853658,0.21135991046237584
2163,sample,1164,2.4602935388684273,0.86,0.776061616726161,1.1452859423875277,0.8336901069012007,0.22431850588245014
2164,sample,1165,2.458123631775379,0.86,0.776061616726161,1.0651066715676039,0.7418197766209778,0.26587937420658747
2165,sample,1166,2.45254875626415,0.84,0.776061616726161,1.0651066715676039,0.7418197766209778,0.26587937420658747
2166,sample,1167,2.4792925687506795,0.84,0.776061616726161,0.9733070762870911,1.2180468536026152,0.24528551563706757
2167,sample,1168,2.4841827480122447,0.84,0.776061616726161,1.5905567708743609,0.3986800153620726,0.23978327524552173
2168,sample,1169,2.5268958164379,0.86,0.776061616726161,0.8129842613032509,1.7976731622218458,0.30023760315786
2169,sample,1170,2.554521517828107,0.86,0.776061616726161,0.8788321021855071,0.3788486240791681,0.3813773836128066
2170,sample,1171,2.456904868595302,0.86,0.776061616726161,0.840860390586287,1.9475287943238504,0.4078100156026312
2171,sample,1172,2.485372766852379,0.86,0.776061616726161,1.3771644257780007,1.4184705089335006,0.41688903931217974
2172,sample,1173,2.456987806595862,0.86,0.776061616726161,1.1659318959288896,3.0248610497102746,0.36005984281485265
2173,sample,1174,2.46241058036685,0.88,0.776061616726161,0.9361937396910022,0.2380660746463096,0.29562601240622793
2174,sample,1175,2.478637222200632,0.88,0.776061616726161,0.9361937396910022,0.2380660746463096,0.29562601240622793
2175,sample,1176,2.4493685765191913,0.86,0.776061616726161,0.9361937396910022,0.2380660746463096,0.29562601240622793
2176,sample,1177,2.469503457657993,0.88,0.776061616726161,1.0062146561754022,4.774327866248748,0.2615811397858337
2177,sample,1178,2.487901972606778,0.88,0.776061616726161,1.085850596344562,2.891679882305718,0.2954823132387222
2178,sample,1179,2.4759443597868085,0.88,0.776061616726161,1.3220922269423312,1.7755420349022542,0.30353300321954424
2179,sample,1180,2.4678416773676872,0.88,0.776061616726161,0.8667074417316016,0.29058216024038425,0.39415115942650214
2180,sample,1181,2.5077375201508403,0.88,0.776061616726161,0.9379330008998118,2.0964871587266507,0.30527356440080117
2181,sample,1182,2.4822891280055046,0.88,0.776061616726161,0.9982071308597893,1.0386970402704003,0.25267949594114947
2182,sample,1183,2.474508768878877,0.88,0.776061616726161,1.1009984642485753,0.7666595427474844,0.21095720657581488
2183,sample,1184,2.4678857661783695,0.88,0.776061616726161,1.0958247093983513,0.9228051630738601,0.22333666321529763
2184,sample,1185,2.4658600436523557,0.86,0.776061616726161,1.0958247093983513,0.9228051630738601,0.22333666321529763
2185,sample,1186,2.5006548622623086,0.86,0.776061616726161,0.4826410065922171,0.5757448944792818,0.1943791414318368
2186,sample,1187,2.4515806324779987,0.86,0.776061616726161,0.37876989615290185,1.1506579358594684,0.2187221188275914
2187,sample,1188,2.523189088329673,0.86,0.776061616726161,0.45388349032510217,1.1619568308830672,0.19893838104491665
2188,sample,1189,2.4599108435213566,0.84,0.776061616726161,0.45388349032510217,1.1619568308830672,0.19893838104491665
2189,sample,1190,2.479557461105287,0.84,0.776061616726161,1.9197510197793806,2.273064437732279,0.19157697464029855
2190,sample,1191,2.471046638675034,0.82,0.776061616726161,1.9197510197793806,2.273064437732279,0.19157697464029855
2191,sample,1192,2.4847894115373492,0.82,0.776061616726161,1.458182382220721,2.4107934539500087,0.21670994776076555
2192,sample,1193,2.4719405127689242,0.8,0.776061616726161,1.458182382220721,2.4107934539500087,0.21670994776076555
2193,sample,1194,2.4766282066702843,0.8,0.776061616726161,1.4517636558779858,2.6136929049909967,0.23308923376350146
2194,sample,1195,2.4845700915902853,0.8,0.776061616726161,1.0678525676861355,0.8747349339875722,0.22570338647965218
2195,sample,1196,2.4689172580838203,0.8,0.776061616726161,1.2192996205886575,1.1212403550219825,0.2734979623265322
2196,sample,1197,2.4909302657470107,0.8,0.776061616726161,1.2192996205886575,1.1212403550219825,0.2734979623265322
2197,sample,1198,2.483904709108174,0.8,0.776061616726161,0.9946126863889752,0.5937505222825256,0.34153781055975796
2198,sample,1199,2.4535213727504015,0.82,0.776061616726161,0.6178115568939729,1.4516701598660544,0.434869178511226
2199,sample,1200,2.4566292371600866,0.82,0.776061616726161,0.7237633626429886,1.0693285890991557,0.4507187491744527
2200,sample,1201,2.4856232153251767,0.82,0.776061616726161,0.6361359463171712,1.0904116350492004,0.5251217035387247
2201,sample,1202,2.440273712389171,0.82,0.776061616726161,0.6361359463171712,1.0904116350492004,0.5251217035387247
2202,sample,1203,2.4880945086479187,0.82,0.776061616726161,0.5416144216399175,1.6827659326612752,0.42611615331200237
2203,sample,1204,2.4360677413642406,0.82,0.776061616726161,3.660160558577318,1.7835813898793966,0.3588551197183359
2204,sample,1205,2.4568337090313435,0.82,0.776061616726161,3.753765106611525,1.8941615507408645,0.4467085020993004
2205,sample,1206,2.4732036367058754,0.82,0.776061616726161,1.5661687444213186,2.6548330927584303,0.5199444160047562
2206,sample,1207,2.439985055476427,0.8,0.776061616726161,1.5661687444213186,2.6548330927584303,0.5199444160047562
2207,sample,1208,2.4385596746578813,0.8,0.776061616726161,1.3967213326961725,0.8217609686725613,0.530611221772136
2208,sample,1209,2.4694664096459746,0.8,0.776061616726161,2.3257551985400267,0.908723743506076,0.6533860197120901
2209,sample,1210,2.4513072706758976,0.8,0.776061616726161,0.4528788840456842,0.8588291334888082,0.7151881441950656
2210,sample,1211,2.4544784370809793,0.8,0.776061616726161,0.6543526159369522,0.5968702889714603,0.7213356703654521
2211,sample,1212,2.489004172384739,0.8,0.776061616726161,0.6867286974758905,0.5823718166754824,0.604347644722055
2212,sample,1213,2.482601884752512,0.8,0.776061616726161,1.0636990854067474,0.704144004415662,0.5541650832936609
2213,sample,1214,2.4426633417606354,0.8,0.776061616726161,1.4810323105617695,0.6696914163509509,0.6270610919158474
2214,sample,1215,2.4784068958833814,0.78,0.776061616726161,1.4810323105617695,0.6696914163509509,0.6270610919158474
2215,sample,1216,2.4270172277465463,0.8,0.776061616726161,0.9247783133003176,1.660353482956875,0.6609103039527565
2216,sample,1217,2.491791090928018,0.8,0.776061616726161,1.1747802604017596,2.736171835886269,0.5244516274217372
2217,sample,1218,2.465758414939046,0.78,0.776061616726161,1.1747802604017596,2.736171835886269,0.5244516274217372
2218,sample,1219,2.458153194747865,0.78,0.776061616726161,1.3061288129015283,1.9724206247004923,0.6562304729390815
2219,sample,1220,2.4242121493443847,0.78,0.776061616726161,1.0582503815796962,1.8013594569323061,0.7074820851322039
2220,sample,1221,2.443459606729448,0.78,0.776061616726161,0.769860005842614,1.9956140894627454,0.7798289016245348
2221,sample,1222,2.4863288858905435,0.78,0.776061616726161,0.783506257137245,1.061376411837021,0.6558783661372987
2222,sample,1223,2.4216835936531425,0.78,0.776061616726161,1.2107908643691772,0.9300520170845685,0.5238506513685305
2223,sample,1224,2.4483695002272725,0.78,0.776061616726161,0.9763018738303677,2.0625550902234577,0.5565847408037202
2224,sample,1225,2.4470873307436705,0.8,0.776061616726161,0.9119820464087841,1.4518764944286735,0.5032578978399026
2225,sample,1226,2.452898389659822,0.82,0.776061616726161,0.2850837107936835,1.9376641303476776,0.4105870444078146
2226,sample,1227,2.4418579759076238,0.82,0.776061616726161,2.1946153652747604,1.9443098807062298,0.5103624826917559
2227,sample,1228,2.437200779095292,0.82,0.776061616726161,1.254996692538872,1.2295512126621344,0.4108097958001258
2228,sample,1229,2.468806545250118,0.82,0.776061616726161,1.1064914911818462,1.3047382420036506,0.3186315770154964
2229,sample,1230,2.4309620652347803,0.82,0.776061616726161,1.68820501942548,1.112321229848941,0.36024483583287015
2230,sample,1231,2.4653038941323757,0.82,0.776061616726161,0.6972484583847604,0.7635274731194218,0.44109670585908967
2231,sample,1232,2.481014401651919,0.8,0.776061616726161,0.6972484583847604,0.7635274731194218,0.44109670585908967
2232,sample,1233,2.451620476320386,0.78,0.776061616726161,0.6972484583847604,0.7635274731194218,0.44109670585908967
2233,sample,1234,2.466782924719155,0.78,0.776061616726161,0.8341479287276656,0.7834110740840811,0.3455645600757425
2234,sample,1235,2.461798475123942,0.8,0.776061616726161,0.7831990022179937,0.46356880245882215,0.4443485385705289
2235,sample,1236,2.47355268150568,0.78,0.776061616726161,0.7831990022179937,0.46356880245882215,0.4443485385705289
2236,sample,1237,2.447907133027911,0.78,0.776061616726161,0.8712457193788943,0.6108815628049509,0.43949335305028636
2237,sample,1238,2.4639883702620864,0.78,0.776061616726161,0.516324978749631,0.5325072068951276,0.3398481807118009
2238,sample,1239,2.455868724733591,0.78,0.776061616726161,0.516324978749631,0.5325072068951276,0.3398481807118009
2239,sample,1240,2.4267922919243574,0.76,0.776061616726161,0.516324978749631,0.5325072068951276,0.3398481807118009
2240,sample,1241,2.457802666351199,0.78,0.776061616726161,1.4535816774351917,0.9110563242758446,0.2840519451368412
2241,sample,1242,2.4190216716378927,0.78,0.776061616726161,1.6729604090966639,0.4538603756934763,0.3609912221938522
2242,sample,1243,2.4752866653725505,0.8,0.776061616726161,1.7116409100222088,0.7954049912231451,0.30703958668961007
2243,sample,1244,2.4634082606062293,0.8,0.776061616726161,1.0645429195942036,0.3449070113121968,0.2653951338365537
2244,sample,1245,2.470711008645594,0.78,0.776061616726161,1.0645429195942036,0.3449070113121968,0.2653951338365537
2245,sample,1246,2.5085825296118855,0.76,0.776061616726161,1.0645429195942036,0.3449070113121968,0.2653951338365537
2246,sample,1247,2.470853080973029,0.78,0.776061616726161,0.8924148855966066,0.8912373938586928,0.21807915616650891
2247,sample,1248,2.4744699113070965,0.78,0.776061616726161,0.8559590186445948,1.2440075074532264,0.24137881467633537
2248,sample,1249,2.4256178494542837,0.78,0.776061616726161,0.4331031774200891,1.3146790092846279,0.221877176449272
2249,sample,1250,2.439539873972535,0.78,0.776061616726161,0.6051958094508609,1.5085168339707276,0.35400989936816296
2250,sample,1251,2.4639181392267346,0.78,0.776061616726161,0.5152930506931088,2.3781496472152694,0.4369902565179479
2251,sample,1252,2.4768383894115686,0.78,0.776061616726161,0.5152930506931088,2.3781496472152694,0.4369902565179479
2252,sample,1253,2.4301270246505737,0.78,0.776061616726161,0.3713568579038219,2.222721599626541,0.4876777771801462
2253,sample,1254,2.439521137624979,0.78,0.776061616726161,0.6550514673018978,2.56324610661352,0.4365902720807993
2254,sample,1255,2.4581970078870654,0.78,0.776061616726161,0.8497839158868606,2.7571567150606,0.43768042960314735
2255,sample,1256,2.431298902258277,0.76,0.776061616726161,0.8497839158868606,2.7571567150606,0.43768042960314735
2256,sample,1257,2.4565602727234364,0.76,0.776061616726161,0.8497839158868606,2.7571567150606,0.43768042960314735
2257,sample,1258,2.459648337215185,0.74,0.776061616726161,0.8497839158868606,2.7571567150606,0.43768042960314735
2258,sample,1259,2.4496037801727653,0.74,0.776061616726161,0.9721610032104469,0.4668160087138903,0.5666823828490172
2259,sample,1260,2.4741098871454597,0.74,0.776061616726161,0.840813318023084,0.8928887788099409,0.5462620709994348
2260,sample,1261,2.450632683932781,0.74,0.776061616726161,1.0502481449921972,0.8870892199698471,0.6827196200149116
2261,sample,1262,2.462462835945189,0.72,0.776061616726161,1.0502481449921972,0.8870892199698471,0.6827196200149116
2262,sample,1263,2.459621815942228,0.7,0.776061616726161,1.0502481449921972,0.8870892199698471,0.6827196200149116
2263,sample,1264,2.470490106381476,0.7,0.776061616726161,0.8161114936169181,1.5933717906297324,0.5971287441006812
2264,sample,1265,2.455747503787279,0.72,0.776061616726161,0.711771267575966,0.6143046475094937,0.7287147386549038
2265,sample,1266,2.4608126152306795,0.7,0.776061616726161,0.711771267575966,0.6143046475094937,0.7287147386549038
2266,sample,1267,2.456547820009291,0.7,0.776061616726161,0.5423304516119999,0.8337246659238936,0.7715493490917784
2267,sample,1268,2.4288620986044407,0.7,0.776061616726161,0.5423304516119999,0.8337246659238936,0.7715493490917784
2268,sample,1269,2.457707965746522,0.68,0.776061616726161,0.5423304516119999,0.8337246659238936,0.7715493490917784
2269,sample,1270,2.4392747469246387,0.68,0.776061616726161,0.6335968813566034,0.9773523610851647,0.8047638925315288
2270,sample,1271,2.491584957577288,0.68,0.776061616726161,0.4439186777824373,1.7525417077627863,0.7032710486601321
2271,sample,1272,2.454478032886982,0.68,0.776061616726161,0.38924678422661196,1.706589132752835,0.40604344722246216
2272,sample,1273,2.5046969447284937,0.68,0.776061616726161,0.6485212662861306,2.6810282802636993,0.5115196264250733
2273,sample,1274,2.4410633891820908,0.68,0.776061616726161,0.7528405290127498,1.2569671608964368,0.6107388316583363
2274,sample,1275,2.5078887920826674,0.68,0.776061616726161,0.774615198965226,0.9169124944867842,0.711649508720782
2275,sample,1276,2.4705552039667964,0.66,0.776061616726161,0.774615198965226,0.9169124944867842,0.711649508720782
2276,sample,1277,2.517150243744254,0.66,0.776061616726161,0.7787725618723587,0.6216300983119497,0.7534569013547107
2277,sample,1278,2.473843968473375,0.66,0.776061616726161,0.8949041648270529,1.17359378572948,0.6368958870135369
2278,sample,1279,2.4902678625658154,0.66,0.776061616726161,2.836825799647074,0.5869024387897114,0.5627063457501376
2279,sample,1280,2.4852989548817277,0.66,0.776061616726161,1.1001545426601926,0.7452520445341877,0.48489447491878834
2280,sample,1281,2.4957815753296018,0.66,0.776061616726161,1.7088036017212738,1.057255932999566,0.5281070210756155
2281,sample,1282,2.482905713841319,0.68,0.776061616726161,0.6787410677041011,1.6375604372751342,0.4583167312858589
2282,sample,1283,2.4709811825305223,0.7,0.776061616726161,0.39313627344319935,1.0786153749587324,0.35616190768034933
2283,sample,1284,2.49629636015743,0.7,0.776061616726161,0.48506654354523004,0.8248237660031528,0.47048889243771574
2284,sample,1285,2.475121774710715,0.7,0.776061616726161,0.4007599836426254,0.40777571390754846,0.5428485565722736
2285,sample,1286,2.4721686923876405,0.72,0.776061616726161,0.8096089258439754,1.1688183175164437,0.5532686263920747
2286,sample,1287,2.4830011762678623,0.7,0.776061616726161,0.8096089258439754,1.1688183175164437,0.5532686263920747
2287,sample,1288,2.4995717899873853,0.7,0.776061616726161,0.9585970608900085,1.0493933209356126,0.423301093892303
2288,sample,1289,2.4543485436588526,0.72,0.776061616726161,0.9332692659259534,1.320797131263239,0.4211665328748946
2289,sample,1290,2.470097358338535,0.74,0.776061616726161,0.9571705486254136,1.2932423248449463,0.3883445728991416
2290,sample,1291,2.4501285878941417,0.74,0.776061616726161,0.9828620106491407,1.2887972951164495,0.48749224801033986
2291,sample,1292,2.4562774701043963,0.74,0.776061616726161,0.8078389896310965,0.8174062598415575,0.5889506548073162
2292,sample,1293,2.455910903401673,0.74,0.776061616726161,1.0800234783681164,0.36234209856289284,0.6052044294179436
2293,sample,1294,2.4804876903072,0.74,0.776061616726161,0.25582941624443867,0.8129590422208309,0.47913144485290665
2294,sample,1295,2.4794796630740166,0.76,0.776061616726161,0.8527866362488474,0.6724419517346819,0.6093973419730567
2295,sample,1296,2.476467974483967,0.78,0.776061616726161,0.7844178700095173,2.4336755104743766,0.48016494222124434
2296,sample,1297,2.4847402218729258,0.78,0.776061616726161,0.9136312608449706,0.32242033742648335,0.6012852803988039
2297,sample,1298,2.4554681917652488,0.78,0.776061616726161,1.0446563600467877,0.9948199411521342,0.7322322452130228
2298,sample,1299,2.431947491131723,0.78,0.776061616726161,0.9325414325450516,0.6582425228220751,0.8220544255934747
2299,sample,1300,2.4338065246120095,0.78,0.776061616726161,2.0183222333952915,0.6546415586083999,0.7081184555005782
2300,sample,1301,2.498812505044043,0.76,0.776061616726161,2.0183222333952915,0.6546415586083999,0.7081184555005782
2301,sample,1302,2.4938587667420506,0.76,0.776061616726161,2.0183222333952915,0.6546415586083999,0.7081184555005782
2302,sample,1303,2.4962134640663862,0.76,0.776061616726161,0.5058851129793664,0.7830291460826202,0.8134574589901106
2303,sample,1304,2.4805463505908847,0.76,0.776061616726161,0.5235305153918969,1.0577184716318662,0.7369568310116279
2304,sample,1305,2.487943776883185,0.76,0.776061616726161,0.6135600655091373,0.3103060646700199,0.8516056009842001
2305,sample,1306,2.4911735001951456,0.76,0.776061616726161,0.6135600655091373,0.3103060646700199,0.8516056009842001
2306,sample,1307,2.4645441761240363,0.78,0.776061616726161,0.8429727292793937,1.8085576522575113,0.8480832397917968
2307,sample,1308,2.4712709300220013,0.8,0.776061616726161,0.46925799044774086,2.6011920355770535,0.7535753703038361
2308,sample,1309,2.447701127268374,0.8,0.776061616726161,1.2895763927165678,2.1680559412229266,0.6383096334782138
2309,sample,1310,2.4996065394952893,0.8,0.776061616726161,1.8016827740250247,2.036862159475578,0.7276455947252054
2310,sample,1311,2.487499731592834,0.8,0.776061616726161,1.7912076706618236,1.0278917760062023,0.745474342377657
2311,sample,1312,2.4856238700449467,0.82,0.776061616726161,0.6839961443315843,1.0188666092956062,0.8628534235977696
2312,sample,1313,2.4849896766245365,0.82,0.776061616726161,0.6839961443315843,1.0188666092956062,0.8628534235977696
2313,sample,1314,2.434890347532928,0.82,0.776061616726161,0.520932668507862,1.0832908585118757,0.7533882436741981
2314,sample,1315,2.4411723697558045,0.82,0.776061616726161,0.35081088623829243,0.9901202865193731,0.6785580535219569
2315,sample,1316,2.4376428555697203,0.84,0.776061616726161,0.5735467892748495,1.0210214504177235,0.7852214999995046
2316,sample,1317,2.456375405192375,0.84,0.776061616726161,1.482556784755645,1.2810455516071113,0.8966997295453499
2317,sample,1318,2.463951434008777,0.84,0.776061616726161,1.482556784755645,1.2810455516071113,0.8966997295453499
2318,sample,1319,2.442173761315644,0.86,0.776061616726161,1.1108805166866844,0.8939696423062957,0.8061194391538772
2319,sample,1320,2.4828045880421996,0.86,0.776061616726161,0.8378144431646659,0.6749069349444284,0.9102760840512161
2320,sample,1321,2.459450077265501,0.84,0.776061616726161,0.8378144431646659,0.6749069349444284,0.9102760840512161
2321,sample,1322,2.4432601165026426,0.84,0.776061616726161,1.0806016731333041,0.5582117981992138,1.0290677955902168
2322,sample,1323,2.476497638039291,0.84,0.776061616726161,0.4668611216099017,0.4581587365601027,0.6591120139888668
2323,sample,1324,2.4786965129897,0.84,0.776061616726161,0.719803162518311,1.1517412012560007,0.6305720146224842
2324,sample,1325,2.4444069266319275,0.84,0.776061616726161,0.6434815984988497,1.0849182195746727,0.7455011982887217
2325,sample,1326,2.4544303566217422,0.86,0.776061616726161,1.1857387833384103,1.3965688575649995,0.617888609448773
2326,sample,1327,2.4879127824679017,0.86,0.776061616726161,1.5333665862509063,0.4586687846100268,0.7500818270935999
2327,sample,1328,2.5174732943996787,0.86,0.776061616726161,1.7634211968108493,1.1544833644325034,0.721782088512355
2328,sample,1329,2.4766034139320254,0.86,0.776061616726161,1.3417263122872698,4.914824793851554,0.8189014288334958
2329,sample,1330,2.4585481183603406,0.84,0.776061616726161,1.3417263122872698,4.914824793851554,0.8189014288334958
2330,sample,1331,2.5164222549647093,0.84,0.776061616726161,1.6456092546394976,1.899697197392249,0.704060067168975
2331,sample,1332,2.4853158984333277,0.84,0.776061616726161,1.697323235137069,2.5085526566704424,0.822028411606215
2332,sample,1333,2.484548398293555,0.84,0.776061616726161,0.603590502243001,0.8647740213525295,0.792996542340492
2333,sample,1334,2.454005368053913,0.84,0.776061616726161,0.717395736855271,0.9923173762968549,0.6836610183369417
2334,sample,1335,2.4656267100945115,0.84,0.776061616726161,0.695817923726067,1.155977076330871,0.5572289652036997
2335,sample,1336,2.4685409627854824,0.84,0.776061616726161,0.38683497213104634,1.1275762244215508,0.6350378059666981
2336,sample,1337,2.451525674201548,0.84,0.776061616726161,0.38683497213104634,1.1275762244215508,0.6350378059666981
2337,sample,1338,2.4619467724114656,0.84,0.776061616726161,0.5698602303664755,3.101545740226386,0.651035610860544
2338,sample,1339,2.459203841164708,0.84,0.776061616726161,0.3324750682917877,2.0112483957985687,0.6965667040835766
2339,sample,1340,2.4712168341502547,0.84,0.776061616726161,0.8219701275166063,0.6243979808749288,0.7185119316748322
2340,sample,1341,2.4586514849215746,0.84,0.776061616726161,1.1344327759742658,0.8236817201418555,0.753786999380546
2341,sample,1342,2.472473105415702,0.84,0.776061616726161,0.7451012460421317,1.0209585425901617,0.7205687293449369
2342,sample,1343,2.4863610984757543,0.82,0.776061616726161,0.7451012460421317,1.0209585425901617,0.7205687293449369
2343,sample,1344,2.489624412730336,0.82,0.776061616726161,0.9013126602667271,0.8184373746713186,0.5973152619896598
2344,sample,1345,2.4568941527977586,0.82,0.776061616726161,0.9673048220964996,0.561395592785439,0.5888520830422908
2345,sample,1346,2.4796187505126,0.8,0.776061616726161,0.9673048220964996,0.561395592785439,0.5888520830422908
2346,sample,1347,2.448715071193874,0.8,0.776061616726161,0.8724839046764435,0.8567591611462615,0.7168458390951418
2347,sample,1348,2.4560862220823765,0.8,0.776061616726161,0.6636023282170508,1.0596723644138268,0.8381778537528298
2348,sample,1349,2.44971115142107,0.78,0.776061616726161,0.6636023282170508,1.0596723644138268,0.8381778537528298
2349,sample,1350,2.452554744668305,0.78,0.776061616726161,0.6652673797172037,0.8034756333099615,0.7181475458094214
2350,sample,1351,2.452859395183623,0.8,0.776061616726161,0.4775262922007755,0.989188481101561,0.7716390053801047
2351,sample,1352,2.4826233675703406,0.82,0.776061616726161,0.95351396637566,0.8671741141729981,0.8851244304605004
2352,sample,1353,2.4488106966018677,0.82,0.776061616726161,0.9577529553630474,1.1122814782290211,0.9806628024001197
2353,sample,1354,2.4550343034788966,0.8,0.776061616726161,0.9577529553630474,1.1122814782290211,0.9806628024001197
2354,sample,1355,2.440848184749484,0.8,0.776061616726161,1.379905422485821,0.8436083390271963,0.8854744997276681
2355,sample,1356,2.466375849209726,0.8,0.776061616726161,1.379905422485821,0.8436083390271963,0.8854744997276681
2356,sample,1357,2.459510963410139,0.8,0.776061616726161,1.4633307073762563,1.7598226658905651,0.7847378601472784
2357,sample,1358,2.467877922579646,0.8,0.776061616726161,1.1669153993962804,0.2855445307344049,0.8940784649546879
2358,sample,1359,2.4502117531374097,0.8,0.776061616726161,0.8041015525485025,1.2146235449814209,0.7375662615598664
2359,sample,1360,2.4252589968964458,0.8,0.776061616726161,0.903921248507325,1.3596955463030804,0.6467662157764288
2360,sample,1361,2.4437267603352666,0.8,0.776061616726161,0.6486942984509785,1.2142653185689312,0.5119667711219881
2361,sample,1362,2.424488046206534,0.8,0.776061616726161,0.6984735235366337,0.8505809001632741,0.4406441829761568
2362,sample,1363,2.425555639900267,0.82,0.776061616726161,0.7643313703997761,0.4848284138382991,0.4022143180412231
2363,sample,1364,2.432474630884826,0.82,0.776061616726161,0.6483704016878674,0.7100797561497747,0.36948646044487427
2364,sample,1365,2.4472522074356675,0.82,0.776061616726161,0.4574817411736887,1.1098225659491685,0.3621660677811549
2365,sample,1366,2.4759238427504897,0.82,0.776061616726161,0.4494727023413566,3.134481799068374,0.27849432160713594
2366,sample,1367,2.421353006735444,0.82,0.776061616726161,0.3843151698627661,0.6421922560739441,0.3602102603155895
2367,sample,1368,2.4510052017867565,0.84,0.776061616726161,0.4535144357378228,0.43494587468229995,0.3362951446545425
2368,sample,1369,2.462374313734472,0.84,0.776061616726161,0.3871341261531306,0.7286254323868179,0.3460540539471373
2369,sample,1370,2.466163889504969,0.84,0.776061616726161,0.43676489943026064,0.37740272312866463,0.37447795608510825
2370,sample,1371,2.441605464555323,0.86,0.776061616726161,0.4700207899191031,1.1129560524620883,0.2869958908196491
2371,sample,1372,2.46470426954329,0.84,0.776061616726161,0.4700207899191031,1.1129560524620883,0.2869958908196491
2372,sample,1373,2.4701772332191467,0.84,0.776061616726161,0.6066702356379877,0.7975628128584266,0.23725091254769326
2373,sample,1374,2.443993302062154,0.82,0.776061616726161,0.6066702356379877,0.7975628128584266,0.23725091254769326
2374,sample,1375,2.437006451189518,0.82,0.776061616726161,0.6615056958102462,0.6938492154222806,0.2799357192005443
2375,sample,1376,2.464656344614923,0.82,0.776061616726161,0.5183376203097355,0.9177789257627843,0.26172562090497253
2376,sample,1377,2.4314313856884837,0.82,0.776061616726161,0.4781388107394693,0.7363443160240659,0.23536132607295998
2377,sample,1378,2.4408906251192093,0.82,0.776061616726161,0.5091986881324649,0.6069454275293564,0.27045188213118965
2378,sample,1379,2.4551915721967816,0.8,0.776061616726161,0.5091986881324649,0.6069454275293564,0.27045188213118965
2379,sample,1380,2.4360443633049726,0.8,0.776061616726161,0.5091986881324649,0.6069454275293564,0.27045188213118965
2380,sample,1381,2.443494750186801,0.8,0.776061616726161,0.8818554419918275,0.6212301455472063,0.22188160301210813
2381,sample,1382,2.438795242458582,0.8,0.776061616726161,0.8418570462130606,0.7846064266982516,0.19279408518427515
2382,sample,1383,2.465191741473973,0.8,0.776061616726161,0.6442639904206466,2.0248931491018545,0.21973849032138376
2383,sample,1384,2.4677003072574735,0.8,0.776061616726161,0.8522903061769738,1.9715441062687693,0.24706489434322076
2384,sample,1385,2.502533186227083,0.8,0.776061616726161,0.8093317611818399,1.9377629853291813,0.3059992450708244
2385,sample,1386,2.490265349857509,0.8,0.776061616726161,0.9052332908591159,0.874815726002256,0.36813411083109104
2386,sample,1387,2.4963586255908012,0.82,0.776061616726161,0.729084139704394,1.148188909948309,0.4746799488902924
2387,sample,1388,2.497356510721147,0.8,0.776061616726161,0.729084139704394,1.148188909948309,0.4746799488902924
2388,sample,1389,2.4474860336631536,0.8,0.776061616726161,0.7157747444379018,0.9883109935463302,0.5954550990846369
2389,sample,1390,2.4181348085403442,0.8,0.776061616726161,0.5883179075562711,0.8511730120716826,0.4756105338824807
2390,sample,1391,2.4374751914292574,0.8,0.776061616726161,0.7642976900828382,0.6517732474775481,0.5758708612746313
2391,sample,1392,2.4608052810654044,0.78,0.776061616726161,0.7642976900828382,0.6517732474775481,0.5758708612746313
2392,sample,1393,2.4562459141016006,0.8,0.776061616726161,0.6552597283137159,1.2997086822614732,0.2407113042439185
2393,sample,1394,2.44419386330992,0.8,0.776061616726161,0.4894577316777077,1.9879648712959719,0.27231744000480584
2394,sample,1395,2.4568250961601734,0.8,0.776061616726161,0.6147542784675601,1.88530507187525,0.3023608458656386
2395,sample,1396,2.492503933608532,0.82,0.776061616726161,0.5706828448290603,1.8708220780169311,0.33068773691823466
2396,sample,1397,2.451334106735885,0.8,0.776061616726161,0.5706828448290603,1.8708220780169311,0.33068773691823466
2397,sample,1398,2.461911017075181,0.78,0.776061616726161,0.5706828448290603,1.8708220780169311,0.33068773691823466
2398,sample,1399,2.4908940522000194,0.8,0.776061616726161,0.864370135192439,0.8461548266600855,0.4149607760748344
2399,sample,1400,2.4892278658226132,0.78,0.776061616726161,0.864370135192439,0.8461548266600855,0.4149607760748344
2400,sample,1401,2.453227217309177,0.78,0.776061616726161,1.1118066080517632,0.8281884419257634,0.31468784822561313
2401,sample,1402,2.487305778078735,0.78,0.776061616726161,0.9347366854172406,0.5947600102468004,0.3332251188766885
2402,sample,1403,2.451981763355434,0.78,0.776061616726161,1.0097478250395873,0.5380147930060044,0.2861119872833511
2403,sample,1404,2.4658847814425826,0.78,0.776061616726161,1.0097478250395873,0.5380147930060044,0.2861119872833511
2404,sample,1405,2.4713598247617483,0.78,0.776061616726161,1.1236752844414641,0.5446154785646463,0.3148852316581622
2405,sample,1406,2.4606339894235134,0.78,0.776061616726161,1.1236752844414641,0.5446154785646463,0.3148852316581622
2406,sample,1407,2.452783526852727,0.78,0.776061616726161,1.1439789508696114,0.7710751616667548,0.3271027210022237
2407,sample,1408,2.437402093783021,0.78,0.776061616726161,1.0598464155110845,0.9424769352956974,0.4088187004344821
2408,sample,1409,2.500237014144659,0.78,0.776061616726161,0.7201515483070535,1.2238606281088382,0.5351492219931004
2409,sample,1410,2.4516916889697313,0.78,0.776061616726161,1.0024708549901007,1.9076594839447507,0.6594939701209908
2410,sample,1411,2.4543170304968953,0.78,0.776061616726161,0.5455347278080571,2.2504871240485484,0.6039968036943146
2411,sample,1412,2.4911444606259465,0.78,0.776061616726161,0.38551492454831476,1.033273809164911,0.5375036634612769
2412,sample,1413,2.489229165017605,0.78,0.776061616726161,0.45773243185668083,0.7810638536955677,0.6607180825727742
2413,sample,1414,2.490483144298196,0.78,0.776061616726161,2.284148726606958,0.5599377890929025,0.5240820609143882
2414,sample,1415,2.4331088261678815,0.78,0.776061616726161,0.31167044118950205,0.6083825162400773,0.4333333242875281
2415,sample,1416,2.4285628339275718,0.78,0.776061616726161,0.5515806629697033,0.46395118845214467,0.45248625969429956
2416,sample,1417,2.454632153734565,0.78,0.776061616726161,0.6223067486670061,0.5223483855583961,0.46068063828670724
2417,sample,1418,2.470766515471041,0.78,0.776061616726161,1.0988727549964368,1.0269810560302741,0.4280284638126373
2418,sample,1419,2.4569139145314693,0.76,0.776061616726161,1.0988727549964368,1.0269810560302741,0.4280284638126373
2419,sample,1420,2.4952292358502746,0.76,0.776061616726161,0.8228324805668289,1.5562565590850677,0.34637732439619684
2420,sample,1421,2.4690691586583853,0.74,0.776061616726161,0.8228324805668289,1.5562565590850677,0.34637732439619684
2421,sample,1422,2.4864743584766984,0.76,0.776061616726161,0.795724860086069,0.8238465960072835,0.3686618648348797
2422,sample,1423,2.488069461658597,0.74,0.776061616726161,0.795724860086069,0.8238465960072835,0.3686618648348797
2423,sample,1424,2.452024885453284,0.76,0.776061616726161,0.8661343405120363,1.0703429147202783,0.47190334417256763
2424,sample,1425,2.442935607396066,0.76,0.776061616726161,0.9369177797790762,1.1020388456788124,0.43033838372094557
2425,sample,1426,2.425211484543979,0.76,0.776061616726161,1.0729639590691475,0.9486081270530499,0.520731544624013
2426,sample,1427,2.4406640995293856,0.76,0.776061616726161,0.876406600478313,0.9534077526750624,0.5757702729209091
2427,sample,1428,2.4803527230396867,0.76,0.776061616726161,0.7265074931626763,0.7045710132879234,0.7110810884476171
2428,sample,1429,2.499993870034814,0.76,0.776061616726161,0.7265074931626763,0.7045710132879234,0.7110810884476171
2429,sample,1430,2.5355995688587427,0.78,0.776061616726161,0.3052564019435527,1.9779841519421935,0.6423551129984537
2430,sample,1431,2.490949032828212,0.78,0.776061616726161,1.6152695227511231,1.0026577893850248,0.6901123070054324
2431,sample,1432,2.5056942217051983,0.78,0.776061616726161,1.7658112286782779,1.1567719222211983,0.6364585398051498
2432,sample,1433,2.4457619311288,0.78,0.776061616726161,4.62960016223416,1.4405658620583233,0.5375703814613066
2433,sample,1434,2.4520421316847205,0.78,0.776061616726161,0.1897864894304088,1.343281711617098,0.6147341275705737
2434,sample,1435,2.4476414723321795,0.78,0.776061616726161,1.8029945497802409,1.011126600144232,0.7073390361040219
2435,sample,1436,2.4900306714698672,0.78,0.776061616726161,1.7850689659156749,1.1056978407679217,0.5873917882396545
2436,sample,1437,2.470123277977109,0.78,0.776061616726161,1.406036833698467,1.7280423838986674,0.5532204145526963
2437,sample,1438,2.4700500359758735,0.8,0.776061616726161,1.7189691367282671,2.011209654402558,0.6159697536248367
2438,sample,1439,2.501497504301369,0.8,0.776061616726161,2.21243889239803,1.4605289994295885,0.4961495766199753
2439,sample,1440,2.4940848043188453,0.8,0.776061616726161,2.8010655243915976,1.6479510023232322,0.42048585797785093
2440,sample,1441,2.4320265855640173,0.8,0.776061616726161,3.056899488461103,1.5287422086458093,0.4246154312299508
2441,sample,1442,2.458693318068981,0.8,0.776061616726161,3.056899488461103,1.5287422086458093,0.4246154312299508
2442,sample,1443,2.4358135256916285,0.8,0.776061616726161,2.9101421361116246,1.2913532571688477,0.4817933158633349
2443,sample,1444,2.4303792398422956,0.8,0.776061616726161,0.6666392476539575,1.3463733222853782,0.3685822399658662
2444,sample,1445,2.4528348334133625,0.8,0.776061616726161,0.6172083041568184,1.0115988433392527,0.4870544797816961
2445,sample,1446,2.4332296326756477,0.78,0.776061616726161,0.6172083041568184,1.0115988433392527,0.4870544797816961
2446,sample,1447,2.4708234136924148,0.8,0.776061616726161,0.6898820527790898,0.3998178212049206,0.39443689017506056
2447,sample,1448,2.4778417609632015,0.82,0.776061616726161,0.909738490365128,0.7956286436548795,0.4834579564438699
2448,sample,1449,2.496875746175647,0.82,0.776061616726161,0.7241605005228737,0.6585723074635855,0.4288165252143852
2449,sample,1450,2.4637247752398252,0.82,0.776061616726161,0.7241605005228737,0.6585723074635855,0.4288165252143852
2450,sample,1451,2.4851958826184273,0.8,0.776061616726161,0.7241605005228737,0.6585723074635855,0.4288165252143852
2451,sample,1452,2.5060062669217587,0.8,0.776061616726161,0.3486766312159128,0.7760347582250154,0.3669706854382785
2452,sample,1453,2.4959931559860706,0.8,0.776061616726161,1.0885041835977924,1.1312595651001642,0.37529626097787666
2453,sample,1454,2.5062794238328934,0.82,0.776061616726161,1.2303649432068062,0.9968829716993948,0.3631750627921177
2454,sample,1455,2.4659864641726017,0.82,0.776061616726161,0.41273978579075693,0.8375028195129476,0.428909188021645
2455,sample,1456,2.474586809054017,0.84,0.776061616726161,0.4755313997452749,0.5000588691147905,0.3951293903514425
2456,sample,1457,2.476254287175834,0.84,0.776061616726161,0.5412168930816083,0.5900541784358695,0.45735640314091797
2457,sample,1458,2.455362681299448,0.82,0.776061616726161,0.5412168930816083,0.5900541784358695,0.45735640314091797
2458,sample,1459,2.44620119035244,0.82,0.776061616726161,0.5518031453726098,0.4194519191503772,0.4711608524252021
2459,sample,1460,2.4762723334133625,0.8,0.776061616726161,0.5518031453726098,0.4194519191503772,0.4711608524252021
2460,sample,1461,2.463632377795875,0.78,0.776061616726161,0.5518031453726098,0.4194519191503772,0.4711608524252021
2461,sample,1462,2.425412319600582,0.78,0.776061616726161,0.9003518665386081,0.9999246211055368,0.5391225279385139
2462,sample,1463,2.48312571272254,0.78,0.776061616726161,0.745823748194068,1.7469882245222046,0.6715518682268836
2463,sample,1464,2.478254740126431,0.78,0.776061616726161,4.081346647667784,0.28364214497038265,0.7985889749027252
2464,sample,1465,2.5382523396983743,0.78,0.776061616726161,0.6952230864207952,1.1546806030481036,0.7424544193632739
2465,sample,1466,2.4828832680359483,0.76,0.776061616726161,0.6952230864207952,1.1546806030481036,0.7424544193632739
2466,sample,1467,2.492839706130326,0.76,0.776061616726161,0.5664742400219973,1.2469585576019024,0.7635936092235548
2467,sample,1468,2.449679857119918,0.76,0.776061616726161,1.1645317796161334,0.774554754200274,0.7823765832902658
2468,sample,1469,2.496775161474943,0.78,0.776061616726161,1.1263919113025018,1.496218950656405,0.8179781322153714
2469,sample,1470,2.501476322300732,0.78,0.776061616726161,0.2169345667891489,0.5229029429775324,0.8049290794345222
2470,sample,1471,2.485981425270438,0.8,0.776061616726161,1.2562953036503695,0.7020115102958803,0.6837336044425381
2471,sample,1472,2.4358244417235255,0.8,0.776061616726161,0.5622629337517312,0.5684700144567036,0.8050913254978641
2472,sample,1473,2.514948418363929,0.82,0.776061616726161,1.0184855113897044,1.226224914792644,0.6809180269135955
2473,sample,1474,2.4603583570569754,0.82,0.776061616726161,0.9038238026387008,1.4858337783758564,0.2119637080498774
2474,sample,1475,2.4820472672581673,0.82,0.776061616726161,0.9661387250981444,0.37977918004665406,0.20487557686325758
2475,sample,1476,2.4804650461301208,0.8,0.776061616726161,0.9661387250981444,0.37977918004665406,0.20487557686325758
2476,sample,1477,2.480888431891799,0.8,0.776061616726161,0.9358218383504253,0.7110379787138517,0.2314655517591049
2477,sample,1478,2.5203749630600214,0.8,0.776061616726161,0.7053882277191617,0.9227533358917012,0.22551008993419946
2478,sample,1479,2.4637724235653877,0.82,0.776061616726161,1.0148735465949483,0.3181169590013312,0.2338419328862242
2479,sample,1480,2.455004744231701,0.82,0.776061616726161,1.1326559122437765,1.3223362198242643,0.29108896736625955
2480,sample,1481,2.5081605035811663,0.8,0.776061616726161,1.1326559122437765,1.3223362198242643,0.29108896736625955
2481,sample,1482,2.4459264343604445,0.8,0.776061616726161,1.168122198438037,1.1619881645174932,0.3656339823850264
2482,sample,1483,2.4789403481408954,0.78,0.776061616726161,1.168122198438037,1.1619881645174932,0.3656339823850264
2483,sample,1484,2.4507883582264185,0.78,0.776061616726161,1.0412616790914624,1.0782010836949432,0.2928571677822728
2484,sample,1485,2.4921056237071753,0.78,0.776061616726161,0.7132523091465689,0.9999412700159123,0.3834812438505926
2485,sample,1486,2.4747341191396117,0.78,0.776061616726161,0.8669759832151593,0.9475217321978154,0.5020899794925938
2486,sample,1487,2.4738919977098703,0.78,0.776061616726161,0.6237169509160104,1.3263353182515862,0.5746943459529865
2487,sample,1488,2.4968688199296594,0.78,0.776061616726161,1.050579913402576,1.465024467040577,0.5913085450667106
2488,sample,1489,2.481645453721285,0.78,0.776061616726161,0.8733279222163833,1.3304267829232554,0.6647343220441863
2489,sample,1490,2.474547943100333,0.78,0.776061616726161,0.4555009955753227,1.2640093113156976,0.6645273543730663
2490,sample,1491,2.431926652789116,0.78,0.776061616726161,1.1808070282479861,0.8013446178476566,0.6042542147327397
2491,sample,1492,2.476902707479894,0.8,0.776061616726161,0.8516741121452241,0.465577396631096,0.7207527355134365
2492,sample,1493,2.4847455136477947,0.8,0.776061616726161,0.683409289365167,1.530824301964315,0.812053502545197
2493,sample,1494,2.447485711425543,0.8,0.776061616726161,1.4322596165772266,1.7514542391219847,0.6896509997136424
2494,sample,1495,2.4810152538120747,0.8,0.776061616726161,1.4903584238056728,1.2291400052272254,0.8028214302717269
2495,sample,1496,2.450372291728854,0.82,0.776061616726161,1.5292929059407199,1.4647205203332774,0.6824977510196979
2496,sample,1497,2.470446784980595,0.82,0.776061616726161,1.5032921995263422,1.5038780828013452,0.698022760213891
2497,sample,1498,2.5397784346714616,0.82,0.776061616726161,2.37442915573979,2.5232785029731737,0.6067256250062556
2498,sample,1499,2.456222241744399,0.82,0.776061616726161,0.9357740667008636,1.954084866670663,0.6899577553301068
2499,sample,1500,2.441718834452331,0.84,0.776061616726161,1.1072693066129422,1.8376649808465162,0.6307531213197017
2500,sample,1501,2.4434199882671237,0.86,0.776061616726161,0.7691035996432002,1.0525181692810892,0.5398781074185208
2501,sample,1502,2.4356893012300134,0.86,0.776061616726161,0.7248856420135522,1.2118183904790283,0.5316478550716733
2502,sample,1503,2.4384410064667463,0.86,0.776061616726161,0.9131315907490519,1.5500135887737863,0.40580884608796025
2503,sample,1504,2.4549128618091345,0.86,0.776061616726161,0.86562037684904,1.0639205995894443,0.47426532930311716
2504,sample,1505,2.4542090725153685,0.86,0.776061616726161,0.8596757902238,0.8927447903899015,0.4267245558648481
2505,sample,1506,2.449439212679863,0.86,0.776061616726161,0.4277705136035198,0.9867863208586913,0.4495264154637673
2506,sample,1507,2.4625504352152348,0.86,0.776061616726161,0.5699459455153181,0.7091925498356038,0.3522318821537453
2507,sample,1508,2.478408700786531,0.88,0.776061616726161,1.6838341125874001,0.6701551022896894,0.4534915270394207
2508,sample,1509,2.4906884469091892,0.88,0.776061616726161,0.6587174896395244,0.8836081911331712,0.47909611338506236
2509,sample,1510,2.510700791142881,0.88,0.776061616726161,0.6587174896395244,0.8836081911331712,0.47909611338506236
2510,sample,1511,2.4743712162598968,0.9,0.776061616726161,1.025180575693274,0.6348409382545855,0.37470244884965187
2511,sample,1512,2.483284887857735,0.88,0.776061616726161,1.025180575693274,0.6348409382545855,0.37470244884965187
2512,sample,1513,2.4802328627556562,0.86,0.776061616726161,1.025180575693274,0.6348409382545855,0.37470244884965187
2513,sample,1514,2.455656328238547,0.86,0.776061616726161,0.7416453429971217,1.158153912969206,0.4949653747676813
2514,sample,1515,2.452534948475659,0.86,0.776061616726161,0.5046534217932205,1.285108858020403,0.44238601379041004
2515,sample,1516,2.4470084700733423,0.88,0.776061616726161,0.8332502436147183,0.6262112835133206,0.39016982672333966
2516,sample,1517,2.4873490165919065,0.86,0.776061616726161,0.8332502436147183,0.6262112835133206,0.39016982672333966
2517,sample,1518,2.476021516136825,0.86,0.776061616726161,0.8446554213473555,1.0330082166832195,0.42087177933509917
2518,sample,1519,2.462916954420507,0.84,0.776061616726161,0.8446554213473555,1.0330082166832195,0.42087177933509917
2519,sample,1520,2.480082825757563,0.84,0.776061616726161,0.8025979869575756,1.4332034057244811,0.46450098728501077
2520,sample,1521,2.467985777184367,0.84,0.776061616726161,0.745324612427622,1.0903190884795442,0.49725378524344144
2521,sample,1522,2.463578480295837,0.84,0.776061616726161,0.7173756332600766,0.9611661072280427,0.5073638159465927
2522,sample,1523,2.469836669974029,0.84,0.776061616726161,1.2318426556848456,1.9092214103019665,0.4799245089398886
2523,sample,1524,2.484177299775183,0.84,0.776061616726161,1.3887085222257276,1.0965988160519702,0.5961021379316563
2524,sample,1525,2.4876586263999343,0.84,0.776061616726161,0.5580639278768419,0.5799459605527759,0.4658097684970339
2525,sample,1526,2.472706696949899,0.86,0.776061616726161,0.5490252310559779,1.1343166593807645,0.3607016377547377
2526,sample,1527,2.487222410738468,0.84,0.776061616726161,0.5490252310559779,1.1343166593807645,0.3607016377547377
2527,sample,1528,2.443347808904946,0.84,0.776061616726161,0.3127686793616433,1.7545393431593332,0.308010671477895
2528,sample,1529,2.4754521073773503,0.84,0.776061616726161,0.8982678581623169,1.0789656413710735,0.3310673152686673
2529,sample,1530,2.462749633938074,0.84,0.776061616726161,0.8432557898168114,0.7223894102592654,0.4359511416455328
2530,sample,1531,2.4414012553170323,0.86,0.776061616726161,0.8601075745838576,0.6350663132271256,0.5224851039305789
2531,sample,1532,2.453938511200249,0.86,0.776061616726161,0.6576295132055485,0.7776670991785996,0.5902790055193469
2532,sample,1533,2.4901766255497932,0.88,0.776061616726161,0.6453151524488092,0.3529074799243602,0.6863299288652089
2533,sample,1534,2.4782622307538986,0.88,0.776061616726161,0.6412554362255746,2.3872048459031285,0.5502735623968988
2534,sample,1535,2.475832510739565,0.88,0.776061616726161,0.4188312396325014,0.8458299166501,0.4442236871617641
2535,sample,1536,2.495125040411949,0.88,0.776061616726161,0.47395129793366125,0.7874847675756065,0.5388897318515193
2536,sample,1537,2.4512475868687034,0.88,0.776061616726161,0.3494443297553797,0.6099244957891211,0.5414094660717513
2537,sample,1538,2.455086254514754,0.88,0.776061616726161,0.5260182376254541,0.4771299916854197,0.6115375333790293
2538,sample,1539,2.458217696286738,0.86,0.776061616726161,0.5260182376254541,0.4771299916854197,0.6115375333790293
2539,sample,1540,2.414296199567616,0.86,0.776061616726161,0.6482014354878287,1.363774118806578,0.497160889893035
2540,sample,1541,2.4355061184614897,0.86,0.776061616726161,1.2751701760121854,1.2468531398933451,0.63338890482959
2541,sample,1542,2.450473097153008,0.86,0.776061616726161,1.0217884272074425,0.33292102214438823,0.7330811063544753
2542,sample,1543,2.4622724149376154,0.84,0.776061616726161,1.0217884272074425,0.33292102214438823,0.7330811063544753
2543,sample,1544,2.4739441135898232,0.84,0.776061616726161,0.8619706680625626,1.6812845137227337,0.6081648752853557
2544,sample,1545,2.4616089472547174,0.84,0.776061616726161,0.8568671037143001,1.300913717185401,0.6830720340821734
2545,sample,1546,2.45193462446332,0.84,0.776061616726161,0.942617955999766,1.0730253474500036,0.736665671254365
2546,sample,1547,2.4565631225705147,0.84,0.776061616726161,1.1830428201192285,1.0270736453168898,0.6102870889869381
2547,sample,1548,2.457306630909443,0.84,0.776061616726161,0.8647046947389732,0.8422767581590433,0.6441683152846173
2548,sample,1549,2.4405996426939964,0.84,0.776061616726161,0.7570369779474762,0.9992038998598922,0.5904087241342745
2549,sample,1550,2.4498497657477856,0.84,0.776061616726161,0.754160299893542,1.0731077264469968,0.5059856313666407
2550,sample,1551,2.4496650099754333,0.84,0.776061616726161,0.8393186036665012,1.2211983468113767,0.6392913126356268
2551,sample,1552,2.4675152944400907,0.84,0.776061616726161,1.2316212670412543,1.4909517678442323,0.5298705626556457
2552,sample,1553,2.443599901162088,0.84,0.776061616726161,0.8924276741617916,1.5348451298009442,0.4915485144331385
2553,sample,1554,2.4673719136044383,0.84,0.776061616726161,0.5939684772701687,1.249351306668404,0.4331420138429846
2554,sample,1555,2.449031198397279,0.84,0.776061616726161,2.5646698443403566,1.7257419255408926,0.48609161905751946
2555,sample,1556,2.4652127753943205,0.84,0.776061616726161,2.7788746791076018,1.5364008056920915,0.42845797190745316
2556,sample,1557,2.488948591053486,0.84,0.776061616726161,0.6723359018803985,0.8354026792214628,0.5559704033175963
2557,sample,1558,2.507553526200354,0.84,0.776061616726161,0.5508900933643159,1.9286803056072361,0.43313411244867217
2558,sample,1559,2.4797806162387133,0.84,0.776061616726161,0.5981134012233691,1.1671377173551651,0.46657509661718005
2559,sample,1560,2.5026112189516425,0.86,0.776061616726161,0.502535063780768,0.570070284087967,0.35260960486453824
2560,sample,1561,2.5030227079987526,0.86,0.776061616726161,0.7393621453487864,0.8534234942045672,0.31978438882153143
2561,sample,1562,2.493332104757428,0.86,0.776061616726161,0.7393621453487864,0.8534234942045672,0.31978438882153143
2562,sample,1563,2.4951000157743692,0.88,0.776061616726161,0.7123863397683414,0.8692608650508299,0.2514858768284692
2563,sample,1564,2.476389590650797,0.88,0.776061616726161,1.0121326763696086,1.450731421674217,0.2791084441974583
2564,sample,1565,2.451649502851069,0.88,0.776061616726161,0.27041185824794134,0.7457831926792798,0.2848591950102268
2565,sample,1566,2.5054011484608054,0.88,0.776061616726161,0.8393075663312818,1.0540122294790897,0.42083800920062975
2566,sample,1567,2.4375544618815184,0.88,0.776061616726161,0.8393075663312818,1.0540122294790897,0.42083800920062975
2567,sample,1568,2.467924488708377,0.88,0.776061616726161,0.7086792692501447,2.0378605955815035,0.4992995539500598
2568,sample,1569,2.4760631201788783,0.9,0.776061616726161,0.3940043234655041,1.3437634753871996,0.5395996930110089
2569,sample,1570,2.501504907384515,0.9,0.776061616726161,0.7304295648863729,0.5945063530218753,0.43858432680531123
2570,sample,1571,2.486104669049382,0.9,0.776061616726161,0.5184250460106994,0.6451171605442664,0.36481250864787707
2571,sample,1572,2.4548936830833554,0.9,0.776061616726161,0.4943327700508956,0.8921322999044017,0.41795379482990774
2572,sample,1573,2.4375070333480835,0.88,0.776061616726161,0.4943327700508956,0.8921322999044017,0.41795379482990774
2573,sample,1574,2.4535925816744566,0.86,0.776061616726161,0.4943327700508956,0.8921322999044017,0.41795379482990774
2574,sample,1575,2.457451685331762,0.86,0.776061616726161,0.9460077490978769,0.8051404542989495,0.4287460865450361
2575,sample,1576,2.4675681851804256,0.86,0.776061616726161,1.4130432370364487,1.143489766096306,0.4931861473856862
2576,sample,1577,2.5013813078403473,0.88,0.776061616726161,1.1373028248663708,1.0423335904772966,0.4143697526970127
2577,sample,1578,2.5024847332388163,0.88,0.776061616726161,1.275810267223011,1.2547340879962912,0.4105544561419826
2578,sample,1579,2.5352723617106676,0.88,0.776061616726161,0.6801849231161158,1.3955817781027073,0.5329651610016409
2579,sample,1580,2.463548687286675,0.86,0.776061616726161,0.6801849231161158,1.3955817781027073,0.5329651610016409
2580,sample,1581,2.473764903843403,0.84,0.776061616726161,0.6801849231161158,1.3955817781027073,0.5329651610016409
2581,sample,1582,2.4861090146005154,0.84,0.776061616726161,0.4793308140324075,0.8600080000992185,0.43575711903264563
2582,sample,1583,2.4463982759043574,0.84,0.776061616726161,0.3541460793123396,1.1814062709860051,0.41799900178230104
2583,sample,1584,2.454448682256043,0.84,0.776061616726161,0.6008427296779083,0.45379020353244115,0.32840619756531186
2584,sample,1585,2.4542923346161842,0.84,0.776061616726161,0.48058933762228817,0.9439215543890717,0.3911824182980672
2585,sample,1586,2.428706681355834,0.84,0.776061616726161,0.4618292866364193,1.0957241352486589,0.4116975577952069
2586,sample,1587,2.450652494095266,0.82,0.776061616726161,0.4618292866364193,1.0957241352486589,0.4116975577952069
2587,sample,1588,2.483378516510129,0.82,0.776061616726161,0.4175153856886477,1.6879202117044505,0.5366571883789413
2588,sample,1589,2.472716085612774,0.84,0.776061616726161,0.6581545142305311,2.893722263531808,0.6711503065629075
2589,sample,1590,2.495712515898049,0.84,0.776061616726161,0.7744924162063804,1.3016616873132314,0.7877334890951062
2590,sample,1591,2.480302101932466,0.84,0.776061616726161,0.503148451159801,1.115032892531872,0.8412348860368661
2591,sample,1592,2.4362892070785165,0.84,0.776061616726161,0.7489708361726717,0.45133817956148514,0.9138839221374047
2592,sample,1593,2.4690063996240497,0.86,0.776061616726161,0.8604699155061204,1.5391802384511173,1.0050052114505088
2593,sample,1594,2.489420870319009,0.86,0.776061616726161,0.838094188967688,1.4838920087387462,0.9929140727170148
2594,sample,1595,2.4566379990428686,0.86,0.776061616726161,1.198374277869275,0.8098147573852286,0.9765767889378175
2595,sample,1596,2.4882440343499184,0.86,0.776061616726161,3.081165179703005,0.801751317736942,0.9295839063167635
2596,sample,1597,2.489467899315059,0.86,0.776061616726161,3.086262611750285,0.8658150203763216,1.0177592336387917
2597,sample,1598,2.4816076485440135,0.86,0.776061616726161,1.2619501900068057,0.6628192794751776,0.9926998397026418
2598,sample,1599,2.446076479740441,0.86,0.776061616726161,1.8571557888362,0.8616918552804425,0.9387141402331686
2599,sample,1600,2.4417297141626477,0.86,0.776061616726161,1.3446781410179942,1.0464254990097597,0.8911597116453283
2600,sample,1601,2.4702392388135195,0.86,0.776061616726161,1.4595391091140502,0.751311545597964,0.9706546408839785
2601,sample,1602,2.4502217983826995,0.86,0.776061616726161,0.8420540146596153,1.429842143323124,1.0224488787647699
2602,sample,1603,2.486406601034105,0.86,0.776061616726161,1.1850650253726058,1.27105752448506,1.0819101113902383
2603,sample,1604,2.460272482596338,0.86,0.776061616726161,0.3473563193707484,0.6332022838600262,1.1073674888046643
2604,sample,1605,2.4426992423832417,0.86,0.776061616726161,0.9144785512223895,1.1024972166599951,1.0404843084955708
2605,sample,1606,2.4584178691729903,0.86,0.776061616726161,0.26879830614494804,1.2038257892805313,0.9692248686166742
2606,sample,1607,2.4922836255282164,0.86,0.776061616726161,0.8210786123383161,0.9882673961462779,1.0425204756742708
2607,sample,1608,2.464170143008232,0.86,0.776061616726161,0.6569363594242846,1.1623596712308388,1.0504925271384213
2608,sample,1609,2.4904278023168445,0.86,0.776061616726161,0.6788887209009953,0.3081960292938719,0.983619017861494
2609,sample,1610,2.474569640122354,0.86,0.776061616726161,0.6071646496146466,0.984358006377097,1.0469135100184057
2610,sample,1611,2.42813094612211,0.86,0.776061616726161,0.7295061138338158,1.1929677291918992,0.9713103241609536
2611,sample,1612,2.469748603180051,0.88,0.776061616726161,1.330233761817173,0.9601859232624411,1.0383047869160544
2612,sample,1613,2.4596971962600946,0.88,0.776061616726161,0.980884750561121,0.5450714767375326,0.9769803149751494
2613,sample,1614,2.4740092223510146,0.88,0.776061616726161,0.6657020146209096,0.6063774567322097,1.031448746518095
2614,sample,1615,2.4354979870840907,0.86,0.776061616726161,0.6657020146209096,0.6063774567322097,1.031448746518095
2615,sample,1616,2.4534279461950064,0.86,0.776061616726161,1.2239303780445725,0.44627016279680554,0.48597061483553283
2616,sample,1617,2.4551496859639883,0.88,0.776061616726161,1.4532116803526791,0.55881759765304,0.5903716638341564
2617,sample,1618,2.452438154257834,0.86,0.776061616726161,1.4532116803526791,0.55881759765304,0.5903716638341564
2618,sample,1619,2.42583579570055,0.86,0.776061616726161,1.477332131138749,0.6127416666608424,0.6896342382624707
2619,sample,1620,2.489136296324432,0.86,0.776061616726161,0.5416392605973511,0.7626391831079663,0.5823327459954353
2620,sample,1621,2.516304668970406,0.86,0.776061616726161,1.684786664795469,0.7005683500309031,0.1737726823992575
2621,sample,1622,2.5074675362557173,0.84,0.776061616726161,1.684786664795469,0.7005683500309031,0.1737726823992575
2622,sample,1623,2.490123165771365,0.86,0.776061616726161,2.1436768225431884,0.3961507066391256,0.17063736345221975
2623,sample,1624,2.466120222583413,0.86,0.776061616726161,2.1436768225431884,0.3961507066391256,0.17063736345221975
2624,sample,1625,2.4908279897645116,0.86,0.776061616726161,2.585713228427761,0.6537221657773429,0.16227945793992285
2625,sample,1626,2.4474768275395036,0.86,0.776061616726161,2.0389753394836214,0.3897642029020712,0.1699709260725374
2626,sample,1627,2.44577956199646,0.86,0.776061616726161,2.2093126494591306,1.5468510544868537,0.17430727065681745
2627,sample,1628,2.441560547798872,0.86,0.776061616726161,3.128258391654421,0.7047587007473877,0.18451425925852927
2628,sample,1629,2.4591123685240746,0.86,0.776061616726161,1.3649694570843969,0.7226554858933609,0.37110934204769486
2629,sample,1630,2.460094257257879,0.88,0.776061616726161,1.6059209138647021,0.7742248743496029,0.3198774003774689
2630,sample,1631,2.4960498940199614,0.9,0.776061616726161,1.080220912179994,0.36467248098966887,0.31389664437639797
2631,sample,1632,2.489474819973111,0.9,0.776061616726161,0.5529819485766623,0.8205309681376491,0.24807320851821815
2632,sample,1633,2.4176996145397425,0.9,0.776061616726161,0.5704729027015092,0.7069057116811777,0.28125583565819134
2633,sample,1634,2.4390084808692336,0.88,0.776061616726161,0.5704729027015092,0.7069057116811777,0.28125583565819134
2634,sample,1635,2.414930522441864,0.88,0.776061616726161,0.4067177244024094,1.427373131204429,0.32933152647976466
2635,sample,1636,2.414166137576103,0.88,0.776061616726161,0.48461902889691494,1.310788377477899,0.3343206725269325
2636,sample,1637,2.4370697289705276,0.88,0.776061616726161,0.48461902889691494,1.310788377477899,0.3343206725269325
2637,sample,1638,2.4350597448647022,0.88,0.776061616726161,0.42029326464444317,2.459309197219048,0.26087921965551714
2638,sample,1639,2.4740225533023477,0.88,0.776061616726161,1.2516671041325789,0.804784249486266,0.332540180390908
2639,sample,1640,2.4669189993292093,0.86,0.776061616726161,1.2516671041325789,0.804784249486266,0.332540180390908
2640,sample,1641,2.4378328723832965,0.86,0.776061616726161,0.9031447136064492,0.8082799674945049,0.34904733366603824
2641,sample,1642,2.432630463503301,0.86,0.776061616726161,0.38294426724957414,0.88889395125221,0.29991220960574816
2642,sample,1643,2.464377840049565,0.86,0.776061616726161,0.46989110733042094,0.3681557060078329,0.34698235889890694
2643,sample,1644,2.4198698736727238,0.84,0.776061616726161,0.46989110733042094,0.3681557060078329,0.34698235889890694
2644,sample,1645,2.4637735318392515,0.84,0.776061616726161,1.409287197128936,1.5298740249420155,0.32542981842738267
2645,sample,1646,2.4439995158463717,0.84,0.776061616726161,1.526040792025601,0.8672846926698022,0.28896459473778735
2646,sample,1647,2.428568842820823,0.82,0.776061616726161,1.526040792025601,0.8672846926698022,0.28896459473778735
2647,sample,1648,2.4753817124292254,0.82,0.776061616726161,1.50472192002529,0.5356176876500834,0.2937477593946439
2648,sample,1649,2.4465036625042558,0.82,0.776061616726161,1.6845281903728777,0.7996917027964185,0.362693414029986
2649,sample,1650,2.4602550957351923,0.82,0.776061616726161,1.3020084297810455,0.5177195978933665,0.34812390112771635
2650,sample,1651,2.4988622488453984,0.82,0.776061616726161,1.1720042733349054,0.71112333851476,0.4605207719570579
2651,sample,1652,2.4453639881685376,0.82,0.776061616726161,1.2340342321909592,0.808724475359818,0.4386554425759845
2652,sample,1653,2.49776712898165,0.82,0.776061616726161,1.2578849575534212,0.8758185254459498,0.5412153747126669
2653,sample,1654,2.467127055861056,0.82,0.776061616726161,2.8354836629617584,0.7278818285246231,1.0941781489872315
2654,sample,1655,2.482609298080206,0.82,0.776061616726161,2.939140600825914,0.5638860753314263,1.1393532455733508
2655,sample,1656,2.4904760057106614,0.82,0.776061616726161,1.8244506024732334,0.8430545311292351,1.353104827121587
2656,sample,1657,2.485266446135938,0.82,0.776061616726161,1.3458320517739613,0.7105254580016472,1.3545586151720288
2657,sample,1658,2.464113096706569,0.8,0.776061616726161,1.3458320517739613,0.7105254580016472,1.3545586151720288
2658,sample,1659,2.5120071079581976,0.8,0.776061616726161,1.4177764449411823,1.2874509683671107,1.3659252718580535
2659,sample,1660,2.5175672667101026,0.8,0.776061616726161,0.4633345135221528,1.5588862866526747,1.2777643860773353
2660,sample,1661,2.4808951979503036,0.8,0.776061616726161,0.4358081253851915,1.8743045107736478,1.0450187953170882
2661,sample,1662,2.4463462438434362,0.8,0.776061616726161,0.5529038489690864,1.809073157111525,1.1145169750961421
2662,sample,1663,2.4389230739325285,0.8,0.776061616726161,0.3542158398008187,1.2310351646818347,1.1735500747216272
2663,sample,1664,2.450134927406907,0.8,0.776061616726161,0.4928838640222941,1.2563138961987903,1.0879960293903452
2664,sample,1665,2.4703378453850746,0.82,0.776061616726161,0.384025777563021,1.6820469729894305,1.1508132671315858
2665,sample,1666,2.4611126333475113,0.82,0.776061616726161,0.5041734792190179,1.460085922918951,1.0886638958773995
2666,sample,1667,2.462596503086388,0.82,0.776061616726161,1.5743033311222165,1.4552360574867007,1.1498271221378489
2667,sample,1668,2.48670263774693,0.84,0.776061616726161,1.0351762749760551,1.3118713436560303,1.1447821739695045
2668,sample,1669,2.4634013855829835,0.84,0.776061616726161,0.771967679990789,1.7625723520853294,1.1419265074522615
2669,sample,1670,2.4775398252531886,0.84,0.776061616726161,0.7891743912313185,1.187497547078977,1.1770673638420521
2670,sample,1671,2.4888508236035705,0.84,0.776061616726161,0.6451270984262875,0.9621838654161498,1.1336394651864132
2671,sample,1672,2.454271941445768,0.84,0.776061616726161,0.6451270984262875,0.9621838654161498,1.1336394651864132
2672,sample,1673,2.457400714047253,0.84,0.776061616726161,0.8199951611123942,1.076124608232586,1.1815888535078156
2673,sample,1674,2.4681836711242795,0.84,0.776061616726161,0.8199951611123942,1.076124608232586,1.1815888535078156
2674,sample,1675,2.497344573959708,0.84,0.776061616726161,0.5022044948527822,1.1375021158756207,1.1468027220725754
2675,sample,1676,2.481129629537463,0.82,0.776061616726161,0.5022044948527822,1.1375021158756207,1.1468027220725754
2676,sample,1677,2.448696150444448,0.82,0.776061616726161,0.40814335925813067,1.4786530408951912,1.0853347532841142
2677,sample,1678,2.494571783579886,0.82,0.776061616726161,0.7660529086572753,0.8118854505554305,1.2290332935121744
2678,sample,1679,2.4809358827769756,0.8,0.776061616726161,0.7660529086572753,0.8118854505554305,1.2290332935121744
2679,sample,1680,2.4513401398435235,0.8,0.776061616726161,1.1056677078691184,0.8324194727096667,1.546828109027044
2680,sample,1681,2.4930468518286943,0.78,0.776061616726161,1.1056677078691184,0.8324194727096667,1.546828109027044
2681,sample,1682,2.4786656107753515,0.76,0.776061616726161,1.1056677078691184,0.8324194727096667,1.546828109027044
2682,sample,1683,2.5185805233195424,0.76,0.776061616726161,2.0757229502586934,0.6428715646265555,1.5444579932934241
2683,sample,1684,2.479093906469643,0.78,0.776061616726161,1.52110557778638,0.7160334312260314,1.8521994974955363
2684,sample,1685,2.4897395437583327,0.78,0.776061616726161,1.6180716706736582,0.5828865286047243,1.8726058278286177
2685,sample,1686,2.4470530739054084,0.78,0.776061616726161,1.4702628684387815,0.4733100609199397,1.153464958267252
2686,sample,1687,2.495326234959066,0.8,0.776061616726161,1.259873330199139,2.2270807424096453,1.1512856193410341
2687,sample,1688,2.476368460804224,0.78,0.776061616726161,1.259873330199139,2.2270807424096453,1.1512856193410341
2688,sample,1689,2.501828179694712,0.78,0.776061616726161,1.2706594004741312,2.3853781551800752,1.166113315987866
2689,sample,1690,2.446202621795237,0.8,0.776061616726161,1.2657731955079392,1.9413550401613835,1.1318818347718036
2690,sample,1691,2.4817735739052296,0.8,0.776061616726161,1.802166066471533,1.3633374425390874,1.0929692170192167
2691,sample,1692,2.512557082809508,0.8,0.776061616726161,1.7650945849185176,0.8513268419980665,1.1509295034716438
2692,sample,1693,2.499323545023799,0.8,0.776061616726161,2.1031866216935624,0.7338441633769921,1.1997483019919057
2693,sample,1694,2.4635724518448114,0.82,0.776061616726161,2.150759529557775,0.4938302814304688,1.1058328378397149
2694,sample,1695,2.4393685068935156,0.82,0.776061616726161,1.5814482286101448,0.5627670984555715,1.034545804149244
2695,sample,1696,2.4945005364716053,0.82,0.776061616726161,0.893150836321315,1.6641517122605336,1.062550418489253
2696,sample,1697,2.461282042786479,0.82,0.776061616726161,0.893150836321315,1.6641517122605336,1.062550418489253
2697,sample,1698,2.4940657718107104,0.82,0.776061616726161,1.166848200031962,1.3942144903124776,1.6205058179037903
2698,sample,1699,2.452875508926809,0.82,0.776061616726161,1.195308781944475,1.184342631397259,1.6160541634852599
2699,sample,1700,2.4981380915269256,0.82,0.776061616726161,1.1312859548642653,1.0931146019679854,2.0630891730004657
2700,sample,1701,2.5019451417028904,0.82,0.776061616726161,0.4311740593141339,0.9909106952660868,1.998895984251241
2701,sample,1702,2.452027433551848,0.82,0.776061616726161,0.41464022505248693,1.3496030339837637,1.9117353238274992
2702,sample,1703,2.455875908024609,0.82,0.776061616726161,1.4582321302188639,1.598139766495182,1.9833286450184662
2703,sample,1704,2.4589919317513704,0.8,0.776061616726161,1.4582321302188639,1.598139766495182,1.9833286450184662
2704,sample,1705,2.4690375113859773,0.8,0.776061616726161,0.5297393678618938,1.1635870508858963,2.1983502370009016
2705,sample,1706,2.469009288586676,0.78,0.776061616726161,0.5297393678618938,1.1635870508858963,2.1983502370009016
2706,sample,1707,2.487919557839632,0.76,0.776061616726161,0.5297393678618938,1.1635870508858963,2.1983502370009016
2707,sample,1708,2.471372283063829,0.78,0.776061616726161,1.5410272050902352,0.9367054840880931,1.0612503911338964
2708,sample,1709,2.4997358759865165,0.78,0.776061616726161,1.6461922781000584,0.7881992565502229,1.125380632928503
2709,sample,1710,2.4667525300756097,0.78,0.776061616726161,1.6391455785550872,0.7313164789072208,1.1248814495007955
2710,sample,1711,2.4417498875409365,0.78,0.776061616726161,0.9136056246333146,0.6968558400102871,1.0791230250527621
2711,sample,1712,2.433669950813055,0.78,0.776061616726161,0.8153424977919603,0.6242171462221894,1.034028893553414
2712,sample,1713,2.466190829873085,0.78,0.776061616726161,1.085540066964762,0.4024112001279327,1.1044505347465652
2713,sample,1714,2.410694196820259,0.76,0.776061616726161,1.085540066964762,0.4024112001279327,1.1044505347465652
2714,sample,1715,2.453139285556972,0.76,0.776061616726161,1.2553973959163875,1.250214783702792,1.0370720264398532
2715,sample,1716,2.441307319328189,0.74,0.776061616726161,1.2553973959163875,1.250214783702792,1.0370720264398532
2716,sample,1717,2.4300454249605536,0.74,0.776061616726161,0.9600998223215291,1.2275592944554572,1.0230805323668872
2717,sample,1718,2.4605730874463916,0.74,0.776061616726161,1.0962744744122965,1.0995253952428488,0.9600276117674498
2718,sample,1719,2.4344055457040668,0.74,0.776061616726161,0.8427183094801795,0.35914013839957143,0.8935389042379458
2719,sample,1720,2.4357324671000242,0.74,0.776061616726161,0.7625229788779291,0.7534322790265792,0.9582190091928741
2720,sample,1721,2.446211462840438,0.72,0.776061616726161,0.7625229788779291,0.7534322790265792,0.9582190091928741
2721,sample,1722,2.4076254032552242,0.74,0.776061616726161,0.8562879406629482,1.0057299721506232,0.9031049100570776
2722,sample,1723,2.3967102533206344,0.74,0.776061616726161,0.7691499481518316,0.5549516599099122,0.8740787132062946
2723,sample,1724,2.4557376569136977,0.76,0.776061616726161,0.8065034114603549,0.8043688220847516,0.8032030821188042
2724,sample,1725,2.4429839616641402,0.76,0.776061616726161,0.5784736262008963,0.8439573010512512,0.6799505558024872
2725,sample,1726,2.4291380839422345,0.78,0.776061616726161,0.3698425188681247,1.4237566388539382,0.6399810931804171
2726,sample,1727,2.4541939068585634,0.78,0.776061616726161,0.47423040276743417,1.29983175544978,0.7684306331460461
2727,sample,1728,2.449172206223011,0.78,0.776061616726161,0.5654423158331828,1.5009529860516178,0.7770469381832111
2728,sample,1729,2.4708005441352725,0.78,0.776061616726161,0.5654423158331828,1.5009529860516178,0.7770469381832111
2729,sample,1730,2.443054617382586,0.78,0.776061616726161,0.8346554081172374,1.6179361665465621,0.8883125793076758
2730,sample,1731,2.4297931231558323,0.8,0.776061616726161,0.9452409374263715,1.4618333601106945,0.8124384760451672
2731,sample,1732,2.465077221393585,0.82,0.776061616726161,1.20745987969624,1.2680812251175553,0.7484308314326399
2732,sample,1733,2.4707786729559302,0.82,0.776061616726161,1.2592715560148457,1.3283335834389922,0.6340764115284339
2733,sample,1734,2.4771868884563446,0.82,0.776061616726161,1.1407195990818497,0.9448768539227353,0.5805081827022966
2734,sample,1735,2.4643330983817577,0.82,0.776061616726161,1.0556034456722267,0.3511648021963737,0.6997119187007145
2735,sample,1736,2.4504059432074428,0.82,0.776061616726161,1.0918965952440098,2.2405712880534407,0.7037669079397975
2736,sample,1737,2.4676363738253713,0.82,0.776061616726161,0.41173335612808415,2.1765498830476773,0.5683971328751195
2737,sample,1738,2.468013796955347,0.84,0.776061616726161,0.5301750752441469,1.8940405738095312,0.7037209489515366
2738,sample,1739,2.45265528280288,0.84,0.776061616726161,0.8168371398282098,2.3842897197175184,0.8223846639132258
2739,sample,1740,2.408633920364082,0.84,0.776061616726161,0.9779777492877665,1.5693191886721387,0.7955705753109324
2740,sample,1741,2.4260314097627997,0.84,0.776061616726161,1.2143386365497872,0.49441652179897666,0.8286795816248472
2741,sample,1742,2.435400787740946,0.84,0.776061616726161,0.6384217125002757,2.5796993446859076,0.8595083501975701
2742,sample,1743,2.430320678278804,0.82,0.776061616726161,0.6384217125002757,2.5796993446859076,0.8595083501975701
2743,sample,1744,2.4165106089785695,0.8,0.776061616726161,0.6384217125002757,2.5796993446859076,0.8595083501975701
2744,sample,1745,2.4575565373525023,0.8,0.776061616726161,0.6649230629562936,2.69541765787572,0.767067127923816
2745,sample,1746,2.4708798779174685,0.8,0.776061616726161,0.7900298898703023,1.7029134490440945,0.6869270708002096
2746,sample,1747,2.456847191788256,0.82,0.776061616726161,0.9047403617102842,1.3202832815064554,0.5659212274437398
2747,sample,1748,2.4588328218087554,0.82,0.776061616726161,0.9855006028936776,1.3690337485955586,0.5175277132769296
2748,sample,1749,2.511074504815042,0.8,0.776061616726161,0.9855006028936776,1.3690337485955586,0.5175277132769296
2749,sample,1750,2.472206345759332,0.8,0.776061616726161,2.273128808177196,1.7150177145231327,0.4008249157003207
2750,sample,1751,2.484785626642406,0.8,0.776061616726161,2.113767245875571,1.1477293899439405,0.3567809530920203
2751,sample,1752,2.4623116506263614,0.8,0.776061616726161,0.7497219935233919,0.321766653555313,0.4516667723529878
2752,sample,1753,2.483009641058743,0.8,0.776061616726161,0.8415148774603308,1.466437170096,0.585035572822991
2753,sample,1754,2.484743110835552,0.82,0.776061616726161,0.3528068483101879,1.0883961121152246,0.47202895251101007
2754,sample,1755,2.498487410135567,0.82,0.776061616726161,0.46794141075695594,1.7577358784752393,0.5614937127702457
2755,sample,1756,2.457489333115518,0.84,0.776061616726161,0.6873334747957285,0.81951925862882,0.6839840259594421
2756,sample,1757,2.473903240635991,0.86,0.776061616726161,0.6943592603046284,0.9941793473782675,0.6114313713855202
2757,sample,1758,2.453133831731975,0.84,0.776061616726161,0.6943592603046284,0.9941793473782675,0.6114313713855202
2758,sample,1759,2.4566553412005305,0.82,0.776061616726161,0.6943592603046284,0.9941793473782675,0.6114313713855202
2759,sample,1760,2.4708681851625443,0.82,0.776061616726161,0.8506062073809625,1.4322260437672893,0.5878586574405876
2760,sample,1761,2.468145878985524,0.82,0.776061616726161,4.1083442705649205,1.0929670972421885,0.6104379836348699
2761,sample,1762,2.4580458533018827,0.82,0.776061616726161,2.5442273027930318,0.7870273614279722,0.48382112221388796
2762,sample,1763,2.4452613554894924,0.82,0.776061616726161,2.271536072508789,0.9911077647138508,0.5519809981252055
2763,sample,1764,2.460132227279246,0.84,0.776061616726161,1.7301799347062925,0.5966610646860322,0.4556048193706417
2764,sample,1765,2.448356669396162,0.84,0.776061616726161,0.6701985448999839,0.8511416104251245,0.38009433317425034
2765,sample,1766,2.4603841667994857,0.86,0.776061616726161,0.6046751785533476,0.7906394890821621,0.38821866873247696
2766,sample,1767,2.4662874061614275,0.86,0.776061616726161,0.686986568221241,0.6406920879570007,0.43709176430288726
2767,sample,1768,2.4594930605962873,0.86,0.776061616726161,0.63260055208308,0.5625687144327309,0.4699797792750482
2768,sample,1769,2.4479738073423505,0.84,0.776061616726161,0.63260055208308,0.5625687144327309,0.4699797792750482
2769,sample,1770,2.5093086203560233,0.84,0.776061616726161,0.951194608301439,1.239723703956724,0.3890881175976617
2770,sample,1771,2.47035838291049,0.86,0.776061616726161,0.9177304234264138,1.257294309873296,0.43350205485374177
2771,sample,1772,2.4603474931791425,0.86,0.776061616726161,0.9290064619202846,0.9688272348330929,0.4014887634144322
2772,sample,1773,2.5279404670000076,0.84,0.776061616726161,0.9290064619202846,0.9688272348330929,0.4014887634144322
2773,sample,1774,2.4842694578692317,0.84,0.776061616726161,0.7669608790672666,0.9065071142871762,0.4767379213780534
2774,sample,1775,2.4774848828092217,0.84,0.776061616726161,0.6519223591070057,1.297425740621521,0.41746349717147785
2775,sample,1776,2.440391404554248,0.84,0.776061616726161,0.4336666788971858,1.0089378938561808,0.3739633002953124
2776,sample,1777,2.4621354835107923,0.82,0.776061616726161,0.4336666788971858,1.0089378938561808,0.3739633002953124
2777,sample,1778,2.467767732217908,0.8,0.776061616726161,0.4336666788971858,1.0089378938561808,0.3739633002953124
2778,sample,1779,2.4979313192889094,0.8,0.776061616726161,0.4336666788971858,1.0089378938561808,0.3739633002953124
2779,sample,1780,2.4571539824828506,0.8,0.776061616726161,0.7252506145577491,1.5419061862683883,0.2864532239258102
2780,sample,1781,2.496372020803392,0.8,0.776061616726161,0.6613564018896897,1.102284133243732,0.28497291476606545
2781,sample,1782,2.4670430896803737,0.8,0.776061616726161,0.755026438085793,1.4310129781658356,0.34342985862243236
2782,sample,1783,2.495740211568773,0.8,0.776061616726161,0.6732607638801711,0.8582174164473804,0.45268553034561065
2783,sample,1784,2.451104834675789,0.78,0.776061616726161,0.6732607638801711,0.8582174164473804,0.45268553034561065
2784,sample,1785,2.4477739660069346,0.78,0.776061616726161,0.9447174120654079,0.5571876543523255,0.3462427591711993
2785,sample,1786,2.458515780046582,0.78,0.776061616726161,0.9563912889104615,0.4688417495566921,0.42749927064375354
2786,sample,1787,2.462658046744764,0.78,0.776061616726161,0.7581144019957772,0.5181828786521854,0.36356486686091116
2787,sample,1788,2.471175402402878,0.76,0.776061616726161,0.7581144019957772,0.5181828786521854,0.36356486686091116
2788,sample,1789,2.461048069410026,0.76,0.776061616726161,1.1660976940492778,1.9665688532709633,0.29155357767912443
2789,sample,1790,2.4549199640750885,0.76,0.776061616726161,0.7127973698782805,2.090087049920972,0.2788608353672978
2790,sample,1791,2.5259210634976625,0.76,0.776061616726161,0.3764805865736729,1.7570662966894306,0.35892676697134596
2791,sample,1792,2.5275290813297033,0.76,0.776061616726161,0.4262783795809077,2.0642880175156955,0.2801803276685461
2792,sample,1793,2.5166269838809967,0.76,0.776061616726161,0.4262783795809077,2.0642880175156955,0.2801803276685461
2793,sample,1794,2.454565614461899,0.78,0.776061616726161,0.38913892403614203,1.9709246012970256,0.36453123960007483
2794,sample,1795,2.488812214694917,0.78,0.776061616726161,0.5577745794367037,1.3407237304421618,0.28083844211847997
2795,sample,1796,2.41492913197726,0.78,0.776061616726161,0.5579277341727074,0.9521993045069754,0.3469097415242077
2796,sample,1797,2.463567559607327,0.78,0.776061616726161,0.6952299806510672,1.1657047714744044,0.4573973723989832
2797,sample,1798,2.457867053337395,0.78,0.776061616726161,0.6991826322792749,1.9255760597072147,0.5547657111257878
2798,sample,1799,2.4761935817077756,0.8,0.776061616726161,0.5470109754657528,1.5706054587751277,0.4899319498758137
2799,sample,1800,2.4617049004882574,0.8,0.776061616726161,0.9534217296421165,1.7057960786765618,0.37863404515024823
2800,sample,1801,2.4668658319860697,0.8,0.776061616726161,1.2200703753728697,1.8317326454453033,0.39431801786821885
2801,sample,1802,2.4634777046740055,0.8,0.776061616726161,1.3527796798596685,1.2743373696489324,0.4689272973991405
2802,sample,1803,2.4725752202793956,0.8,0.776061616726161,1.4467312943474278,1.233155119939005,0.40968662967235003
2803,sample,1804,2.4678804827854037,0.8,0.776061616726161,1.220377433330017,0.30014352159268376,0.37890939817181724
2804,sample,1805,2.425266597419977,0.8,0.776061616726161,0.3836358464954908,1.272187589472452,0.38906139681242763
2805,sample,1806,2.426848327741027,0.8,0.776061616726161,0.41721316395404495,1.573389214784248,0.49052843164311954
2806,sample,1807,2.430917243473232,0.8,0.776061616726161,0.9203944076202794,0.9566721716143006,0.37112113807187974
2807,sample,1808,2.4511370165273547,0.8,0.776061616726161,0.9203944076202794,0.9566721716143006,0.37112113807187974
2808,sample,1809,2.4781972328200936,0.82,0.776061616726161,0.6303334514090142,1.345887504235417,0.3171753468293652
2809,sample,1810,2.4556479901075363,0.82,0.776061616726161,0.5933546556757218,1.720808862893315,0.2897231326823579
2810,sample,1811,2.432537129148841,0.82,0.776061616726161,0.3612701906335142,1.2574946480413294,0.36976864605398385
2811,sample,1812,2.4345110673457384,0.82,0.776061616726161,1.6004705280615603,1.2157902429454597,0.34152703850036936
2812,sample,1813,2.4913693452253938,0.82,0.776061616726161,2.8631645991417582,1.422180267567377,0.37389529215603023
2813,sample,1814,2.4878403628244996,0.8,0.776061616726161,2.8631645991417582,1.422180267567377,0.37389529215603023
2814,sample,1815,2.492971396073699,0.8,0.776061616726161,2.0721547413808667,1.7801311530652817,0.38516051183708105
2815,sample,1816,2.4955668840557337,0.8,0.776061616726161,1.527323686534268,3.323274291747694,0.30446457369444535
2816,sample,1817,2.5202187271788716,0.8,0.776061616726161,0.36244096467789705,1.5086331098282113,0.3830512519008074
2817,sample,1818,2.4889436941593885,0.8,0.776061616726161,0.4463987626969026,1.4590074854098602,0.4779118839050704
2818,sample,1819,2.4490871177986264,0.82,0.776061616726161,0.3813094779094217,1.4883327083001372,0.43844667802062376
2819,sample,1820,2.46681990288198,0.82,0.776061616726161,0.42645464475160233,0.35726318305030763,0.570281638434771
2820,sample,1821,2.481068342924118,0.8,0.776061616726161,0.42645464475160233,0.35726318305030763,0.570281638434771
2821,sample,1822,2.464520019479096,0.78,0.776061616726161,0.42645464475160233,0.35726318305030763,0.570281638434771
2822,sample,1823,2.4912041518837214,0.8,0.776061616726161,0.4299644483615636,0.8368133311457788,0.5800943586027595
2823,sample,1824,2.4688850166276097,0.8,0.776061616726161,0.44685620921625585,0.7784363180931779,0.47666862875802635
2824,sample,1825,2.488064728677273,0.8,0.776061616726161,0.605579150372577,0.40222654468520247,0.41757753730660085
2825,sample,1826,2.4325697226449847,0.8,0.776061616726161,0.6467859532066955,0.6766083272628957,0.4122337762694334
2826,sample,1827,2.4341251999139786,0.82,0.776061616726161,0.3785487951591822,0.8347627332937183,0.35803774043536646
2827,sample,1828,2.4677842212840915,0.82,0.776061616726161,0.3785487951591822,0.8347627332937183,0.35803774043536646
2828,sample,1829,2.496332686394453,0.84,0.776061616726161,0.4461927254285595,1.0248184388469714,0.42040824856718306
2829,sample,1830,2.467197621241212,0.84,0.776061616726161,0.7343608913076317,1.0272348877879551,0.5474281433358203
2830,sample,1831,2.481406061910093,0.84,0.776061616726161,0.6444402347670696,1.7493713677474532,0.6060685007233251
2831,sample,1832,2.4402040047571063,0.84,0.776061616726161,1.4555749407943759,1.3516395947310686,0.507153713331119
2832,sample,1833,2.4753316482529044,0.84,0.776061616726161,1.4074914897162847,1.2301253116529085,0.39364289719066975
2833,sample,1834,2.4676099214702845,0.86,0.776061616726161,1.5870680868706282,1.1213034575229683,0.4511116082942425
2834,sample,1835,2.432769496925175,0.86,0.776061616726161,1.5420815921613211,1.5943591383129114,0.3444386868613853
2835,sample,1836,2.4497619420289993,0.86,0.776061616726161,1.6502256191252145,0.8689678521501965,0.42072162541231173
2836,sample,1837,2.468290163204074,0.86,0.776061616726161,2.848331380487869,0.6413455065423619,0.3640192624241858
2837,sample,1838,2.431307847611606,0.88,0.776061616726161,3.5441821888655687,0.4782711703677141,0.48149328706436006
2838,sample,1839,2.4313923101872206,0.88,0.776061616726161,1.8036977440820183,1.5871644701814844,0.5033306692698856
2839,sample,1840,2.4542648941278458,0.88,0.776061616726161,1.1249541457743353,1.2630023806828907,0.6356843916372882
2840,sample,1841,2.452754955738783,0.88,0.776061616726161,0.5611691104049223,0.7947417465361007,0.6432645255158282
2841,sample,1842,2.528106627985835,0.88,0.776061616726161,1.430893420016781,0.674486970253628,0.7722303768419945
2842,sample,1843,2.5347745334729552,0.88,0.776061616726161,1.430893420016781,0.674486970253628,0.7722303768419945
2843,sample,1844,2.494260985404253,0.86,0.776061616726161,1.430893420016781,0.674486970253628,0.7722303768419945
2844,sample,1845,2.4644702058285475,0.84,0.776061616726161,1.430893420016781,0.674486970253628,0.7722303768419945
2845,sample,1846,2.455691152252257,0.82,0.776061616726161,1.430893420016781,0.674486970253628,0.7722303768419945
2846,sample,1847,2.5049101151525974,0.82,0.776061616726161,1.001219778096158,0.5195502443240819,0.7984066180209918
2847,sample,1848,2.4961163168773055,0.82,0.776061616726161,1.0720987757693732,0.8591924191967388,0.8363228794941602
2848,sample,1849,2.4909335607662797,0.82,0.776061616726161,0.8531552264993632,1.0885983976297908,0.939738527742186
2849,sample,1850,2.436421748250723,0.82,0.776061616726161,0.94678910971242,0.3552099409292894,0.8363535941904777
2850,sample,1851,2.4453561706468463,0.82,0.776061616726161,1.1350688653855112,0.7799623018123388,0.7641930538625292
2851,sample,1852,2.461898973211646,0.82,0.776061616726161,0.9501355213433209,0.7039440721484818,0.7471939203795304
2852,sample,1853,2.453543278388679,0.82,0.776061616726161,0.8305614736035841,0.750827555341216,0.8590079926089333
2853,sample,1854,2.517669686116278,0.82,0.776061616726161,0.8584597859399222,0.7542717818329183,0.9567489822861923
2854,sample,1855,2.4506946820765734,0.82,0.776061616726161,0.9911303308383922,0.6232719800058293,0.8868510277639694
2855,sample,1856,2.483144626021385,0.82,0.776061616726161,1.1679588237041498,0.8770157019936311,0.7805327896468207
2856,sample,1857,2.4599075810983777,0.82,0.776061616726161,1.1924154041913906,0.7658532315248109,0.6570288586462143
2857,sample,1858,2.486818876117468,0.84,0.776061616726161,1.4982862610039813,0.7654022146884553,0.5225597564993488
2858,sample,1859,2.4840446738526225,0.82,0.776061616726161,1.4982862610039813,0.7654022146884553,0.5225597564993488
2859,sample,1860,2.4924033638089895,0.82,0.776061616726161,1.0355201571440804,0.856896567320099,0.4330248035609049
2860,sample,1861,2.514649589546025,0.82,0.776061616726161,0.7999891261629831,0.9154150879008937,0.3392539578043079
2861,sample,1862,2.4394684424623847,0.82,0.776061616726161,0.3568120888818346,1.6312152228071022,0.3846952350962666
2862,sample,1863,2.4731036107987165,0.82,0.776061616726161,1.8005122801411266,1.6650991351585331,0.8423391245538329
2863,sample,1864,2.4813887709751725,0.84,0.776061616726161,1.4355985143861816,1.129852421474418,0.7727948568688584
2864,sample,1865,2.463880687020719,0.84,0.776061616726161,0.6507108740097423,1.0162068790283563,0.8862207159413255
2865,sample,1866,2.420846728608012,0.82,0.776061616726161,0.6507108740097423,1.0162068790283563,0.8862207159413255
2866,sample,1867,2.444197447039187,0.82,0.776061616726161,0.6527544543338408,1.1812856818154363,0.77410171771967
2867,sample,1868,2.4521552035585046,0.82,0.776061616726161,0.7167365530451372,0.9490149019737949,0.6627116148683362
2868,sample,1869,2.4543266352266073,0.82,0.776061616726161,0.8815637042709418,1.6510455643841655,0.6195705526199371
2869,sample,1870,2.4610871700569987,0.82,0.776061616726161,0.9167690941907657,0.7247808404742028,0.4883338063989053
2870,sample,1871,2.5019642170518637,0.82,0.776061616726161,0.9167690941907657,0.7247808404742028,0.4883338063989053
2871,sample,1872,2.4368290742859244,0.84,0.776061616726161,1.1317070145773267,0.6407805100894339,0.5915922282339973
2872,sample,1873,2.444143465720117,0.84,0.776061616726161,0.9568359225924185,0.7457839625849984,0.4981690958208276
2873,sample,1874,2.481357448734343,0.84,0.776061616726161,0.7674031519680257,1.169942162592611,0.48608473293390264
2874,sample,1875,2.4449454322457314,0.84,0.776061616726161,2.6509552598516533,1.235844392277232,0.4862659304755017
2875,sample,1876,2.4474375806748867,0.84,0.776061616726161,2.9772428784674685,0.8715140082887939,0.37114212570857497
2876,sample,1877,2.418588620610535,0.84,0.776061616726161,2.5594840209350482,1.120636235772222,0.2845865310129213
2877,sample,1878,2.437372491694987,0.86,0.776061616726161,1.7241623900722411,0.600524261573497,0.2817773130526812
2878,sample,1879,2.4179811188951135,0.86,0.776061616726161,2.624591554212852,0.468237877243696,0.31970596148333413
2879,sample,1880,2.4363485034555197,0.86,0.776061616726161,2.1788890918313744,0.562909715801635,0.35402557115697
2880,sample,1881,2.455672209151089,0.86,0.776061616726161,2.158297970186327,0.5927305580543384,0.46744364117732884
2881,sample,1882,2.4558364870026708,0.86,0.776061616726161,1.71365770156609,0.9408728966979661,0.5810810669750761
2882,sample,1883,2.4775414932519197,0.86,0.776061616726161,1.9975404444196587,0.9513987871969191,0.6497184061446949
2883,sample,1884,2.420256160199642,0.86,0.776061616726161,0.166040322213374,1.6092160118124004,0.5514363706280233
2884,sample,1885,2.467511505819857,0.86,0.776061616726161,3.169333350610929,1.0081548660180044,0.4269228019436594
2885,sample,1886,2.4773698104545474,0.86,0.776061616726161,1.7150246026515426,1.2968966264865989,0.34618460515253147
2886,sample,1887,2.4376468397676945,0.86,0.776061616726161,2.200224179803377,1.4864949551036541,0.38518428891515055
2887,sample,1888,2.463077357970178,0.86,0.776061616726161,2.147813841605687,1.8668399871935928,0.46702348369655633
2888,sample,1889,2.444320596754551,0.86,0.776061616726161,1.3905941859939484,0.8647884648231879,0.36413531250713904
2889,sample,1890,2.458012848161161,0.86,0.776061616726161,0.2938252296726783,1.0440926307687146,0.4815513526097429
2890,sample,1891,2.471439005807042,0.86,0.776061616726161,0.611960931920681,1.413194049661501,0.5495264690902261
2891,sample,1892,2.4752365397289395,0.86,0.776061616726161,0.5979145387793934,1.74373322669845,0.6429951001059546
2892,sample,1893,2.4632086465135217,0.88,0.776061616726161,0.738254521048822,1.98953603484281,0.7313396585477707
2893,sample,1894,2.417228735052049,0.9,0.776061616726161,1.1294008723678939,1.0206313094301183,0.6708700775022897
2894,sample,1895,2.4699818966910243,0.9,0.776061616726161,1.1294008723678939,1.0206313094301183,0.6708700775022897
2895,sample,1896,2.458413580432534,0.92,0.776061616726161,1.2438358273249799,1.2298878852627448,0.7122489204493251
2896,sample,1897,2.4670309349894524,0.9,0.776061616726161,1.2438358273249799,1.2298878852627448,0.7122489204493251
2897,sample,1898,2.460809748619795,0.9,0.776061616726161,1.2284369408741738,0.9740139971647813,0.5794325939953171
2898,sample,1899,2.479508592747152,0.88,0.776061616726161,1.2284369408741738,0.9740139971647813,0.5794325939953171
2899,sample,1900,2.466396249830723,0.88,0.776061616726161,1.5126162387663218,0.9985805641953233,0.5556540796640961
2900,sample,1901,2.437768455594778,0.88,0.776061616726161,1.7844126386096935,2.025974060751418,0.4380918714408339
2901,sample,1902,2.446135362610221,0.88,0.776061616726161,2.9630373906469396,2.3313506476511767,0.4203315031698347
2902,sample,1903,2.4597713854163885,0.88,0.776061616726161,1.283655156843536,0.8967859310687996,0.49290131371376444
2903,sample,1904,2.472332812845707,0.88,0.776061616726161,1.1274599895968136,0.9903368741232678,0.628932299992197
2904,sample,1905,2.4378939075395465,0.88,0.776061616726161,0.9768946172894387,0.8133236908511832,0.4935375452805456
2905,sample,1906,2.4708190793171525,0.88,0.776061616726161,0.8206929443558888,1.2854048637196538,0.3752276007322832
2906,sample,1907,2.4561691554263234,0.88,0.776061616726161,0.7309882358099087,0.9934427163992711,0.42315120795788275
2907,sample,1908,2.488190150819719,0.88,0.776061616726161,1.3296770572817045,2.0045566885759354,0.35154056461708527
2908,sample,1909,2.483300970867276,0.9,0.776061616726161,1.29333324067802,1.0317221580676454,0.32678064817387226
2909,sample,1910,2.4817660357803106,0.88,0.776061616726161,1.29333324067802,1.0317221580676454,0.32678064817387226
2910,sample,1911,2.486040606163442,0.88,0.776061616726161,1.453734847638379,1.552290370240043,0.26904776112621287
2911,sample,1912,2.4946988252922893,0.88,0.776061616726161,0.6209132350367974,1.4470903811047302,0.3228298476870684
2912,sample,1913,2.4608849696815014,0.86,0.776061616726161,0.6209132350367974,1.4470903811047302,0.3228298476870684
2913,sample,1914,2.5058909691870213,0.86,0.776061616726161,1.0631173514402963,0.49671567770332237,0.4022740382945909
2914,sample,1915,2.4977335603907704,0.86,0.776061616726161,0.9498597699530603,1.2904864679809864,0.5042289610621087
2915,sample,1916,2.4769043857231736,0.88,0.776061616726161,1.2375866463448182,1.7956795638772016,0.5670380920457618
2916,sample,1917,2.4698276156559587,0.88,0.776061616726161,1.819555365456944,1.7046201106074823,0.5784560262712821
2917,sample,1918,2.4806147161871195,0.88,0.776061616726161,3.0876992349580474,1.6427448369570947,0.7006041035020844
2918,sample,1919,2.464321973733604,0.88,0.776061616726161,2.925263461537453,1.4550913094923232,0.7458482334220603
2919,sample,1920,2.479352696798742,0.88,0.776061616726161,0.694021199194572,0.2550496112801939,0.8626055536829048
2920,sample,1921,2.491445974446833,0.9,0.776061616726161,0.634255166030173,1.4843880179806672,0.7796142552337006
2921,sample,1922,2.445104021579027,0.9,0.776061616726161,0.8097755062206803,1.94157231160511,0.6523766816480903
2922,sample,1923,2.4814747516065836,0.9,0.776061616726161,0.28603853217822,1.348689489381757,0.6867128185608985
2923,sample,1924,2.5215139631181955,0.9,0.776061616726161,0.6429407840239443,1.9214596784443403,0.5647065634203312
2924,sample,1925,2.4638916505500674,0.88,0.776061616726161,0.6429407840239443,1.9214596784443403,0.5647065634203312
2925,sample,1926,2.4581032544374466,0.88,0.776061616726161,2.168383062984045,0.8486226539909866,0.5113721646661892
2926,sample,1927,2.4522560313344,0.88,0.776061616726161,2.0471049307528086,1.0415532543015884,0.5578201925129856
2927,sample,1928,2.4504638528451324,0.86,0.776061616726161,2.0471049307528086,1.0415532543015884,0.5578201925129856
2928,sample,1929,2.474899724125862,0.86,0.776061616726161,2.226085919959132,0.5672636025871663,0.42796627057004305
2929,sample,1930,2.484651057049632,0.86,0.776061616726161,1.8683883188886863,0.4550703230543618,0.4557987667338337
2930,sample,1931,2.456531790085137,0.86,0.776061616726161,1.6184347717377792,0.6156941546700797,0.4569009360234618
2931,sample,1932,2.494536127895117,0.86,0.776061616726161,1.9233254544035365,0.9039856696269694,0.5197119602642833
2932,sample,1933,2.4507498014718294,0.86,0.776061616726161,1.399182734120465,2.2155082602261875,0.42264792672915596
2933,sample,1934,2.4690409563481808,0.86,0.776061616726161,1.2574631402623775,1.6803328558065445,0.332527661656662
2934,sample,1935,2.466481328010559,0.86,0.776061616726161,1.1959186247544733,1.0467996061345566,0.35802695211262225
2935,sample,1936,2.447883188724518,0.86,0.776061616726161,1.5449291908353353,2.285728131681427,0.3515182919244728
2936,sample,1937,2.4617075780406594,0.86,0.776061616726161,0.5895609150669993,1.443123149171448,0.30648371607968894
2937,sample,1938,2.4517023572698236,0.84,0.776061616726161,0.5895609150669993,1.443123149171448,0.30648371607968894
2938,sample,1939,2.449452948756516,0.84,0.776061616726161,0.935171940721463,1.2438012038334343,0.28156359079314497
2939,sample,1940,2.464331883005798,0.84,0.776061616726161,1.0171003440396833,0.9218926115090467,0.317225988898827
2940,sample,1941,2.484951002523303,0.84,0.776061616726161,0.9419610195925788,1.5896101602638977,0.3099035921299757
2941,sample,1942,2.486408912576735,0.84,0.776061616726161,1.2616697237812373,0.6997836686114803,0.29166757271558763
2942,sample,1943,2.507573309354484,0.84,0.776061616726161,0.9530343396308941,0.8930161530458973,0.3708216230710747
2943,sample,1944,2.4899484710767865,0.84,0.776061616726161,0.8518051074312155,1.1682651179024504,0.48230996183014196
2944,sample,1945,2.4561047349125147,0.86,0.776061616726161,0.9827543000186345,1.0611930667901255,0.5260528513556687
2945,sample,1946,2.4853248093277216,0.86,0.776061616726161,1.1654733510983828,1.2105994153575865,0.4372012941851618
2946,sample,1947,2.4512371784076095,0.88,0.776061616726161,1.271731199026775,1.2514585851451525,0.3511297237670046
2947,sample,1948,2.4768884424120188,0.86,0.776061616726161,1.271731199026775,1.2514585851451525,0.3511297237670046
2948,sample,1949,2.449380101636052,0.88,0.776061616726161,3.0936316714249026,0.6055697082444723,0.3841429890590099
2949,sample,1950,2.4558213045820594,0.88,0.776061616726161,3.246556227651172,0.71291875041998,0.41960209583736163
2950,sample,1951,2.4631224079057574,0.88,0.776061616726161,1.4867881455629581,0.6348712968241518,0.46962999942853123
2951,sample,1952,2.474418899975717,0.88,0.776061616726161,1.762148157700149,0.6331385590213787,0.416085390539251
2952,sample,1953,2.4487031754106283,0.88,0.776061616726161,1.440387796325252,0.44328759388323824,0.5375076435012621
2953,sample,1954,2.4511670246720314,0.86,0.776061616726161,1.440387796325252,0.44328759388323824,0.5375076435012621
2954,sample,1955,2.4310967214405537,0.86,0.776061616726161,1.7926876579945086,0.8742946368437674,0.5508773543109147
2955,sample,1956,2.4380007488653064,0.86,0.776061616726161,1.8330162035833055,0.8931115733130143,0.6205371075136944
2956,sample,1957,2.4440550692379475,0.86,0.776061616726161,1.0279909516201786,0.32860550410010714,0.7155850784883618
2957,sample,1958,2.432616219855845,0.86,0.776061616726161,0.6061223849943104,1.094901975446591,0.516602817914442
2958,sample,1959,2.4599723322317004,0.86,0.776061616726161,0.6958527196229806,0.5369676284087941,0.5881297229821885
2959,sample,1960,2.4833773160353303,0.86,0.776061616726161,0.6958527196229806,0.5369676284087941,0.5881297229821885
2960,sample,1961,2.500873033888638,0.86,0.776061616726161,0.8758873801795747,0.5392636835985266,0.5320548612681445
2961,sample,1962,2.4799858955666423,0.86,0.776061616726161,0.4639446489838792,0.478260469440431,0.5580640911237333
2962,sample,1963,2.4844761164858937,0.88,0.776061616726161,0.8868030569177878,0.5284228986752008,0.7775360097659326
2963,sample,1964,2.4348848033696413,0.88,0.776061616726161,0.8668817453647072,0.5106311203086378,0.8803497827533144
2964,sample,1965,2.479462021961808,0.88,0.776061616726161,0.868331385024429,0.4829339005529808,0.8052813260476408
2965,sample,1966,2.4328635819256306,0.88,0.776061616726161,1.2686529537820377,1.126458451052101,0.6968155378471231
2966,sample,1967,2.4862384237349033,0.88,0.776061616726161,0.8905968693301891,1.475419411171824,0.5666368560068045
2967,sample,1968,2.4403910115361214,0.88,0.776061616726161,0.69299635875172,1.0605211130496761,0.435939604631679
2968,sample,1969,2.436276037245989,0.86,0.776061616726161,0.69299635875172,1.0605211130496761,0.435939604631679
2969,sample,1970,2.4728149445727468,0.86,0.776061616726161,0.6150618584000208,0.9333814691342048,0.48195818359660353
2970,sample,1971,2.4636593982577324,0.86,0.776061616726161,0.552056357245609,1.1396566450363699,0.4227651562809798
2971,sample,1972,2.433523567393422,0.86,0.776061616726161,0.6174363396771597,1.2058635191768676,0.49464717762199945
2972,sample,1973,2.4414578527212143,0.86,0.776061616726161,0.3694281012332712,1.3949487745719835,0.5770529546768928
2973,sample,1974,2.44294813554734,0.86,0.776061616726161,0.6292288335060733,1.2447551480169565,0.7066083020329198
2974,sample,1975,2.4588168803602457,0.88,0.776061616726161,0.7694572428212025,2.530213894222058,0.6182820247379839
2975,sample,1976,2.435607735067606,0.88,0.776061616726161,1.115308720733622,2.379323507548057,0.7499451634115863
2976,sample,1977,2.4427830604836345,0.88,0.776061616726161,0.9499967372598128,1.2198573382861975,0.8217362115312756
2977,sample,1978,2.410391845740378,0.9,0.776061616726161,0.8327509299584263,1.4885908361287488,0.7558725594759019
2978,sample,1979,2.4511034125462174,0.9,0.776061616726161,0.47367954596028006,0.9289088224388844,0.8449798690382432
2979,sample,1980,2.4848996633663774,0.9,0.776061616726161,0.9568671902687657,0.676500668664244,0.7738229027618637
2980,sample,1981,2.4534403774887323,0.9,0.776061616726161,0.9849086817210617,1.2696142600233848,0.8736517164804036
2981,sample,1982,2.501372260041535,0.9,0.776061616726161,1.1325502755913555,1.0640114823342772,0.8159727556725148
2982,sample,1983,2.481012395583093,0.9,0.776061616726161,0.5340996501884206,1.2635773335309466,0.776472900502983
2983,sample,1984,2.4677724419161677,0.9,0.776061616726161,2.0411590776529325,0.9574585366007275,0.7342717299411333
2984,sample,1985,2.474250789731741,0.9,0.776061616726161,3.6299298642792786,0.6884203309971639,0.6128783967083892
2985,sample,1986,2.4748694607988,0.9,0.776061616726161,2.1960821889458395,0.9064495357685053,0.7019539027637314
2986,sample,1987,2.471858136355877,0.9,0.776061616726161,2.417291073208454,0.9103500231594597,0.7185882641257917
2987,sample,1988,2.4283752841874957,0.92,0.776061616726161,2.0414626619191774,1.423356245579005,0.7397893272270318
2988,sample,1989,2.466853612102568,0.92,0.776061616726161,0.16412305068612001,1.2400374316153142,0.6652272378143927
2989,sample,1990,2.4455234380438924,0.92,0.776061616726161,1.9937607057014226,0.7743815906707027,0.6107188100546304
2990,sample,1991,2.452339363284409,0.92,0.776061616726161,2.2884958130055337,0.3943312379663123,0.7034287099415943
2991,sample,1992,2.492065701633692,0.9,0.776061616726161,2.2884958130055337,0.3943312379663123,0.7034287099415943
2992,sample,1993,2.4874187391251326,0.9,0.776061616726161,2.342610090463478,0.6496031819159364,0.5980570779271622
2993,sample,1994,2.4938138956204057,0.9,0.776061616726161,1.8623742700821138,0.6795980340608071,0.7215553011751767
2994,sample,1995,2.495678116567433,0.9,0.776061616726161,2.8357340803934385,0.8972916680503621,0.8163530811317845
2995,sample,1996,2.5065664807334542,0.9,0.776061616726161,3.415191797891996,0.9501658328766636,0.7045108638918617
2996,sample,1997,2.490670384839177,0.9,0.776061616726161,1.6566913913900911,1.1196880481493325,0.5727584856710152
2997,sample,1998,2.4813782032579184,0.92,0.776061616726161,2.2210005394123717,1.6282355045460912,0.5584373179031479
2998,sample,1999,2.49713874142617,0.92,0.776061616726161,2.276425963681019,0.8436492662420444,0.43734084722496186
2999,sample,2000,2.481692739762366,0.92,0.776061616726161,2.434469445296024,1.3453174146348226,0.3343821623198635
