step,phase,step_in_phase,dt,accept_rate,step_size,sigma_range,sigma_bearing
0,burn-in,1,15.2387973126024,1.0,0.018895945433897447,0.2998575166066733,0.3006871934450994
1,burn-in,2,15.395559408701956,1.0,0.05206532601772188,0.3469730070125321,0.25464194744495566
2,burn-in,3,15.601281176321208,1.0,0.16410581450796966,0.3420506144944073,0.20572188444209605
3,burn-in,4,16.15975373517722,1.0,0.5459804227085369,0.051002191157474105,0.03243751318883866
4,burn-in,5,16.17026789765805,1.0,1.8447057090008463,0.06854527188211819,0.035723295753869774
5,burn-in,6,15.788111655972898,0.8333333333333334,0.2902177588681791,0.06854527188211819,0.035723295753869774
6,burn-in,7,15.93934807088226,0.8571428571428571,0.897496048656812,0.17291636071017535,0.2591939639387965
7,burn-in,8,16.063396498560905,0.875,2.815696791359798,0.085298627227687,0.10381905705744962
8,burn-in,9,16.30017381440848,0.7777777777777778,0.3715227768443596,0.085298627227687,0.10381905705744962
9,burn-in,10,16.47260524984449,0.8,1.0587060463968752,0.10565286904949005,0.07070981712860927
10,burn-in,11,16.387862676754594,0.7272727272727273,0.135147286607611,0.10565286904949005,0.07070981712860927
11,burn-in,12,16.08212306164205,0.75,0.3826942830087976,0.045295957104782555,0.10857015906288903
12,burn-in,13,16.14667399227619,0.7692307692307693,1.1123078035938203,0.20556903373359697,0.06971800485386473
13,burn-in,14,15.932885457761586,0.7142857142857143,0.14282101152593168,0.20556903373359697,0.06971800485386473
14,burn-in,15,15.976258247159421,0.7333333333333333,0.4132569539602073,0.15407329829926836,0.19412768059891425
15,burn-in,16,16.219034832902253,0.6875,0.7948795875985748,0.15407329829926836,0.19412768059891425
16,burn-in,17,16.208242480643094,0.7058823529411765,0.4298203675600901,0.0559911218006528,0.03706847300336873
17,burn-in,18,15.745964427478611,0.7222222222222222,1.2057423948118045,0.12763538573876665,0.08501257680250086
18,burn-in,19,15.952822542749345,0.6842105263157895,0.16441638509029363,0.12763538573876665,0.08501257680250086
19,burn-in,20,15.87416572496295,0.7,0.4244912126652315,0.054555890005484775,0.15920979847941225
20,burn-in,21,15.905098371207714,0.7142857142857143,1.0212784884886572,0.16457285987976306,0.1926577010011755
21,burn-in,22,16.014072984457016,0.6818181818181818,0.1460902890455572,0.16457285987976306,0.1926577010011755
22,burn-in,23,15.938890311866999,0.6956521739130435,0.39492798999162343,0.13586299277096614,0.15539269426059177
23,burn-in,24,15.599788177758455,0.7083333333333334,0.8546178423402816,0.07093224194178589,0.05058388459701551
24,burn-in,25,15.501675316132605,0.68,0.8222221179829401,0.07093224194178589,0.05058388459701551
25,burn-in,26,15.54228404071182,0.6923076923076923,2.1343144522751873,0.14259274625030322,0.15372331355510882
26,burn-in,27,15.907560255378485,0.6666666666666666,0.32854621193951716,0.14259274625030322,0.15372331355510882
27,burn-in,28,15.627746446989477,0.6785714285714286,0.845497302269083,0.07266409955475078,0.07122632654300314
28,burn-in,29,16.273866461589932,0.6551724137931034,1.058488255844758,0.07266409955475078,0.07122632654300314
29,burn-in,30,15.796207612380385,0.6333333333333333,0.17168385925350602,0.07266409955475078,0.07122632654300314
30,burn-in,31,15.43308821786195,0.6451612903225806,0.43051129070397137,0.06905230011042283,0.14047815803761293
31,burn-in,32,15.567729991860688,0.65625,0.8744929927291024,0.05051737958363617,0.0845120911769631
32,burn-in,33,15.842863138765097,0.6363636363636364,0.276643231309648,0.05051737958363617,0.0845120911769631
33,burn-in,34,16.310793603770435,0.6470588235294118,0.681105617592307,0.17061625735815977,0.10829524596203115
34,burn-in,35,15.965199672617018,0.6571428571428571,1.6531696813692573,0.14230469550483496,0.10855531943354757
35,burn-in,36,16.163378976285458,0.6388888888888888,0.2913827219848284,0.14230469550483496,0.10855531943354757
36,burn-in,37,15.978668679483235,0.6486486486486487,0.6676751984916492,0.06306537282823257,0.07472986311379498
37,burn-in,38,15.874057953245938,0.6578947368421053,1.5883855017600452,0.08660253703641128,0.06552601108850352
38,burn-in,39,16.01636081840843,0.6410256410256411,0.29152000885148166,0.08660253703641128,0.06552601108850352
39,burn-in,40,16.032607617788017,0.625,0.5884023300456485,0.08660253703641128,0.06552601108850352
40,burn-in,41,16.07887600362301,0.6341463414634146,1.374713971562619,0.08877064300008647,0.09866295650146173
41,burn-in,42,15.811691533774137,0.6190476190476191,0.2623467384753348,0.08877064300008647,0.09866295650146173
42,burn-in,43,15.594121254980564,0.627906976744186,0.6091328224582491,0.10525408131524328,0.10528529937535021
43,burn-in,44,15.570475714281201,0.6363636363636364,1.3959981942087316,0.10326841478343846,0.10725271582609228
44,burn-in,45,15.930917317047715,0.6222222222222222,0.2761063496084782,0.10326841478343846,0.10725271582609228
45,burn-in,46,15.63716246187687,0.6304347826086957,0.6189600910349925,0.11938744618544353,0.08545267238963292
46,burn-in,47,15.95462559722364,0.6382978723404256,1.37548517264646,0.12098776857629272,0.08467775770564862
47,burn-in,48,15.978731436654925,0.625,0.28146306202209564,0.12098776857629272,0.08467775770564862
48,burn-in,49,15.994009209796786,0.6326530612244898,0.6042946959288574,0.06425417366535735,0.1147144907471729
49,burn-in,50,16.011037501506507,0.64,1.3415868556657857,0.06508319983670574,0.10921871144596579
50,burn-in,51,15.939716064371169,0.62,0.2835253193333096,0.06508319983670574,0.10921871144596579
51,burn-in,52,15.742982692085207,0.62,0.626166932491633,0.13452611840845838,0.08139720076345187
52,burn-in,53,15.579099754802883,0.62,1.327861024935182,0.14262730347068603,0.08748904552707412
53,burn-in,54,16.085478929802775,0.6,0.28930103466948853,0.14262730347068603,0.08748904552707412
54,burn-in,55,16.026547485031188,0.6,0.6294863720206787,0.06926779798230458,0.10973188646210366
55,burn-in,56,15.969734158366919,0.62,1.3019115137006918,0.06688256188934044,0.1083201018867942
56,burn-in,57,16.14672585017979,0.6,0.2919722865962866,0.06688256188934044,0.1083201018867942
57,burn-in,58,15.383297244086862,0.6,0.6264393329948811,0.13228456223631607,0.09289715956213909
58,burn-in,59,15.198147570714355,0.62,1.2715481661396857,0.13762719876972357,0.09649613392664828
59,burn-in,60,15.407857385464013,0.6,0.29310762641813226,0.13762719876972357,0.09649613392664828
60,burn-in,61,16.045525637455285,0.62,0.6205623986632608,0.07624826767815596,0.08803971049309828
61,burn-in,62,16.029862453229725,0.62,1.2867574087551636,0.07539601970350629,0.08746396881182569
62,burn-in,63,15.47037872299552,0.6,0.3043990462035445,0.07539601970350629,0.08746396881182569
63,burn-in,64,15.804366086609662,0.62,0.6311536709175504,0.12975851003272834,0.1200410153871892
64,burn-in,65,16.1022874340415,0.62,1.2667497279741053,0.13703716790233444,0.11634297116178845
65,burn-in,66,16.103570737875998,0.62,0.30719382750040963,0.13703716790233444,0.11634297116178845
66,burn-in,67,15.779617224819958,0.62,0.627053973683123,0.06660191264704071,0.08360386168206432
67,burn-in,68,15.56295691151172,0.62,1.2341989299364753,0.06331329041751109,0.09018546820223533
68,burn-in,69,15.980043666437268,0.62,0.3064764070153256,0.06331329041751109,0.09018546820223533
69,burn-in,70,16.153493323363364,0.62,0.5658789705026598,0.18875555109371275,0.11627041838540246
70,burn-in,71,16.062125319615006,0.62,1.147236937750792,0.1428309839580915,0.12533733764311
71,burn-in,72,16.371609539724886,0.62,0.29146616852513346,0.1428309839580915,0.12533733764311
72,burn-in,73,15.758125721476972,0.62,0.5887072891531577,0.09215178444330192,0.08100823429460964
73,burn-in,74,15.252927640452981,0.62,1.1805795895116618,0.08752702311212125,0.10458101126553387
74,burn-in,75,15.46054909285158,0.62,0.306393866961751,0.08752702311212125,0.10458101126553387
75,burn-in,76,15.441113514825702,0.62,0.6122501318443236,0.10729455267697247,0.0931257626060221
76,burn-in,77,15.487550924532115,0.64,1.2124059554303985,0.10763955717517874,0.09235139168251755
77,burn-in,78,15.49622499383986,0.62,0.3211315965486021,0.10763955717517874,0.09235139168251755
78,burn-in,79,15.011835989542305,0.64,0.6337610477388022,0.09213641025809659,0.108153850411425
79,burn-in,80,14.919788368977606,0.66,0.6158781207597102,0.08708305699169826,0.12250278848209448
80,burn-in,81,15.183545992709696,0.66,0.6158781207597102,0.08709259253252245,0.11228050194781752
81,burn-in,82,15.547425146214664,0.66,0.6158781207597102,0.08732188295186383,0.11196810912787701
82,burn-in,83,15.273530556820333,0.68,0.6158781207597102,0.08763265390705452,0.11451498131611683
83,burn-in,84,15.135387374088168,0.68,0.6158781207597102,0.08737408400909887,0.11399818002886099
84,burn-in,85,14.87925957608968,0.68,0.6158781207597102,0.08771506944970024,0.11450269160219115
85,burn-in,86,14.64472174178809,0.7,0.6158781207597102,0.08167474664169083,0.11411209079303639
86,burn-in,87,14.748980070464313,0.7,0.6158781207597102,0.08191462913906668,0.11373709075922019
87,burn-in,88,14.40639540180564,0.7,0.6158781207597102,0.08227755804898078,0.14999371749632362
88,burn-in,89,15.145237918011844,0.72,0.6158781207597102,0.08245569427838761,0.15019098803935785
89,burn-in,90,15.351959905587137,0.74,0.6158781207597102,0.08224361531579498,0.15282523889427993
90,burn-in,91,15.751714305020869,0.74,0.6158781207597102,0.08190543665114162,0.1508549066773466
91,burn-in,92,14.96670668758452,0.76,0.6158781207597102,0.08162640226020913,0.15088380555376063
92,burn-in,93,15.018305564299226,0.76,0.6158781207597102,0.081266411356831,0.15106237928468827
93,burn-in,94,15.369523387402296,0.76,0.6158781207597102,0.08382442972614568,0.15428287654580952
94,burn-in,95,15.45126670319587,0.78,0.6158781207597102,0.0837964024515356,0.16530785219208863
95,burn-in,96,15.599345482885838,0.78,0.6158781207597102,0.08420019890135179,0.16527049718821352
96,burn-in,97,15.912346622906625,0.78,0.6158781207597102,0.08405678877316192,0.17348251583784427
97,burn-in,98,15.758288602344692,0.8,0.6158781207597102,0.08424087514688239,0.17961306022043527
98,burn-in,99,15.74421845562756,0.8,0.6158781207597102,0.08482017964033667,0.15603692940701297
99,burn-in,100,15.30546522885561,0.8,0.6158781207597102,0.080811339529355,0.15617158069196352
100,sample,1,15.599599223583937,0.82,0.6158781207597102,0.08113788051526974,0.15610554735558602
101,sample,2,15.26089840196073,0.82,0.6158781207597102,0.0813957939980334,0.15658837893539965
102,sample,3,14.921918271109462,0.82,0.6158781207597102,0.08137458781655775,0.14692780793704346
103,sample,4,14.942915569990873,0.84,0.6158781207597102,0.08160998914649967,0.14681768049515
104,sample,5,14.959816695190966,0.84,0.6158781207597102,0.08124048864717487,0.14490369184078
105,sample,6,15.09868439193815,0.84,0.6158781207597102,0.0808760847140923,0.1451874159430515
106,sample,7,15.317622871138155,0.86,0.6158781207597102,0.08099576208437169,0.1440992818870175
107,sample,8,15.38908943720162,0.86,0.6158781207597102,0.08628847561974724,0.14413784064508184
108,sample,9,15.299751158803701,0.86,0.6158781207597102,0.08595547956703041,0.13354822067482316
109,sample,10,15.231533576734364,0.88,0.6158781207597102,0.08564976836981837,0.13393536405491024
110,sample,11,15.163806565105915,0.88,0.6158781207597102,0.0855953390113161,0.13358160419933843
111,sample,12,15.34224284812808,0.88,0.6158781207597102,0.08565985776971935,0.13235956302694968
112,sample,13,15.656560991890728,0.9,0.6158781207597102,0.08541109874951562,0.13193165086839603
113,sample,14,15.486450949683785,0.9,0.6158781207597102,0.0858363102382618,0.131611321353676
114,sample,15,15.762451745569706,0.9,0.6158781207597102,0.086256864628908,0.12451540459091731
115,sample,16,16.070995395071805,0.92,0.6158781207597102,0.09030007223850992,0.12436760396124531
116,sample,17,16.05528342537582,0.92,0.6158781207597102,0.08982549189914933,0.12420420979521601
117,sample,18,16.07089113816619,0.92,0.6158781207597102,0.0893765553983074,0.12470286500122268
118,sample,19,15.794888021424413,0.94,0.6158781207597102,0.08573629022573555,0.12466439740147317
119,sample,20,15.911014853976667,0.94,0.6158781207597102,0.08418757741603208,0.12468850221445492
120,sample,21,15.844950675033033,0.94,0.6158781207597102,0.08378587742730416,0.12719887266049562
121,sample,22,15.893906814977527,0.96,0.6158781207597102,0.0841789597591722,0.12676400931554216
122,sample,23,15.682661498896778,0.96,0.6158781207597102,0.08416690151163474,0.12610194979479145
123,sample,24,15.691973534412682,0.96,0.6158781207597102,0.08333167388116582,0.11207412585266799
124,sample,25,16.031977221369743,0.98,0.6158781207597102,0.07752859443660164,0.11151926709753866
125,sample,26,15.715548329986632,0.98,0.6158781207597102,0.07739265720717445,0.1110822793646463
126,sample,27,16.04451234266162,0.98,0.6158781207597102,0.0947471848503071,0.11101503639345917
127,sample,28,15.876823483034968,1.0,0.6158781207597102,0.09451160454506444,0.11105614592155952
128,sample,29,15.99829083494842,1.0,0.6158781207597102,0.09241829727917487,0.11159614595839207
129,sample,30,15.910137819126248,1.0,0.6158781207597102,0.07812786131817752,0.11215602923726471
130,sample,31,16.033156071789563,1.0,0.6158781207597102,0.0783614631949773,0.11243850663901281
131,sample,32,16.042059322819114,1.0,0.6158781207597102,0.07615393637068466,0.11243719272580437
132,sample,33,15.484350381419063,1.0,0.6158781207597102,0.07595138716832887,0.11393857673249536
133,sample,34,15.69226405210793,1.0,0.6158781207597102,0.07648714050503781,0.11817746628064846
134,sample,35,15.776131303980947,1.0,0.6158781207597102,0.06756229782983629,0.11834287572736517
135,sample,36,15.276507853530347,1.0,0.6158781207597102,0.06769918709798797,0.11887568500939232
136,sample,37,14.903673910535872,1.0,0.6158781207597102,0.08136405092893974,0.11889913382523846
137,sample,38,15.388584589585662,1.0,0.6158781207597102,0.08119698544195712,0.11905990821778387
138,sample,39,15.828686107881367,0.98,0.6158781207597102,0.08119698544195712,0.11905990821778387
139,sample,40,16.168485080823302,0.98,0.6158781207597102,0.08155489426829006,0.11884257058578755
140,sample,41,15.991698930040002,0.98,0.6158781207597102,0.08183917492260291,0.11927326085188004
141,sample,42,16.271501450799406,0.98,0.6158781207597102,0.08186528843418049,0.11928140540879542
142,sample,43,15.942964787594974,0.98,0.6158781207597102,0.08191766161983571,0.11954090712576386
143,sample,44,15.50353631656617,0.98,0.6158781207597102,0.07198713821010747,0.11936888060397349
144,sample,45,15.607085677795112,0.98,0.6158781207597102,0.07219586052786606,0.11924779832900018
145,sample,46,15.875753630883992,0.98,0.6158781207597102,0.07197903415189083,0.11952512245975194
146,sample,47,16.021614815108478,0.98,0.6158781207597102,0.07208748302357561,0.11982394660737461
147,sample,48,16.05626470874995,0.98,0.6158781207597102,0.07216492765915244,0.11948584751192103
148,sample,49,15.243423614650965,0.98,0.6158781207597102,0.07203576256939555,0.11682287933418063
149,sample,50,15.263814993202686,0.98,0.6158781207597102,0.07191654517333768,0.1031596516837501
150,sample,51,16.16576560307294,0.98,0.6158781207597102,0.07190361843733457,0.1026355891284326
151,sample,52,15.493231694214046,0.98,0.6158781207597102,0.07180640477130619,0.10224875401510901
152,sample,53,16.156054365448654,0.98,0.6158781207597102,0.07003244451386241,0.10275961534059534
153,sample,54,15.402341028675437,0.98,0.6158781207597102,0.07019859930201569,0.10334374950560177
154,sample,55,15.384653233923018,0.98,0.6158781207597102,0.07024723208467049,0.10389463031756146
155,sample,56,15.241423228755593,0.98,0.6158781207597102,0.07009804181255756,0.10250111158454775
156,sample,57,15.447756426408887,0.98,0.6158781207597102,0.06299515504310568,0.08403715036766563
157,sample,58,15.949038102291524,0.98,0.6158781207597102,0.05730082894274743,0.08392610923557713
158,sample,59,16.479495744220912,0.98,0.6158781207597102,0.05448791954295128,0.08381837024954378
159,sample,60,16.13878925330937,0.98,0.6158781207597102,0.05193370002121429,0.08405488058801545
160,sample,61,15.533114714547992,0.98,0.6158781207597102,0.06029324995404474,0.08407044549575571
161,sample,62,15.831012286245823,0.98,0.6158781207597102,0.060305852333115854,0.08919560573505188
162,sample,63,16.0962640279904,0.98,0.6158781207597102,0.0578861051784348,0.09369356361078156
163,sample,64,15.655936277471483,0.98,0.6158781207597102,0.057664897508098306,0.08994265715000622
164,sample,65,15.709057439118624,0.98,0.6158781207597102,0.0571284480415769,0.09039193790201591
165,sample,66,16.057713177986443,0.98,0.6158781207597102,0.07372338743041887,0.09085194669907727
166,sample,67,15.833351732231677,0.98,0.6158781207597102,0.07010486043627123,0.09057566728155259
167,sample,68,15.756001010537148,0.98,0.6158781207597102,0.06997244661182023,0.09052659863390394
168,sample,69,15.830788952298462,0.98,0.6158781207597102,0.06968498079644514,0.09014722158712327
169,sample,70,15.865592091344297,0.98,0.6158781207597102,0.06978170578299422,0.08907150227043033
170,sample,71,15.697511273436248,0.98,0.6158781207597102,0.06463165122001882,0.09487425623333633
171,sample,72,15.987907780334353,0.98,0.6158781207597102,0.06453965841379444,0.0944279885849087
172,sample,73,15.950885691680014,0.98,0.6158781207597102,0.0645745623573193,0.09471071057355133
173,sample,74,16.053930960595608,0.98,0.6158781207597102,0.06464767332482484,0.09426449655190167
174,sample,75,16.00044896453619,0.98,0.6158781207597102,0.064785806520688,0.0955625565726096
175,sample,76,16.278051238507032,0.98,0.6158781207597102,0.0648801249131674,0.09606253281094133
176,sample,77,15.94832400418818,0.98,0.6158781207597102,0.06479168333704208,0.11235278555625722
177,sample,78,15.984328905120492,0.98,0.6158781207597102,0.059789090466549365,0.11275287079075513
178,sample,79,15.966403585858643,0.98,0.6158781207597102,0.06631135080583249,0.11323241599272946
179,sample,80,16.049359628930688,0.98,0.6158781207597102,0.06625530350208664,0.11335063809190543
180,sample,81,16.053836886771023,0.98,0.6158781207597102,0.08932242449068731,0.11353456138259622
181,sample,82,15.662251863628626,0.98,0.6158781207597102,0.07157352419497308,0.11332500117341467
182,sample,83,15.802593174390495,0.98,0.6158781207597102,0.07149218765345895,0.1182072401902537
183,sample,84,15.657531794160604,0.98,0.6158781207597102,0.07169552932602316,0.11890560593866921
184,sample,85,15.44969699345529,0.98,0.6158781207597102,0.071911468741616,0.12133921621146591
185,sample,86,15.560713759623468,0.98,0.6158781207597102,0.090454338132355,0.1181759344766444
186,sample,87,15.222541951574385,0.98,0.6158781207597102,0.09002518171837372,0.11766028192916217
187,sample,88,15.120556622743607,0.98,0.6158781207597102,0.08955867992285023,0.11726242039664055
188,sample,89,15.113033375702798,1.0,0.6158781207597102,0.08982423682961407,0.11746029936546756
189,sample,90,15.40196325071156,1.0,0.6158781207597102,0.11372767444821495,0.11709234840255561
190,sample,91,15.665704674087465,1.0,0.6158781207597102,0.11427453140441238,0.11698589985516707
191,sample,92,15.350374163128436,1.0,0.6158781207597102,0.11382646526966732,0.11750639885370204
192,sample,93,15.829860299825668,1.0,0.6158781207597102,0.13517166629557278,0.11698605346961385
193,sample,94,15.908371823839843,1.0,0.6158781207597102,0.13544539266035682,0.11749385347947176
194,sample,95,15.845320476219058,1.0,0.6158781207597102,0.13649074902261052,0.11557399496747896
195,sample,96,15.725066448561847,1.0,0.6158781207597102,0.1342083039530551,0.11507200055601442
196,sample,97,15.4584666127339,1.0,0.6158781207597102,0.1338214812078736,0.11542021968868053
197,sample,98,15.408401200547814,1.0,0.6158781207597102,0.1353899513468789,0.11513543280336058
198,sample,99,15.88225347455591,1.0,0.6158781207597102,0.13639547983258013,0.11596613634079378
199,sample,100,15.578831911087036,1.0,0.6158781207597102,0.13614855685498561,0.11650858796409826
200,sample,101,15.82157517503947,1.0,0.6158781207597102,0.13598650342209226,0.1161242533113441
201,sample,102,15.757673626765609,1.0,0.6158781207597102,0.1358555051916145,0.11602504892383539
202,sample,103,15.73582197073847,1.0,0.6158781207597102,0.13562866322405978,0.11610765999495684
203,sample,104,15.771862134337425,1.0,0.6158781207597102,0.13573971100887128,0.12650788257294862
204,sample,105,16.050101034343243,1.0,0.6158781207597102,0.13555637865741169,0.1264938187089819
205,sample,106,15.911673007532954,1.0,0.6158781207597102,0.15487050087315535,0.1267290225036727
206,sample,107,15.989857144653797,1.0,0.6158781207597102,0.15502692726054942,0.13323951463706127
207,sample,108,15.86571397446096,1.0,0.6158781207597102,0.1513243975703443,0.13343923786512366
208,sample,109,15.637846123427153,1.0,0.6158781207597102,0.1513852466429521,0.13341653430663417
209,sample,110,15.42598963715136,1.0,0.6158781207597102,0.15155983724366595,0.13312386995225511
210,sample,111,15.72261970397085,1.0,0.6158781207597102,0.15149389122379356,0.13351334238299198
211,sample,112,15.669952156022191,1.0,0.6158781207597102,0.15237598869985114,0.13330134397391297
212,sample,113,15.867845308035612,1.0,0.6158781207597102,0.15273214295054371,0.13295084771881588
213,sample,114,15.75974358804524,1.0,0.6158781207597102,0.15289936480646776,0.13188815107979096
214,sample,115,15.626877813600004,1.0,0.6158781207597102,0.1527611324398522,0.131475583403069
215,sample,116,15.661643045023084,1.0,0.6158781207597102,0.1521674534892881,0.13161200102738307
216,sample,117,15.564316757954657,1.0,0.6158781207597102,0.1434535661139494,0.1210788675389255
217,sample,118,15.850373532623053,1.0,0.6158781207597102,0.1453196040854926,0.12055592702203899
218,sample,119,15.887581495568156,1.0,0.6158781207597102,0.14763560013934313,0.12038000015224473
219,sample,120,15.702022159472108,1.0,0.6158781207597102,0.14779203721926817,0.11986475824372822
220,sample,121,15.386996833607554,1.0,0.6158781207597102,0.14754886216735594,0.11540361657472403
221,sample,122,15.4315544385463,1.0,0.6158781207597102,0.1776141201110015,0.11485031368206272
222,sample,123,15.886124080978334,1.0,0.6158781207597102,0.17793474329871076,0.11496425495509126
223,sample,124,15.925319561734796,1.0,0.6158781207597102,0.175600120951565,0.11468752301614299
224,sample,125,15.536422733217478,1.0,0.6158781207597102,0.1552537082727595,0.11433345554012268
225,sample,126,15.7926259720698,1.0,0.6158781207597102,0.16152746208258464,0.1138374095634005
226,sample,127,15.382412677630782,1.0,0.6158781207597102,0.16054118246258783,0.11345312008128355
227,sample,128,15.422142182476819,1.0,0.6158781207597102,0.15683205135127473,0.13000403709930816
228,sample,129,15.612098063342273,1.0,0.6158781207597102,0.15725918949746442,0.125271024429601
229,sample,130,15.837026020511985,1.0,0.6158781207597102,0.15915498707277417,0.12547583611290275
230,sample,131,15.758376278914511,1.0,0.6158781207597102,0.1591559022242905,0.12774000856799336
231,sample,132,16.02516183629632,1.0,0.6158781207597102,0.15825231523265326,0.12807779644263378
232,sample,133,15.725442473776639,1.0,0.6158781207597102,0.15645282891730092,0.1277839105641947
233,sample,134,15.730595014058053,1.0,0.6158781207597102,0.15768084594412973,0.132972076097369
234,sample,135,15.894351964816451,1.0,0.6158781207597102,0.1575603376184823,0.13339591384051788
235,sample,136,15.945298722945154,1.0,0.6158781207597102,0.15750897831518554,0.13363461426488044
236,sample,137,15.463782225735486,1.0,0.6158781207597102,0.15753204850474875,0.1335844478116614
237,sample,138,15.772419610060751,1.0,0.6158781207597102,0.1570731559977365,0.13431395948742217
238,sample,139,15.995182966813445,1.0,0.6158781207597102,0.15806746411914238,0.1346941412794206
239,sample,140,15.833140849135816,1.0,0.6158781207597102,0.15803878872599914,0.13434634405428342
240,sample,141,15.807187793776393,1.0,0.6158781207597102,0.15795080905979308,0.13402951838750987
241,sample,142,15.976808034814894,1.0,0.6158781207597102,0.15788570983872371,0.13368774208423703
242,sample,143,15.536790658719838,1.0,0.6158781207597102,0.15799061219749672,0.13541005057159064
243,sample,144,15.501129914075136,1.0,0.6158781207597102,0.1580569353621202,0.11899357210969277
244,sample,145,15.410389019176364,1.0,0.6158781207597102,0.15860037780165426,0.1116443182526318
245,sample,146,15.776433874852955,1.0,0.6158781207597102,0.1578101936316771,0.11212248249365524
246,sample,147,15.51777111645788,1.0,0.6158781207597102,0.15786900801081918,0.11167750238528573
247,sample,148,15.551749235019088,1.0,0.6158781207597102,0.15781283896849937,0.11219620855692186
248,sample,149,15.27972743473947,1.0,0.6158781207597102,0.15023678244877825,0.11165165164857144
249,sample,150,15.517415925860405,1.0,0.6158781207597102,0.13290169375228422,0.11661534162794192
250,sample,151,15.236680670641363,1.0,0.6158781207597102,0.13293801007674907,0.11487708662524045
251,sample,152,15.473951669409871,1.0,0.6158781207597102,0.07252848466777392,0.11517101759223376
252,sample,153,15.61903349403292,1.0,0.6158781207597102,0.07400597855584942,0.11465299998282805
253,sample,154,15.354252400808036,1.0,0.6158781207597102,0.07149798953025112,0.11499131034650502
254,sample,155,14.92331628035754,1.0,0.6158781207597102,0.0767530766490157,0.11483901555137689
255,sample,156,14.889403988607228,1.0,0.6158781207597102,0.0766310230547088,0.11430025889067061
256,sample,157,14.914804756641388,0.98,0.6158781207597102,0.0766310230547088,0.11430025889067061
257,sample,158,15.552241762168705,0.98,0.6158781207597102,0.07518587851079742,0.1138297022803665
258,sample,159,15.124033839441836,0.98,0.6158781207597102,0.07472515595564115,0.11331296569129529
259,sample,160,15.354265908710659,0.98,0.6158781207597102,0.07490640046854716,0.1138274395148001
260,sample,161,15.442232589237392,0.98,0.6158781207597102,0.07464795475213373,0.11162893384296947
261,sample,162,15.676376181654632,0.98,0.6158781207597102,0.07486351617909986,0.1171482442838148
262,sample,163,15.475108516402543,0.98,0.6158781207597102,0.07479522218799996,0.11767080716286406
263,sample,164,15.350899876095355,0.98,0.6158781207597102,0.07505760988079078,0.1171417954146644
264,sample,165,15.708898469805717,0.98,0.6158781207597102,0.07481560415623395,0.117761474967348
265,sample,166,15.277448191307485,0.98,0.6158781207597102,0.0748555846173239,0.1182116796660916
266,sample,167,15.8884521657601,0.98,0.6158781207597102,0.07504371839232443,0.11619694339968366
267,sample,168,15.853244571946561,0.98,0.6158781207597102,0.07528585434455203,0.1165617931422558
268,sample,169,15.824586778879166,0.98,0.6158781207597102,0.07929156359065738,0.11619573113272601
269,sample,170,15.719188733957708,0.98,0.6158781207597102,0.07952227619060503,0.1160261834786702
270,sample,171,15.345586221665144,0.98,0.6158781207597102,0.07955477543860488,0.11554425844146535
271,sample,172,15.45014088600874,0.98,0.6158781207597102,0.08148138768095702,0.11771200751941481
272,sample,173,15.83096693828702,0.98,0.6158781207597102,0.08130190377215364,0.1205058434297522
273,sample,174,16.005005914717913,0.98,0.6158781207597102,0.08150857074055244,0.12101862230023507
274,sample,175,15.937646533362567,0.98,0.6158781207597102,0.08114071185060204,0.12089145274137726
275,sample,176,16.06890469789505,0.98,0.6158781207597102,0.0832427315315869,0.12105303174164274
276,sample,177,16.10964098200202,0.98,0.6158781207597102,0.08314952185947141,0.12053282602963222
277,sample,178,15.96509316470474,0.98,0.6158781207597102,0.08324900281079224,0.12115892562525521
278,sample,179,15.959633915685117,0.98,0.6158781207597102,0.0831390365828067,0.12083386313340479
279,sample,180,15.913297641091049,0.98,0.6158781207597102,0.08631599307056768,0.12063271245946136
280,sample,181,15.805780025199056,0.98,0.6158781207597102,0.08301489191328335,0.11902978622749542
281,sample,182,15.442760096862912,0.98,0.6158781207597102,0.08333925835243682,0.11931595117992194
282,sample,183,15.497585559263825,0.96,0.6158781207597102,0.08333925835243682,0.11931595117992194
283,sample,184,16.215209882706404,0.96,0.6158781207597102,0.08373779811542154,0.11924434995448689
284,sample,185,16.141183082014322,0.96,0.6158781207597102,0.08340054205639441,0.11975648389383643
285,sample,186,16.16873506642878,0.96,0.6158781207597102,0.08616199607656516,0.12002959411554784
286,sample,187,16.208284575492144,0.96,0.6158781207597102,0.0863492692097524,0.12584224417531692
287,sample,188,15.666788643226027,0.96,0.6158781207597102,0.08670348098142942,0.12561387706942162
288,sample,189,15.8847465980798,0.96,0.6158781207597102,0.0862939680083957,0.12518904703173184
289,sample,190,15.78130165208131,0.96,0.6158781207597102,0.08596330624282413,0.12546452906593014
290,sample,191,16.081229814328253,0.96,0.6158781207597102,0.08635512542833938,0.12533425314884597
291,sample,192,15.751703916117549,0.96,0.6158781207597102,0.07515493198245235,0.12575755258710622
292,sample,193,15.997867881320417,0.96,0.6158781207597102,0.07515106409228041,0.12019924746086971
293,sample,194,15.641856322996318,0.96,0.6158781207597102,0.07303227380640485,0.12250230096535336
294,sample,195,16.2634786227718,0.96,0.6158781207597102,0.07326913145779063,0.12262062872899462
295,sample,196,16.2732592234388,0.96,0.6158781207597102,0.07369391330306813,0.12216934553246814
296,sample,197,15.826520959846675,0.96,0.6158781207597102,0.07344817444842494,0.1225145660399591
297,sample,198,16.105482487007976,0.96,0.6158781207597102,0.07489086733908124,0.12262890016153297
298,sample,199,15.638537601567805,0.96,0.6158781207597102,0.07513894551445406,0.12209864375072148
299,sample,200,15.84835781995207,0.96,0.6158781207597102,0.07532981887561442,0.1277030283760091
300,sample,201,15.822095956653357,0.96,0.6158781207597102,0.07527000212775699,0.12810385182578513
301,sample,202,15.917428167536855,0.96,0.6158781207597102,0.0736546656832647,0.12798101126534522
302,sample,203,16.25861450470984,0.96,0.6158781207597102,0.07355924687070971,0.12845288911538214
303,sample,204,16.231846576556563,0.96,0.6158781207597102,0.07412726810156593,0.12824980137579892
304,sample,205,15.93278131261468,0.96,0.6158781207597102,0.069202269880406,0.12862963620969362
305,sample,206,16.15943900309503,0.96,0.6158781207597102,0.04313849171411213,0.12906660112340876
306,sample,207,15.950777396559715,0.98,0.6158781207597102,0.05461392614446256,0.1285727745291319
307,sample,208,16.296705989167094,0.98,0.6158781207597102,0.05425162469809004,0.1287312722031738
308,sample,209,16.30263351649046,0.98,0.6158781207597102,0.05484761901456462,0.1283146647618351
309,sample,210,16.154953399673104,0.98,0.6158781207597102,0.05466497895846244,0.12793947792593469
310,sample,211,15.994068970903754,0.98,0.6158781207597102,0.05429311752974658,0.11456597863921784
311,sample,212,15.81905588787049,0.98,0.6158781207597102,0.04422363604753175,0.11762083062983203
312,sample,213,15.930014087818563,0.98,0.6158781207597102,0.04394058403836846,0.11359691037308967
313,sample,214,15.879018403589725,0.98,0.6158781207597102,0.04274971755242563,0.11381141157531266
314,sample,215,15.864556029438972,0.98,0.6158781207597102,0.04276878745208699,0.11345015920956837
315,sample,216,15.843252323567867,0.98,0.6158781207597102,0.027877572244584235,0.11153402293149764
316,sample,217,16.2909634700045,0.98,0.6158781207597102,0.025606105567596748,0.11195644908318245
317,sample,218,16.207221596501768,0.98,0.6158781207597102,0.026224924291445222,0.1113961316778844
318,sample,219,16.032838323153555,0.98,0.6158781207597102,0.026004731591546662,0.11090395788104972
319,sample,220,16.08109857235104,0.98,0.6158781207597102,0.014731500451260576,0.11064723497936334
320,sample,221,16.101288409903646,0.98,0.6158781207597102,0.015610791301166667,0.1053807825585288
321,sample,222,16.173347305506468,0.98,0.6158781207597102,0.023298334452339177,0.10585266002239906
322,sample,223,16.15550353564322,0.98,0.6158781207597102,0.0219296334938688,0.10559176621053581
323,sample,224,15.833641436882317,0.98,0.6158781207597102,0.0242843325186965,0.10546062841147405
324,sample,225,15.836627870798111,0.98,0.6158781207597102,0.02580760194818297,0.10566617478016899
325,sample,226,15.856380674056709,0.98,0.6158781207597102,0.023616135093879314,0.11190262728650446
326,sample,227,15.997732507996261,0.98,0.6158781207597102,0.02622641671277375,0.1113598756700175
327,sample,228,15.998483001254499,0.98,0.6158781207597102,0.02416889671473716,0.1063051276412885
328,sample,229,16.245692878961563,0.98,0.6158781207597102,0.026202977608575522,0.10632964147299137
329,sample,230,15.71104196831584,0.98,0.6158781207597102,0.02478097271745836,0.09088877284290293
330,sample,231,16.202295255847275,0.98,0.6158781207597102,0.024344913465631016,0.09133948146762355
331,sample,232,16.230371919460595,0.98,0.6158781207597102,0.026183042460250727,0.09143733763462528
332,sample,233,15.530402464792132,1.0,0.6158781207597102,0.025134721424654213,0.09148097817371449
333,sample,234,15.761043700389564,1.0,0.6158781207597102,0.02484953963093664,0.09099606640091355
334,sample,235,15.912299225106835,1.0,0.6158781207597102,0.023158296147212508,0.0861370623599524
335,sample,236,15.93629748467356,1.0,0.6158781207597102,0.02474323792993036,0.08638198519750434
336,sample,237,15.808427473530173,1.0,0.6158781207597102,0.02966722046224369,0.08669659855678707
337,sample,238,16.23135720472783,1.0,0.6158781207597102,0.027097571502156702,0.08649015128779382
338,sample,239,15.471605432219803,1.0,0.6158781207597102,0.02271188056346095,0.0861321998514839
339,sample,240,15.643257242627442,1.0,0.6158781207597102,0.024449020720512454,0.0865459168447244
340,sample,241,15.619603927247226,1.0,0.6158781207597102,0.024676873984592996,0.08674570949448134
341,sample,242,16.049880475737154,1.0,0.6158781207597102,0.024056897255351196,0.08631492735645446
342,sample,243,16.042274499312043,1.0,0.6158781207597102,0.023975109979034074,0.05760781193327819
343,sample,244,15.907799162901938,1.0,0.6158781207597102,0.022926068291043118,0.05765560749059351
344,sample,245,15.667149921879172,1.0,0.6158781207597102,0.02589253007799766,0.05767262174201312
345,sample,246,15.574714017100632,1.0,0.6158781207597102,0.032469223886117664,0.05764089660391532
346,sample,247,15.560311280190945,1.0,0.6158781207597102,0.030599042208146097,0.057654846712841476
347,sample,248,15.344915027730167,1.0,0.6158781207597102,0.030450212439324043,0.057501279526976735
348,sample,249,15.17759770527482,1.0,0.6158781207597102,0.03136315264587267,0.05413567056537312
349,sample,250,15.569994100369513,1.0,0.6158781207597102,0.03268784935336999,0.05105789347835345
350,sample,251,15.103492323309183,1.0,0.6158781207597102,0.0338545293491505,0.0543210675440058
351,sample,252,15.941731689497828,1.0,0.6158781207597102,0.034719576112252126,0.05483943119248697
352,sample,253,16.19577499292791,1.0,0.6158781207597102,0.03469176219154661,0.058965640654441744
353,sample,254,16.008329744450748,1.0,0.6158781207597102,0.03398618042713808,0.05897745132424484
354,sample,255,16.196428229101002,1.0,0.6158781207597102,0.033823675577269646,0.058631860194441825
355,sample,256,15.806279451586306,1.0,0.6158781207597102,0.033432956025064006,0.05864065695478377
356,sample,257,15.707372402772307,1.0,0.6158781207597102,0.031734388513217145,0.058861144881985544
357,sample,258,15.7298792200163,1.0,0.6158781207597102,0.03156312377673794,0.05316062572115816
358,sample,259,15.499848503619432,1.0,0.6158781207597102,0.03477064498092462,0.05336893637636328
359,sample,260,14.92006941139698,1.0,0.6158781207597102,0.036781638107499695,0.0538497559613762
360,sample,261,15.471200662665069,0.98,0.6158781207597102,0.036781638107499695,0.0538497559613762
361,sample,262,15.840109447017312,0.98,0.6158781207597102,0.038646822111296636,0.053974039350933985
362,sample,263,15.995457040145993,0.98,0.6158781207597102,0.03789116730149146,0.05382053227383946
363,sample,264,16.081030869856477,0.98,0.6158781207597102,0.03434787095771956,0.053556427307978785
364,sample,265,16.103702599182725,0.98,0.6158781207597102,0.033118246649419536,0.05351457369259009
365,sample,266,15.876502929255366,0.98,0.6158781207597102,0.027738660507839626,0.05289915560613083
366,sample,267,16.310748668387532,0.98,0.6158781207597102,0.029353382216545935,0.0519197961571308
367,sample,268,15.9663660004735,0.98,0.6158781207597102,0.0306628603250351,0.0532159369990723
368,sample,269,15.899280398152769,0.98,0.6158781207597102,0.030388859215486858,0.0532275571194993
369,sample,270,15.298295758664608,0.98,0.6158781207597102,0.030630476944142875,0.052299788597644434
370,sample,271,15.915404999628663,0.98,0.6158781207597102,0.028334651287592594,0.054574626764344686
371,sample,272,15.5179907893762,0.98,0.6158781207597102,0.03147056220372295,0.05706831008975134
372,sample,273,15.131161700934172,0.98,0.6158781207597102,0.03366373629530177,0.056009983466821005
373,sample,274,15.467987853102386,0.98,0.6158781207597102,0.03528450011220038,0.05588061247107054
374,sample,275,15.459612320177257,0.98,0.6158781207597102,0.030619592175538918,0.0558159205643739
375,sample,276,15.614079813472927,0.98,0.6158781207597102,0.024852342188620154,0.05602272450081543
376,sample,277,15.690217547118664,0.98,0.6158781207597102,0.04020052381508708,0.055921608332339834
377,sample,278,15.434057924896479,0.98,0.6158781207597102,0.04145105621901672,0.05503006059988506
378,sample,279,15.204791611991823,0.98,0.6158781207597102,0.041896774328871414,0.055030895319521225
379,sample,280,14.857157988473773,0.98,0.6158781207597102,0.0413948766653841,0.054743165692060176
380,sample,281,15.608346114866436,0.98,0.6158781207597102,0.04077847650208617,0.03892981747330822
381,sample,282,15.718258582055569,0.98,0.6158781207597102,0.056646820798018735,0.040524208364617766
382,sample,283,16.201356164179742,0.98,0.6158781207597102,0.05676914422152504,0.040045123586678555
383,sample,284,15.816428984515369,0.98,0.6158781207597102,0.05834424314788048,0.04132320166567415
384,sample,285,15.378149571828544,0.98,0.6158781207597102,0.0584169995782335,0.04169694624429804
385,sample,286,14.832686871290207,0.98,0.6158781207597102,0.058682609139315056,0.04200118350363677
386,sample,287,16.204386663623154,0.98,0.6158781207597102,0.05876945441247134,0.042870625473736816
387,sample,288,15.885352740064263,0.98,0.6158781207597102,0.05876121735809913,0.04148372084785377
388,sample,289,15.89249009359628,0.98,0.6158781207597102,0.06316721454200465,0.042351403144815294
389,sample,290,16.01326979883015,0.98,0.6158781207597102,0.04643203765192634,0.05144971104710814
390,sample,291,15.738110253587365,0.98,0.6158781207597102,0.04896996296262962,0.05193023500642259
391,sample,292,15.841334263794124,0.98,0.6158781207597102,0.050235146990655316,0.05187450140772802
392,sample,293,16.07358830422163,0.98,0.6158781207597102,0.05069724755738165,0.052764833838552544
393,sample,294,16.128134420141578,0.98,0.6158781207597102,0.05074605532910531,0.05277042559478782
394,sample,295,16.111175872385502,0.98,0.6158781207597102,0.051879072944443626,0.05292823107595259
395,sample,296,15.714806749485433,0.98,0.6158781207597102,0.0520357523846254,0.0558626636127378
396,sample,297,15.995075372979045,0.98,0.6158781207597102,0.052437018806632894,0.055850876907261336
397,sample,298,15.854519427753985,0.98,0.6158781207597102,0.05257402510030668,0.05584750087955714
398,sample,299,15.99368322826922,0.98,0.6158781207597102,0.05370575995012762,0.06078434385822084
399,sample,300,16.20622466225177,0.98,0.6158781207597102,0.05093158483590304,0.08179895779136868
400,sample,301,16.078335436992347,0.98,0.6158781207597102,0.050521120490378754,0.0829059165327213
401,sample,302,15.5504493964836,0.98,0.6158781207597102,0.050557924305528794,0.0828528241423936
402,sample,303,15.229176298715174,0.98,0.6158781207597102,0.049830774579321245,0.08324414534992462
403,sample,304,15.245796108618379,0.98,0.6158781207597102,0.05032433776017669,0.08297824726468521
404,sample,305,15.928307473659515,0.98,0.6158781207597102,0.05156301370274457,0.0864018323732785
405,sample,306,15.927511210553348,0.98,0.6158781207597102,0.05150574717665472,0.08302163203142687
406,sample,307,15.825772838667035,0.98,0.6158781207597102,0.049825400066328664,0.08339847956775634
407,sample,308,15.582486402243376,0.98,0.6158781207597102,0.04757039263083416,0.08330847024662737
408,sample,309,15.863734296523035,0.98,0.6158781207597102,0.047632583674025286,0.08295139340166197
409,sample,310,15.982581282965839,0.98,0.6158781207597102,0.04933024967499143,0.08309450116114946
410,sample,311,16.023130249232054,1.0,0.6158781207597102,0.046994930394463674,0.08308119323461079
411,sample,312,16.012310133315623,1.0,0.6158781207597102,0.043278483502694476,0.0827164745977964
412,sample,313,16.04296327754855,1.0,0.6158781207597102,0.043275733780327987,0.08264911914166709
413,sample,314,16.04274284746498,1.0,0.6158781207597102,0.041020531500723253,0.08229344288723695
414,sample,315,15.988363609649241,1.0,0.6158781207597102,0.04010349225403046,0.08249537684467724
415,sample,316,16.067743212915957,1.0,0.6158781207597102,0.07974899225495653,0.08288262638833956
416,sample,317,15.861971946433187,1.0,0.6158781207597102,0.07942599574463377,0.08319407025377096
417,sample,318,15.665109154768288,1.0,0.6158781207597102,0.08124721130133589,0.08696214434754417
418,sample,319,15.859854514710605,1.0,0.6158781207597102,0.08141420131782043,0.08655193001549999
419,sample,320,15.835455629974604,1.0,0.6158781207597102,0.08170223624477806,0.08813780668630898
420,sample,321,15.818987074308097,0.98,0.6158781207597102,0.08170223624477806,0.08813780668630898
421,sample,322,15.548994740471244,0.98,0.6158781207597102,0.08134074122960912,0.07494315915607372
422,sample,323,15.010322443209589,0.98,0.6158781207597102,0.08139505862444775,0.07475302883256005
423,sample,324,15.904391873627901,0.98,0.6158781207597102,0.08158732788138612,0.06808310183331798
424,sample,325,16.043207460083067,0.98,0.6158781207597102,0.08145919859631445,0.06682272122636035
425,sample,326,15.841420453041792,0.98,0.6158781207597102,0.08261535412803186,0.0669434682770292
426,sample,327,16.10759267769754,0.98,0.6158781207597102,0.0829685132258357,0.06701457409835901
427,sample,328,16.022391465492547,0.98,0.6158781207597102,0.08292360643983132,0.06699593676468095
428,sample,329,16.288954003714025,0.98,0.6158781207597102,0.08141987032759355,0.0668872035389158
429,sample,330,16.16939383558929,0.98,0.6158781207597102,0.08081856763472157,0.06701301759030028
430,sample,331,15.98284952994436,0.98,0.6158781207597102,0.08095157203704884,0.06697890648175378
431,sample,332,16.094274865463376,0.98,0.6158781207597102,0.08112613289797338,0.08535116768119173
432,sample,333,16.06415988691151,0.98,0.6158781207597102,0.08138297826513634,0.09955850619737995
433,sample,334,16.35242314916104,0.98,0.6158781207597102,0.08318432653553963,0.09949819198273396
434,sample,335,15.943145427852869,0.98,0.6158781207597102,0.08357209927422068,0.09218701115503496
435,sample,336,16.329698619432747,0.98,0.6158781207597102,0.08329046473241378,0.09195797478173916
436,sample,337,16.028726844117045,0.98,0.6158781207597102,0.08357886067202404,0.09146831599443773
437,sample,338,16.265288887545466,0.98,0.6158781207597102,0.08327898197291372,0.09108791679681445
438,sample,339,16.37406591884792,0.98,0.6158781207597102,0.0830829371138748,0.09145439639322461
439,sample,340,15.628658670000732,0.98,0.6158781207597102,0.08289365024701753,0.07216058658560838
440,sample,341,15.816450404934585,0.96,0.6158781207597102,0.08289365024701753,0.07216058658560838
441,sample,342,16.103454612195492,0.96,0.6158781207597102,0.0831965924582409,0.07192105995527347
442,sample,343,15.656568218022585,0.96,0.6158781207597102,0.08358589687260518,0.06806931044979346
443,sample,344,15.592046435922384,0.96,0.6158781207597102,0.08431259435651076,0.06797123680187725
444,sample,345,16.012598768807948,0.96,0.6158781207597102,0.08390265302898839,0.06792740091994161
445,sample,346,15.472116096876562,0.96,0.6158781207597102,0.08403818065368707,0.06783512705832487
446,sample,347,15.40143796429038,0.96,0.6158781207597102,0.08441142982116845,0.06795610932069361
447,sample,348,15.997864034958184,0.96,0.6158781207597102,0.08440997581206175,0.06788192638450681
448,sample,349,16.14432322885841,0.96,0.6158781207597102,0.08431779337966419,0.06783077920452556
449,sample,350,16.01980995479971,0.96,0.6158781207597102,0.08353430088236069,0.06783340006734609
450,sample,351,16.211678698658943,0.96,0.6158781207597102,0.08380058930915564,0.06797695436335394
451,sample,352,16.01076061371714,0.96,0.6158781207597102,0.08392361114841379,0.06812526568238787
452,sample,353,16.337487172335386,0.96,0.6158781207597102,0.08502838752898291,0.06810648710490268
453,sample,354,16.114656690508127,0.96,0.6158781207597102,0.08544277454117276,0.06887933897923262
454,sample,355,16.029037450440228,0.96,0.6158781207597102,0.08506556251516816,0.06873874783898451
455,sample,356,16.122566885314882,0.96,0.6158781207597102,0.08472315812549723,0.06888350573934018
456,sample,357,16.295232374221087,0.96,0.6158781207597102,0.08434823172397549,0.06893192663799867
457,sample,358,16.232502262108028,0.96,0.6158781207597102,0.08513153430174632,0.06907861030088265
458,sample,359,16.094071003608406,0.96,0.6158781207597102,0.08493720622566411,0.06914933786996763
459,sample,360,15.997538033872843,0.96,0.6158781207597102,0.08326120973660753,0.06909622209256223
460,sample,361,16.31461782194674,0.96,0.6158781207597102,0.08353121881241173,0.06843379441064495
461,sample,362,16.354302926920354,0.96,0.6158781207597102,0.06722253396199895,0.06577049930676966
462,sample,363,16.36206022184342,0.96,0.6158781207597102,0.06722495818997566,0.06701255973322862
463,sample,364,16.18574423249811,0.96,0.6158781207597102,0.06711439887076535,0.06711588338807747
464,sample,365,16.1762604303658,0.96,0.6158781207597102,0.06792949932818794,0.06698220972298968
465,sample,366,16.087316748686135,0.96,0.6158781207597102,0.056781308837404176,0.05153157991168834
466,sample,367,16.117406256496906,0.96,0.6158781207597102,0.04376071528202173,0.052000838944858095
467,sample,368,16.14198289439082,0.96,0.6158781207597102,0.04133686250692218,0.050362964951085054
468,sample,369,16.133417814038694,0.96,0.6158781207597102,0.04002856787135335,0.04604612573265414
469,sample,370,16.07202929444611,0.96,0.6158781207597102,0.03905784951275298,0.04669364606909533
470,sample,371,16.036984311416745,0.98,0.6158781207597102,0.04216522556175282,0.04635779212882733
471,sample,372,16.05315121356398,0.98,0.6158781207597102,0.043069601419922235,0.046111188729869405
472,sample,373,15.658728395588696,0.96,0.6158781207597102,0.043069601419922235,0.046111188729869405
473,sample,374,15.624591377563775,0.96,0.6158781207597102,0.04318888181740379,0.04630197825927531
474,sample,375,15.54758379328996,0.96,0.6158781207597102,0.052406106241623555,0.048694004137847254
475,sample,376,15.38985684607178,0.96,0.6158781207597102,0.052339717230014154,0.04727958647151054
476,sample,377,15.628545108251274,0.96,0.6158781207597102,0.05254116158104328,0.04613125052484421
477,sample,378,15.427686613053083,0.96,0.6158781207597102,0.05160996470182967,0.04675441748388481
478,sample,379,15.44303523376584,0.96,0.6158781207597102,0.051564834963460156,0.04679754717013001
479,sample,380,15.824662173166871,0.96,0.6158781207597102,0.050979633227926,0.04510629800107083
480,sample,381,15.86254124250263,0.96,0.6158781207597102,0.051464908523222254,0.044394877043168676
481,sample,382,15.460255623795092,0.96,0.6158781207597102,0.07446941986212247,0.044369306526843885
482,sample,383,15.814138664864004,0.96,0.6158781207597102,0.0742444073362487,0.04446375490552599
483,sample,384,15.859112763777375,0.96,0.6158781207597102,0.06786155043416897,0.04334541825712931
484,sample,385,15.681809430010617,0.96,0.6158781207597102,0.07263841145359125,0.04333306873911157
485,sample,386,15.384259290061891,0.96,0.6158781207597102,0.05205092688967878,0.04537804482278425
486,sample,387,15.998927748762071,0.96,0.6158781207597102,0.0541482118442996,0.045151608800136495
487,sample,388,15.646390104666352,0.96,0.6158781207597102,0.06218622865102725,0.04536395325764987
488,sample,389,14.906022308394313,0.96,0.6158781207597102,0.062013196837572275,0.04495349935665926
489,sample,390,15.68455158919096,0.96,0.6158781207597102,0.06139986788677082,0.04512315696299071
490,sample,391,16.24487902224064,0.98,0.6158781207597102,0.06042972204029633,0.044404286517120695
491,sample,392,16.346070896834135,0.98,0.6158781207597102,0.060418379617756104,0.04020486683717295
492,sample,393,16.102876033633947,0.98,0.6158781207597102,0.059959487277469796,0.0422734826629603
493,sample,394,16.038923835381866,0.98,0.6158781207597102,0.06578212369413927,0.04095931960113865
494,sample,395,16.340920926071703,0.98,0.6158781207597102,0.0656990207576477,0.05081533004090308
495,sample,396,16.128042731434107,0.98,0.6158781207597102,0.06584337601058265,0.05180460197759919
496,sample,397,16.227184026502073,0.96,0.6158781207597102,0.06584337601058265,0.05180460197759919
497,sample,398,16.351410136558115,0.96,0.6158781207597102,0.04856781792229247,0.051517894572291514
498,sample,399,16.194840924814343,0.96,0.6158781207597102,0.04885415836274161,0.05152312249994814
499,sample,400,15.677338087931275,0.96,0.6158781207597102,0.04816652939209394,0.05121158302787972
500,sample,401,15.540937336161733,0.96,0.6158781207597102,0.04863059070688879,0.05125729829650993
501,sample,402,15.983319815248251,0.96,0.6158781207597102,0.04110780923122425,0.045990497487552386
502,sample,403,15.514023183844984,0.96,0.6158781207597102,0.04161455350404053,0.046177181990377514
503,sample,404,15.617518531158566,0.96,0.6158781207597102,0.04138235467383492,0.04268331520736985
504,sample,405,16.295132234692574,0.96,0.6158781207597102,0.04224447715530122,0.041486141235316173
505,sample,406,16.110738208517432,0.96,0.6158781207597102,0.04149029640043811,0.03925581439096434
506,sample,407,16.251750353723764,0.96,0.6158781207597102,0.043610543303656546,0.038194190416515936
507,sample,408,16.035251419991255,0.96,0.6158781207597102,0.04177911350407462,0.03456647694330446
508,sample,409,16.167128222063184,0.94,0.6158781207597102,0.04177911350407462,0.03456647694330446
509,sample,410,16.160636751912534,0.94,0.6158781207597102,0.0413943927618357,0.035796570839163745
510,sample,411,16.017258835956454,0.94,0.6158781207597102,0.04676841930279793,0.03807262383835742
511,sample,412,16.281428987160325,0.92,0.6158781207597102,0.04676841930279793,0.03807262383835742
512,sample,413,16.32985293492675,0.92,0.6158781207597102,0.04901712312512712,0.03860462172323709
513,sample,414,16.368093173019588,0.92,0.6158781207597102,0.054011620257275295,0.039628367202030786
514,sample,415,16.000292621552944,0.92,0.6158781207597102,0.05978562047134921,0.04492362471984786
515,sample,416,15.723426680080593,0.92,0.6158781207597102,0.05969491066370868,0.045350058027654155
516,sample,417,15.565243069082499,0.92,0.6158781207597102,0.059679866410859865,0.046081979608845414
517,sample,418,16.054560001008213,0.92,0.6158781207597102,0.05967621776637773,0.046380308128136566
518,sample,419,15.929329154081643,0.92,0.6158781207597102,0.05383936782248906,0.04628048346181901
519,sample,420,16.065605126321316,0.92,0.6158781207597102,0.05369568369508581,0.046761781455650964
520,sample,421,16.065384934656322,0.92,0.6158781207597102,0.055205094065621144,0.046378400547748506
521,sample,422,16.05922337528318,0.92,0.6158781207597102,0.055031843710316705,0.05878896224802207
522,sample,423,16.06590254418552,0.94,0.6158781207597102,0.05543125042757329,0.05880053866878711
523,sample,424,16.02737898938358,0.94,0.6158781207597102,0.05542984564834969,0.0587894836308498
524,sample,425,16.02292718924582,0.94,0.6158781207597102,0.057795984020688584,0.05719250566506127
525,sample,426,16.00628524646163,0.94,0.6158781207597102,0.05621924005745993,0.05676586782034128
526,sample,427,15.988889840431511,0.94,0.6158781207597102,0.05578464532602119,0.05744804883138278
527,sample,428,15.736039499752223,0.94,0.6158781207597102,0.055828673916355154,0.05676283603453288
528,sample,429,15.151482364162803,0.94,0.6158781207597102,0.05575494047525085,0.05674924428863278
529,sample,430,15.50885621830821,0.94,0.6158781207597102,0.05493737710665201,0.05675145612764622
530,sample,431,15.955450180917978,0.94,0.6158781207597102,0.055312268161005186,0.05675989356681725
531,sample,432,15.78799228463322,0.94,0.6158781207597102,0.05550930261546689,0.05588842679506498
532,sample,433,15.960493992082775,0.94,0.6158781207597102,0.0549875275653898,0.05587698421199484
533,sample,434,15.955828082747757,0.94,0.6158781207597102,0.055040946777088644,0.058153193640321656
534,sample,435,15.95505797304213,0.94,0.6158781207597102,0.05484008936735673,0.05814673130105784
535,sample,436,16.01984895206988,0.94,0.6158781207597102,0.05489518209462611,0.058013294413641975
536,sample,437,16.055499806068838,0.94,0.6158781207597102,0.05479090876121034,0.05788796885163392
537,sample,438,16.054587740451097,0.94,0.6158781207597102,0.054726584117757354,0.05798974812143348
538,sample,439,15.997229202650487,0.94,0.6158781207597102,0.05450198638823462,0.06229457082574407
539,sample,440,15.960265408270061,0.94,0.6158781207597102,0.06424348879819611,0.06547515092102141
540,sample,441,15.910620049573481,0.94,0.6158781207597102,0.05230629349170379,0.06558277264963497
541,sample,442,15.728960373438895,0.94,0.6158781207597102,0.056428942990831024,0.0669571200882676
542,sample,443,15.683128302916884,0.94,0.6158781207597102,0.046917686374130185,0.06521601530840199
543,sample,444,15.56877963989973,0.94,0.6158781207597102,0.04839071667413568,0.05882742326715925
544,sample,445,15.453537688590586,0.94,0.6158781207597102,0.04712104789038673,0.05799125539811007
545,sample,446,15.873649013228714,0.94,0.6158781207597102,0.04881338853008726,0.05785316141378358
546,sample,447,15.427963343448937,0.96,0.6158781207597102,0.04830843269569204,0.0578448379266421
547,sample,448,15.59999511577189,0.96,0.6158781207597102,0.04649139132181982,0.05784175437808873
548,sample,449,15.7761210212484,0.96,0.6158781207597102,0.05531056438573606,0.05627391309717231
549,sample,450,15.704001710750163,0.96,0.6158781207597102,0.05497534257486017,0.056757845091451056
550,sample,451,15.680845397524536,0.96,0.6158781207597102,0.06530718200550123,0.05674794702312744
551,sample,452,15.638360878452659,0.94,0.6158781207597102,0.06530718200550123,0.05674794702312744
552,sample,453,15.56670084502548,0.94,0.6158781207597102,0.06335264722534775,0.0552384838890785
553,sample,454,15.183191386982799,0.94,0.6158781207597102,0.06329233932766903,0.055268895030491066
554,sample,455,15.591551573947072,0.94,0.6158781207597102,0.06336444247136037,0.05542976989404927
555,sample,456,15.363797899335623,0.94,0.6158781207597102,0.06367196054810287,0.0554259195228398
556,sample,457,15.30334819946438,0.94,0.6158781207597102,0.06360032725641351,0.054898364587643536
557,sample,458,15.29546455387026,0.94,0.6158781207597102,0.06356412474507167,0.0550095546687928
558,sample,459,15.29301449470222,0.96,0.6158781207597102,0.06362865616441983,0.05138530688398734
559,sample,460,15.756684703752398,0.96,0.6158781207597102,0.06355292481507371,0.05534722941184015
560,sample,461,15.534223486669362,0.96,0.6158781207597102,0.06333150316098139,0.05950988587529223
561,sample,462,15.469675826840103,0.98,0.6158781207597102,0.0632794965541175,0.059315396896177035
562,sample,463,15.199627168476582,0.98,0.6158781207597102,0.06322123868603331,0.05922813170681427
563,sample,464,14.919795278459787,0.98,0.6158781207597102,0.06311657334206267,0.059238884268441046
564,sample,465,15.536277857609093,0.98,0.6158781207597102,0.07360696760251546,0.037972418804246344
565,sample,466,15.63899380993098,0.98,0.6158781207597102,0.07359359851423293,0.036132447660067755
566,sample,467,15.584119240753353,0.98,0.6158781207597102,0.07382257084605881,0.035844207124458266
567,sample,468,15.435401030816138,0.98,0.6158781207597102,0.07964716471969766,0.035523113312458936
568,sample,469,15.872702308930457,0.98,0.6158781207597102,0.07993157441150134,0.03566302560147319
569,sample,470,15.285984487272799,0.98,0.6158781207597102,0.08026694630782137,0.035422793313816495
570,sample,471,15.013503883965313,0.96,0.6158781207597102,0.08026694630782137,0.035422793313816495
571,sample,472,15.123968069441617,0.96,0.6158781207597102,0.0799235346320404,0.035956505551246846
572,sample,473,15.057607886381447,0.96,0.6158781207597102,0.079579053275029,0.03686062191770306
573,sample,474,14.909780816175044,0.96,0.6158781207597102,0.08060437478736067,0.03672918493119752
574,sample,475,15.801635267212987,0.96,0.6158781207597102,0.08093390926105297,0.057039346662336066
575,sample,476,15.929532350040972,0.96,0.6158781207597102,0.08106544839886246,0.058012709192835986
576,sample,477,16.02976111508906,0.96,0.6158781207597102,0.08097611080468826,0.058008657548866624
577,sample,478,16.0276287663728,0.96,0.6158781207597102,0.08116757503542467,0.05781145457300848
578,sample,479,15.46224017534405,0.96,0.6158781207597102,0.08251244247389251,0.05781211731402327
579,sample,480,15.594992407597601,0.96,0.6158781207597102,0.0821012946657233,0.05781303258643237
580,sample,481,15.602264472283423,0.96,0.6158781207597102,0.08209687923985735,0.05780964439054598
581,sample,482,15.629486489109695,0.96,0.6158781207597102,0.08198325128928513,0.05853536486790566
582,sample,483,15.48522100225091,0.96,0.6158781207597102,0.08231450533536523,0.06004961014705448
583,sample,484,15.632188385352492,0.96,0.6158781207597102,0.07821134242393832,0.05249571509526022
584,sample,485,15.973652261309326,0.96,0.6158781207597102,0.08090544627147182,0.0547028114146744
585,sample,486,15.250233677215874,0.96,0.6158781207597102,0.08125925003680463,0.04446089003591951
586,sample,487,15.702804569154978,0.96,0.6158781207597102,0.08164849422688492,0.044695549777347895
587,sample,488,16.009147479198873,0.96,0.6158781207597102,0.08180531275869819,0.044007582927915616
588,sample,489,16.21745560783893,0.96,0.6158781207597102,0.08151760423814063,0.043065086547026475
589,sample,490,16.244863254018128,0.96,0.6158781207597102,0.08116830020005836,0.04437237322858697
590,sample,491,16.20420095603913,0.96,0.6158781207597102,0.08151395462876142,0.043107711219499266
591,sample,492,16.189233298413455,0.96,0.6158781207597102,0.08180899232513106,0.0429140720047864
592,sample,493,15.951864818111062,0.96,0.6158781207597102,0.07133331057396045,0.04261479676801159
593,sample,494,16.247120142914355,0.96,0.6158781207597102,0.07226987324385041,0.04608071652347958
594,sample,495,15.91542315017432,0.96,0.6158781207597102,0.07221983240937374,0.048173457802279995
595,sample,496,16.004635657183826,0.96,0.6158781207597102,0.0721738255725885,0.04989379430275735
596,sample,497,15.990320387296379,0.96,0.6158781207597102,0.06935411659857121,0.05261029582916127
597,sample,498,15.835948997177184,0.96,0.6158781207597102,0.06948283201601559,0.053612722250460494
598,sample,499,16.206726303324103,0.96,0.6158781207597102,0.06965232812118316,0.053562467631140157
599,sample,500,15.64044039696455,0.96,0.6158781207597102,0.0698037993989671,0.05358561396672227
600,sample,501,15.921668391674757,0.96,0.6158781207597102,0.05871579120516883,0.049552387525992746
601,sample,502,15.958772826939821,0.96,0.6158781207597102,0.05871579120516883,0.049552387525992746
602,sample,503,16.196866234764457,0.96,0.6158781207597102,0.058719100122235676,0.04955402196614608
603,sample,504,16.12024785205722,0.96,0.6158781207597102,0.06708516662453523,0.13440299953370408
604,sample,505,16.415511495433748,0.96,0.6158781207597102,0.0671458917678976,0.13803346665139038
605,sample,506,16.408698624931276,0.96,0.6158781207597102,0.06696427713965458,0.13859119578693246
606,sample,507,16.277714172378182,0.96,0.6158781207597102,0.06688048125852092,0.1384046620924424
607,sample,508,16.121305485256016,0.96,0.6158781207597102,0.06701075437378219,0.13106185159138825
608,sample,509,16.272086144424975,0.96,0.6158781207597102,0.060681444347290094,0.13140064323675443
609,sample,510,16.238967017270625,0.96,0.6158781207597102,0.06065034842975324,0.13095909804678266
610,sample,511,16.23519200179726,0.96,0.6158781207597102,0.06156233897039014,0.1314030505935839
611,sample,512,16.288566691800952,0.96,0.6158781207597102,0.0614181190409481,0.13206223779128415
612,sample,513,16.20195541717112,0.96,0.6158781207597102,0.060906684058806,0.13162503588460672
613,sample,514,15.835394028574228,0.96,0.6158781207597102,0.06092121209611869,0.13200382243873543
614,sample,515,15.909221441484988,0.96,0.6158781207597102,0.061083195467961385,0.14252939237245374
615,sample,516,15.979298462159932,0.96,0.6158781207597102,0.0568826195598161,0.14297497696881536
616,sample,517,16.00288048852235,0.96,0.6158781207597102,0.05222858347130063,0.14313132384479652
617,sample,518,15.984288156963885,0.96,0.6158781207597102,0.05218828532653157,0.15046808677652868
618,sample,519,15.894149052910507,0.96,0.6158781207597102,0.052002874227950885,0.1499622156242516
619,sample,520,15.851105668582022,0.96,0.6158781207597102,0.052493274290479265,0.15145533755001267
620,sample,521,15.981223768554628,0.98,0.6158781207597102,0.05410334881247583,0.15150619865016163
621,sample,522,15.876189691014588,0.98,0.6158781207597102,0.053692190074326455,0.15182088669562302
622,sample,523,15.666748670861125,0.98,0.6158781207597102,0.05393277499487405,0.15109011715809875
623,sample,524,15.789780679158866,0.98,0.6158781207597102,0.05394709738262153,0.15165083481863587
624,sample,525,15.980105401948094,0.98,0.6158781207597102,0.0442983802230358,0.15145174778980036
625,sample,526,15.991077142767608,0.98,0.6158781207597102,0.03739208442202649,0.15260859836388949
626,sample,527,15.975020105950534,0.98,0.6158781207597102,0.029035720385322396,0.15267284007781348
627,sample,528,15.980989519506693,0.98,0.6158781207597102,0.029317463968261685,0.14353363113591328
628,sample,529,15.975784461945295,0.96,0.6158781207597102,0.029317463968261685,0.14353363113591328
629,sample,530,15.808677786961198,0.96,0.6158781207597102,0.04863646060537747,0.14659877189638335
630,sample,531,15.985807952471077,0.96,0.6158781207597102,0.04066036306443539,0.15312614440615321
631,sample,532,15.663753132335842,0.96,0.6158781207597102,0.04062048141920406,0.16275973382087403
632,sample,533,15.827616250142455,0.96,0.6158781207597102,0.04182016803791696,0.16423386404818946
633,sample,534,15.91550534684211,0.96,0.6158781207597102,0.041855948710276175,0.16526982148189462
634,sample,535,15.85888146609068,0.96,0.6158781207597102,0.04217992138854219,0.16525827083502487
635,sample,536,15.96933037508279,0.96,0.6158781207597102,0.041661008966369144,0.1652231562202894
636,sample,537,15.974266721867025,0.96,0.6158781207597102,0.04042907070307037,0.16478023294576552
637,sample,538,15.973066716454923,0.96,0.6158781207597102,0.04055573301366898,0.16606276507980647
638,sample,539,15.984463036060333,0.96,0.6158781207597102,0.03906446413619674,0.16340207015915967
639,sample,540,15.99094043020159,0.96,0.6158781207597102,0.04162279722854894,0.1634126175804847
640,sample,541,15.852389122359455,0.96,0.6158781207597102,0.03903809746915696,0.16416319839640264
641,sample,542,15.811463824473321,0.96,0.6158781207597102,0.041257622278196446,0.16420186003608453
642,sample,543,15.517860881052911,0.96,0.6158781207597102,0.041035832274995104,0.164209390634866
643,sample,544,15.586620950140059,0.96,0.6158781207597102,0.029781916542761702,0.16296258582127401
644,sample,545,15.578376650810242,0.96,0.6158781207597102,0.030356978073474587,0.1629820860724767
645,sample,546,15.812575686722994,0.96,0.6158781207597102,0.027990099164044546,0.16194812366747027
646,sample,547,15.805494773201644,0.96,0.6158781207597102,0.026649929829433535,0.16332732071151174
647,sample,548,15.811879327520728,0.96,0.6158781207597102,0.027550928835746634,0.1641511927902533
648,sample,549,15.662350554019213,0.96,0.6158781207597102,0.02973744068009724,0.15899656265014367
649,sample,550,15.853352157399058,0.96,0.6158781207597102,0.02943326398654639,0.1565030307185535
650,sample,551,15.124079185537994,0.96,0.6158781207597102,0.0287538912899145,0.156564508377453
651,sample,552,15.918408687226474,0.98,0.6158781207597102,0.03237738034552359,0.1663260012759833
652,sample,553,15.946538414806128,0.98,0.6158781207597102,0.03824707568530498,0.1662999418861093
653,sample,554,15.496047700755298,0.98,0.6158781207597102,0.0404341456552731,0.1663237403482436
654,sample,555,15.494008149951696,0.98,0.6158781207597102,0.040598417403982255,0.16634770736056906
655,sample,556,15.723462672904134,0.98,0.6158781207597102,0.03766139373987785,0.1644182875850651
656,sample,557,15.996290073730052,0.98,0.6158781207597102,0.04252181853216699,0.16261217243631562
657,sample,558,15.616622403264046,0.98,0.6158781207597102,0.04106746300661394,0.1723528526709102
658,sample,559,15.627528711222112,0.98,0.6158781207597102,0.04042228614783804,0.1723496475793754
659,sample,560,15.767916877754033,0.98,0.6158781207597102,0.050898498049062886,0.1718821630866226
660,sample,561,15.560884942300618,0.98,0.6158781207597102,0.051100864133306424,0.17292432036890515
661,sample,562,15.906176467426121,0.98,0.6158781207597102,0.050870184441626845,0.17318185721861099
662,sample,563,16.12780150771141,0.98,0.6158781207597102,0.05083040715253219,0.1708476063442353
663,sample,564,16.136690353043377,0.98,0.6158781207597102,0.05113825847959443,0.1291597685662052
664,sample,565,16.110237339511514,0.98,0.6158781207597102,0.05124101454534942,0.1295826869760736
665,sample,566,16.130394001491368,0.98,0.6158781207597102,0.05203713179864242,0.1291244541723087
666,sample,567,16.124423574656248,0.96,0.6158781207597102,0.05203713179864242,0.1291244541723087
667,sample,568,16.121302103623748,0.96,0.6158781207597102,0.053728903739369394,0.12495986467137155
668,sample,569,16.13089994713664,0.96,0.6158781207597102,0.04768772203864486,0.12497833046223902
669,sample,570,16.007573862560093,0.96,0.6158781207597102,0.05130718932376908,0.1249817337251653
670,sample,571,15.376203233376145,0.96,0.6158781207597102,0.05346276289315323,0.12448133398258544
671,sample,572,15.085052076727152,0.96,0.6158781207597102,0.055112968156421256,0.1239776946977467
672,sample,573,15.571716184727848,0.96,0.6158781207597102,0.05397753456273121,0.12351404250824731
673,sample,574,16.388034739531577,0.96,0.6158781207597102,0.04362779232505036,0.11644617668998859
674,sample,575,16.06942524947226,0.96,0.6158781207597102,0.04370261746758872,0.10755479595604264
675,sample,576,16.38430538214743,0.96,0.6158781207597102,0.04596136934279009,0.10798664049246251
676,sample,577,16.503239405341446,0.96,0.6158781207597102,0.046615448894624115,0.10760001419790308
677,sample,578,16.466965856961906,0.96,0.6158781207597102,0.05037757547640978,0.09799294550592323
678,sample,579,16.301350948400795,0.98,0.6158781207597102,0.03966171231319481,0.09761228901791029
679,sample,580,16.34121861681342,0.98,0.6158781207597102,0.04120039039394572,0.09808167149706906
680,sample,581,16.319202256388962,0.98,0.6158781207597102,0.039619427878565774,0.09849577027470584
681,sample,582,16.356127246282995,0.98,0.6158781207597102,0.03943835186473702,0.1059580480567951
682,sample,583,15.935633905231953,0.98,0.6158781207597102,0.036944275289339364,0.10651920883796921
683,sample,584,15.921596168540418,0.98,0.6158781207597102,0.03152923048577597,0.10620385896838143
684,sample,585,16.082971757277846,0.98,0.6158781207597102,0.027059308540322728,0.10653410964527076
685,sample,586,16.455612069927156,0.98,0.6158781207597102,0.027213206966441132,0.1161512591749866
686,sample,587,16.471865721978247,0.98,0.6158781207597102,0.02640305813422858,0.11669094907863188
687,sample,588,16.36438177432865,0.98,0.6158781207597102,0.024035319810368095,0.11615980762529932
688,sample,589,16.460307165049016,0.98,0.6158781207597102,0.019606394452803183,0.1053677108497025
689,sample,590,16.468706352636218,0.98,0.6158781207597102,0.023829963938935758,0.10506129220929974
690,sample,591,16.187454882077873,0.98,0.6158781207597102,0.02363495518596233,0.10547758626593973
691,sample,592,16.229264388792217,0.98,0.6158781207597102,0.03493961602661197,0.10588349493619285
692,sample,593,16.2214865796268,0.98,0.6158781207597102,0.033785035962065224,0.09848836208346648
693,sample,594,16.307374940253794,0.98,0.6158781207597102,0.033226752378506474,0.11826020831029706
694,sample,595,16.183108078315854,0.98,0.6158781207597102,0.0338970921710306,0.11842494938782856
695,sample,596,16.100454133935273,0.98,0.6158781207597102,0.031339844022798234,0.11835139819922023
696,sample,597,16.061548076570034,0.98,0.6158781207597102,0.03083065949372218,0.1188255484845362
697,sample,598,15.998429843224585,0.98,0.6158781207597102,0.03634873808863888,0.11874089377983203
698,sample,599,16.05965612642467,0.98,0.6158781207597102,0.03535024584894529,0.11990799351223871
699,sample,600,15.788417282514274,0.98,0.6158781207597102,0.04043861423884084,0.11963390896323559
700,sample,601,15.62046346720308,0.98,0.6158781207597102,0.04164827607582212,0.119617179395649
701,sample,602,16.330051380209625,0.98,0.6158781207597102,0.04176393555878204,0.119978505464603
702,sample,603,16.318038393743336,0.98,0.6158781207597102,0.04217240325708509,0.12286283747348406
703,sample,604,16.17032523266971,0.98,0.6158781207597102,0.04396176693209497,0.12288196816973995
704,sample,605,15.899202625267208,0.98,0.6158781207597102,0.044240352490882096,0.1224325725851597
705,sample,606,15.967471559531987,0.96,0.6158781207597102,0.044240352490882096,0.1224325725851597
706,sample,607,16.09347284026444,0.96,0.6158781207597102,0.04401982722913172,0.1236014910742555
707,sample,608,16.464692032895982,0.96,0.6158781207597102,0.043772197456947735,0.12362118427448004
708,sample,609,16.232310337014496,0.96,0.6158781207597102,0.044681890581624244,0.12342091248308733
709,sample,610,15.255606438033283,0.96,0.6158781207597102,0.03921343512844808,0.12364004847348747
710,sample,611,16.29551096074283,0.96,0.6158781207597102,0.039030230557807875,0.12377228081413913
711,sample,612,16.27024929318577,0.94,0.6158781207597102,0.039030230557807875,0.12377228081413913
712,sample,613,16.285098862834275,0.94,0.6158781207597102,0.039242638301167025,0.12327473428016295
713,sample,614,16.271267608739436,0.94,0.6158781207597102,0.03628591912720761,0.12277028697040224
714,sample,615,16.220340525731444,0.94,0.6158781207597102,0.03643213536458057,0.12245673425916828
715,sample,616,16.12972726020962,0.94,0.6158781207597102,0.036596963038732985,0.12296264196843824
716,sample,617,16.272256679832935,0.96,0.6158781207597102,0.03819327518957554,0.11181577584741163
717,sample,618,16.402438584715128,0.96,0.6158781207597102,0.0380530969409167,0.11144480632695712
718,sample,619,16.39971809834242,0.96,0.6158781207597102,0.03959663237515016,0.11146290013896233
719,sample,620,16.287201806902885,0.96,0.6158781207597102,0.040284643718956833,0.11179625139169652
720,sample,621,16.215576115995646,0.96,0.6158781207597102,0.04307079242369857,0.10396946800001657
721,sample,622,16.317316598258913,0.96,0.6158781207597102,0.03333727581096103,0.10387693425992281
722,sample,623,16.387601991184056,0.96,0.6158781207597102,0.034645508778679196,0.1019297128846876
723,sample,624,16.277392857708037,0.96,0.6158781207597102,0.03257980164471694,0.10165901969272594
724,sample,625,16.18936636298895,0.96,0.6158781207597102,0.02734327269729048,0.1339518707732822
725,sample,626,15.944124741479754,0.96,0.6158781207597102,0.028439673885498843,0.13420599752222068
726,sample,627,16.13809720892459,0.96,0.6158781207597102,0.02679798654659858,0.134481218953875
727,sample,628,16.432384382002056,0.96,0.6158781207597102,0.026569312432624947,0.13606112029686376
728,sample,629,16.105391380377114,0.96,0.6158781207597102,0.02888646342385086,0.13251419012685778
729,sample,630,16.12377360649407,0.96,0.6158781207597102,0.028388699791919256,0.13286038530805092
730,sample,631,16.231264886446297,0.96,0.6158781207597102,0.029227126491290466,0.13252265293300605
731,sample,632,16.11543001513928,0.96,0.6158781207597102,0.030714311479452788,0.13320382001405795
732,sample,633,16.47867374960333,0.96,0.6158781207597102,0.03193941485435129,0.1334456733943865
733,sample,634,16.533357583917677,0.96,0.6158781207597102,0.03208881082809858,0.14543511041878293
734,sample,635,16.406329612247646,0.94,0.6158781207597102,0.03208881082809858,0.14543511041878293
735,sample,636,16.021450062282383,0.94,0.6158781207597102,0.03166164363864213,0.14524996457460054
736,sample,637,16.364533779211342,0.94,0.6158781207597102,0.03130284328969885,0.14500970430118848
737,sample,638,16.311283193528652,0.94,0.6158781207597102,0.03264713721545452,0.1459004887962486
738,sample,639,16.308468121103942,0.94,0.6158781207597102,0.0331017384992188,0.1472185273148273
739,sample,640,16.20133671257645,0.94,0.6158781207597102,0.03263854353305384,0.13992022297562753
740,sample,641,16.217965164221823,0.94,0.6158781207597102,0.03567374957397659,0.13245518476571322
741,sample,642,15.79802486486733,0.94,0.6158781207597102,0.03613899761055022,0.13208919025294108
742,sample,643,16.067413862794638,0.94,0.6158781207597102,0.03681213301211692,0.1319122625337164
743,sample,644,15.907256075181067,0.94,0.6158781207597102,0.03809321763502359,0.13171479579105644
744,sample,645,16.29227227717638,0.94,0.6158781207597102,0.03865172499187156,0.13128137189271108
745,sample,646,16.481958602555096,0.94,0.6158781207597102,0.03702147048880912,0.12975446025335124
746,sample,647,16.30982150696218,0.94,0.6158781207597102,0.039964999340024954,0.13005741905299417
747,sample,648,16.099709236063063,0.94,0.6158781207597102,0.03995102493675813,0.1297779458645395
748,sample,649,15.94890388008207,0.94,0.6158781207597102,0.04055724651735736,0.10001313480854858
749,sample,650,16.27942999266088,0.94,0.6158781207597102,0.04301399373242425,0.10056097926759906
750,sample,651,16.08670796547085,0.94,0.6158781207597102,0.0430071159712834,0.10082083406329224
751,sample,652,15.76161662209779,0.94,0.6158781207597102,0.04339823920676432,0.10033762235816493
752,sample,653,16.39829956367612,0.94,0.6158781207597102,0.043438156296738216,0.09991067089263128
753,sample,654,16.079620893113315,0.94,0.6158781207597102,0.042714493478171967,0.10016963109223945
754,sample,655,16.09742140956223,0.94,0.6158781207597102,0.035355446852014596,0.1246914995453365
755,sample,656,16.291834664531052,0.96,0.6158781207597102,0.03508068813245623,0.12454365871010178
756,sample,657,16.028394751250744,0.96,0.6158781207597102,0.03019176085192204,0.12126417303379898
757,sample,658,16.010158708319068,0.96,0.6158781207597102,0.03935307086015361,0.12487271663019286
758,sample,659,15.952497884631157,0.96,0.6158781207597102,0.0407995760664444,0.12526996179644545
759,sample,660,16.331848221831024,0.96,0.6158781207597102,0.04094483190367642,0.12567688750091696
760,sample,661,16.153591237030923,0.96,0.6158781207597102,0.041539151474744684,0.1256592918683354
761,sample,662,16.031834962777793,0.98,0.6158781207597102,0.041696531544018235,0.12913762893537872
762,sample,663,16.276337701827288,0.98,0.6158781207597102,0.04131598294015606,0.1295987642220803
763,sample,664,16.08389271516353,0.98,0.6158781207597102,0.03860485880979188,0.13005219994114653
764,sample,665,16.229876713827252,0.98,0.6158781207597102,0.03725850245080577,0.13034050662463567
765,sample,666,16.032314968295395,0.98,0.6158781207597102,0.04394267826702077,0.1301839992301045
766,sample,667,16.039477810263634,0.98,0.6158781207597102,0.043970171739161616,0.12995091248070442
767,sample,668,16.340872161090374,0.98,0.6158781207597102,0.044722962730337476,0.13039229221473603
768,sample,669,16.341366513632238,0.98,0.6158781207597102,0.04596889594415645,0.1306696706018044
769,sample,670,16.137443263083696,0.98,0.6158781207597102,0.04365176766583967,0.1308710290764148
770,sample,671,16.325258041732013,0.98,0.6158781207597102,0.042521721159536924,0.13049465827510293
771,sample,672,16.036127124913037,0.98,0.6158781207597102,0.04262321057845233,0.1302568546261471
772,sample,673,15.828950056806207,0.98,0.6158781207597102,0.042603712411721124,0.13034212690420377
773,sample,674,15.73562981467694,0.98,0.6158781207597102,0.04300355670382433,0.1307549269893488
774,sample,675,16.01136181037873,0.98,0.6158781207597102,0.04172498059777834,0.1310972376559428
775,sample,676,16.007863228209317,0.98,0.6158781207597102,0.047089006141574935,0.130724458240025
776,sample,677,16.01651960518211,0.98,0.6158781207597102,0.0484031703775778,0.11792530867834117
777,sample,678,15.995503545738757,0.98,0.6158781207597102,0.0435783017962076,0.11741934838719593
778,sample,679,16.05804521869868,0.98,0.6158781207597102,0.041805322200181454,0.11698085172435164
779,sample,680,15.879821500740945,0.98,0.6158781207597102,0.04216365835910892,0.11746439620994927
780,sample,681,16.023782892152667,0.98,0.6158781207597102,0.04282021060588738,0.10200856887999728
781,sample,682,16.028916217386723,0.98,0.6158781207597102,0.04240080672585446,0.1025626900035386
782,sample,683,16.021910819225013,0.98,0.6158781207597102,0.041416544353611404,0.10389630526917053
783,sample,684,15.951344083063304,0.98,0.6158781207597102,0.04043976329296387,0.1005680963002146
784,sample,685,16.0329446522519,1.0,0.6158781207597102,0.04070470107139619,0.10992549525135756
785,sample,686,16.013647202402353,1.0,0.6158781207597102,0.04125318622653694,0.10950948536390574
786,sample,687,15.835440587252378,1.0,0.6158781207597102,0.03772559825645686,0.09468616169230804
787,sample,688,15.438895113766193,1.0,0.6158781207597102,0.03677056458799291,0.0951908816102822
788,sample,689,14.954185109585524,1.0,0.6158781207597102,0.03652945497433862,0.09635575560755172
789,sample,690,15.067839573137462,1.0,0.6158781207597102,0.03743058572090461,0.09102577070030965
790,sample,691,15.440827805548906,0.98,0.6158781207597102,0.03743058572090461,0.09102577070030965
791,sample,692,15.71332410722971,0.98,0.6158781207597102,0.03681204129125153,0.09534289582455308
792,sample,693,15.760343025438488,0.98,0.6158781207597102,0.0366847833299916,0.09577910692614153
793,sample,694,15.602030666545033,0.98,0.6158781207597102,0.034354291928196654,0.09547159174791284
794,sample,695,15.8301743241027,0.98,0.6158781207597102,0.031239048059568536,0.095139586922181
795,sample,696,15.927832593210042,0.98,0.6158781207597102,0.030154809020810813,0.09463326244940361
796,sample,697,15.95072616264224,0.98,0.6158781207597102,0.032341994274586484,0.09667707173233635
797,sample,698,16.013106840662658,0.98,0.6158781207597102,0.031611931986781625,0.09615515364887181
798,sample,699,15.927130735479295,0.98,0.6158781207597102,0.03252686698623309,0.09671817632948765
799,sample,700,16.089309323579073,0.98,0.6158781207597102,0.03271364581716697,0.09624542060006315
800,sample,701,16.123035483062267,0.96,0.6158781207597102,0.03271364581716697,0.09624542060006315
801,sample,702,16.11857380811125,0.96,0.6158781207597102,0.051308571843536724,0.09595923121073091
802,sample,703,16.12455944903195,0.96,0.6158781207597102,0.05147145111036598,0.09140808232011509
803,sample,704,16.191746992059052,0.96,0.6158781207597102,0.05218270043634609,0.09125291950607711
804,sample,705,15.944151730276644,0.96,0.6158781207597102,0.05214804395492937,0.09135697312771145
805,sample,706,16.193815304897726,0.96,0.6158781207597102,0.05352835499213209,0.0987236596615235
806,sample,707,16.000095278024673,0.94,0.6158781207597102,0.05352835499213209,0.0987236596615235
807,sample,708,16.030525733716786,0.94,0.6158781207597102,0.05448907800492429,0.09845293354949658
808,sample,709,15.993835077621043,0.94,0.6158781207597102,0.05369038085708318,0.09803404621704355
809,sample,710,16.06202231440693,0.94,0.6158781207597102,0.05355593436175012,0.09770314135701111
810,sample,711,16.170079553499818,0.94,0.6158781207597102,0.054619283217684604,0.09753639975561194
811,sample,712,16.07306939084083,0.94,0.6158781207597102,0.054661562631619975,0.09706495568327766
812,sample,713,15.784914993681014,0.94,0.6158781207597102,0.05403736509665773,0.09687410749705308
813,sample,714,16.18468576297164,0.94,0.6158781207597102,0.05391419315352997,0.09664818100937872
814,sample,715,15.816221226006746,0.94,0.6158781207597102,0.05495690260223042,0.09713012820968604
815,sample,716,15.639573943801224,0.94,0.6158781207597102,0.05478955378262543,0.09577379495237044
816,sample,717,15.629085168242455,0.94,0.6158781207597102,0.062032282568783785,0.09597588779056865
817,sample,718,16.024598320946097,0.94,0.6158781207597102,0.0626296860434312,0.09630004556911705
818,sample,719,15.971027649007738,0.94,0.6158781207597102,0.062491491895869264,0.09458460849253594
819,sample,720,15.327770561911166,0.94,0.6158781207597102,0.06247071763050982,0.09408661033421854
820,sample,721,15.075730649754405,0.94,0.6158781207597102,0.062420558236954936,0.09459499397571354
821,sample,722,15.83397392835468,0.94,0.6158781207597102,0.05607149264162462,0.09408822174516956
822,sample,723,15.902389361523092,0.94,0.6158781207597102,0.056052030505155975,0.0918496016698573
823,sample,724,16.164128622040153,0.94,0.6158781207597102,0.053861931484245194,0.08790051414269205
824,sample,725,16.002040485851467,0.94,0.6158781207597102,0.05392272558035302,0.08799598983232822
825,sample,726,15.941235445439816,0.94,0.6158781207597102,0.04208313930058918,0.08806704079305851
826,sample,727,15.854245471768081,0.94,0.6158781207597102,0.0418707454665468,0.08775182241149054
827,sample,728,16.046764340251684,0.94,0.6158781207597102,0.04186897702772365,0.087906145452919
828,sample,729,16.05940036009997,0.94,0.6158781207597102,0.0755657196499046,0.08828586455460008
829,sample,730,15.944549456238747,0.94,0.6158781207597102,0.07537365011499848,0.09172819704783268
830,sample,731,16.04279730003327,0.94,0.6158781207597102,0.07575701829506573,0.09025546732218304
831,sample,732,16.167120815254748,0.94,0.6158781207597102,0.07562086190652291,0.0898446609519498
832,sample,733,16.09297745488584,0.94,0.6158781207597102,0.07580157814263287,0.08942341955027697
833,sample,734,16.305481274612248,0.94,0.6158781207597102,0.07590716887184323,0.08902633828718372
834,sample,735,15.713220345787704,0.94,0.6158781207597102,0.07258140822777494,0.09924212774267088
835,sample,736,14.965088464319706,0.94,0.6158781207597102,0.06294190313245676,0.09964435393384818
836,sample,737,15.270940379239619,0.94,0.6158781207597102,0.06309601907140254,0.09435274339036545
837,sample,738,15.767007476650178,0.94,0.6158781207597102,0.062255427001346494,0.09457189882759952
838,sample,739,16.22595266252756,0.94,0.6158781207597102,0.06222667519497895,0.0941068317261687
839,sample,740,16.124917808920145,0.94,0.6158781207597102,0.062225103288976014,0.09452111114267284
840,sample,741,16.382946906611323,0.96,0.6158781207597102,0.06227117527190818,0.09497123195711084
841,sample,742,15.794608056545258,0.96,0.6158781207597102,0.06223677242948525,0.09513785319348346
842,sample,743,15.963942401111126,0.96,0.6158781207597102,0.0629720806255226,0.1004629571458535
843,sample,744,16.046830519102514,0.96,0.6158781207597102,0.06303916508053875,0.10046355692866878
844,sample,745,15.70468104351312,0.96,0.6158781207597102,0.06134148794470685,0.09395557161302275
845,sample,746,16.070224133320153,0.96,0.6158781207597102,0.06138344696130989,0.10150632392762374
846,sample,747,16.3314240090549,0.96,0.6158781207597102,0.060060469912879576,0.10199785124317044
847,sample,748,16.11403544433415,0.96,0.6158781207597102,0.06007962471961525,0.09599511127198096
848,sample,749,16.03876220341772,0.96,0.6158781207597102,0.06008502708511999,0.09608681440562415
849,sample,750,16.12027645483613,0.96,0.6158781207597102,0.03592258243068784,0.09653739956753259
850,sample,751,16.0139812650159,0.98,0.6158781207597102,0.04031289992091353,0.0979962938249969
851,sample,752,15.815208351239562,0.98,0.6158781207597102,0.039696237351260245,0.09690768479079406
852,sample,753,15.690729060210288,0.98,0.6158781207597102,0.031590850520664765,0.09697707660824949
853,sample,754,15.654663021676242,0.98,0.6158781207597102,0.029435524230301525,0.09735532504486508
854,sample,755,15.628493295051157,0.98,0.6158781207597102,0.030543554397875494,0.14797387291521047
855,sample,756,15.797132623381913,0.98,0.6158781207597102,0.029414512543966112,0.14797203404788187
856,sample,757,15.776787377893925,1.0,0.6158781207597102,0.03188118167913755,0.13954828160619154
857,sample,758,15.747074093669653,1.0,0.6158781207597102,0.032778927151705245,0.1428955312062825
858,sample,759,15.739551800303161,1.0,0.6158781207597102,0.03526754637433789,0.14320124612818555
859,sample,760,15.78258468862623,1.0,0.6158781207597102,0.035015770312905564,0.14295611559046315
860,sample,761,15.768829869106412,1.0,0.6158781207597102,0.035262496986221026,0.1427912436910461
861,sample,762,15.77951764408499,1.0,0.6158781207597102,0.03735135338842147,0.14153324307056533
862,sample,763,15.887685440480709,1.0,0.6158781207597102,0.03091726111757576,0.13987247377570666
863,sample,764,15.94343629386276,1.0,0.6158781207597102,0.03355460694572818,0.1376270663160151
864,sample,765,15.843523483723402,1.0,0.6158781207597102,0.03464630043382473,0.13799628544239706
865,sample,766,15.600734861567616,1.0,0.6158781207597102,0.05097850582934331,0.14019598586930296
866,sample,767,15.272173337638378,1.0,0.6158781207597102,0.051219060220957506,0.14445477403329682
867,sample,768,16.12908651214093,1.0,0.6158781207597102,0.05176772454394444,0.1443318370109137
868,sample,769,15.559296811930835,1.0,0.6158781207597102,0.05077519022080628,0.14422368111247952
869,sample,770,15.536190502345562,1.0,0.6158781207597102,0.05365424481216091,0.1764866785263501
870,sample,771,15.046138904057443,1.0,0.6158781207597102,0.051798436004830695,0.17620937987163848
871,sample,772,14.88431494217366,1.0,0.6158781207597102,0.05136644254346595,0.176299138163667
872,sample,773,15.171992851421237,1.0,0.6158781207597102,0.0545549391768394,0.17790005868999942
873,sample,774,15.290949915535748,1.0,0.6158781207597102,0.05458652596061081,0.1796790438015631
874,sample,775,15.320753192529082,1.0,0.6158781207597102,0.05470373418507566,0.17933606422131743
875,sample,776,15.128843902610242,1.0,0.6158781207597102,0.05449958533896686,0.18454373514204528
876,sample,777,15.48959844559431,1.0,0.6158781207597102,0.05087100009479585,0.1890804846501959
877,sample,778,15.082506269216537,1.0,0.6158781207597102,0.05073621103731026,0.19358775819905366
878,sample,779,15.009242960251868,1.0,0.6158781207597102,0.05060532075171415,0.1935582057554201
879,sample,780,15.02999753691256,1.0,0.6158781207597102,0.05007532948974222,0.1729736827778337
880,sample,781,15.128551759757102,1.0,0.6158781207597102,0.04951065817521765,0.17170330070838882
881,sample,782,15.424882594496012,1.0,0.6158781207597102,0.05308020012343275,0.17168329004296884
882,sample,783,15.543623514473438,1.0,0.6158781207597102,0.052512839109091415,0.13428007109472123
883,sample,784,15.363029380328953,1.0,0.6158781207597102,0.0518675118715837,0.11550714694309461
884,sample,785,15.507407881319523,1.0,0.6158781207597102,0.051891869028761396,0.11600415643067398
885,sample,786,15.687044457532465,1.0,0.6158781207597102,0.0531690420540506,0.1165509771431076
886,sample,787,15.788366189226508,1.0,0.6158781207597102,0.05284265600463154,0.1170836244373242
887,sample,788,15.436586602590978,1.0,0.6158781207597102,0.0535611847776928,0.1172919841953835
888,sample,789,15.379779929295182,1.0,0.6158781207597102,0.040487234159621376,0.11765650596074018
889,sample,790,15.676221827045083,1.0,0.6158781207597102,0.04138631565630787,0.11713681943026485
890,sample,791,15.677599814720452,1.0,0.6158781207597102,0.039923109454247166,0.11659093325124407
891,sample,792,15.59543362352997,1.0,0.6158781207597102,0.03922234076372312,0.1171174458898041
892,sample,793,15.499049926176667,0.98,0.6158781207597102,0.03922234076372312,0.1171174458898041
893,sample,794,15.555277206934988,0.98,0.6158781207597102,0.037253144007899266,0.11731121304722515
894,sample,795,15.348952054977417,0.98,0.6158781207597102,0.0388172155381258,0.11768084492482103
895,sample,796,15.235896419733763,0.98,0.6158781207597102,0.041426658014520154,0.11775099878652229
896,sample,797,15.467521423473954,0.98,0.6158781207597102,0.04140293917036514,0.1176089157347435
897,sample,798,15.766449503600597,0.98,0.6158781207597102,0.04126834351590573,0.11719046537571158
898,sample,799,15.794518953189254,0.98,0.6158781207597102,0.042033190855789666,0.11754181299632432
899,sample,800,16.01596548128873,0.96,0.6158781207597102,0.042033190855789666,0.11754181299632432
900,sample,801,16.321029885672033,0.96,0.6158781207597102,0.04472961803190613,0.11699723662488533
901,sample,802,16.31253824196756,0.96,0.6158781207597102,0.04484543996412044,0.117478413679136
902,sample,803,16.213557586073875,0.96,0.6158781207597102,0.04468014815847847,0.11740638473012802
903,sample,804,15.93089837487787,0.96,0.6158781207597102,0.04441330728977152,0.11920356459308037
904,sample,805,15.999921046197414,0.96,0.6158781207597102,0.04365991331657706,0.12357834258465505
905,sample,806,15.835820035077631,0.96,0.6158781207597102,0.044103503413421584,0.12392066064123307
906,sample,807,15.731473793275654,0.96,0.6158781207597102,0.04388858496326131,0.12428558504396386
907,sample,808,16.026777865365148,0.96,0.6158781207597102,0.04409448115361043,0.12744552674232326
908,sample,809,15.977777879685163,0.96,0.6158781207597102,0.06501312159928173,0.12704505622578433
909,sample,810,15.879126511514187,0.96,0.6158781207597102,0.06505833032230744,0.12624075589069889
910,sample,811,15.78131055738777,0.94,0.6158781207597102,0.06505833032230744,0.12624075589069889
911,sample,812,16.012383272871375,0.94,0.6158781207597102,0.06505075811428099,0.1261149856691631
912,sample,813,16.10875821299851,0.94,0.6158781207597102,0.06504452139212849,0.12614560304807296
913,sample,814,15.724864617921412,0.94,0.6158781207597102,0.06499111453318018,0.12662637264510263
914,sample,815,15.238006399944425,0.94,0.6158781207597102,0.06508903358051528,0.12702449927195625
915,sample,816,15.128299330361187,0.94,0.6158781207597102,0.060413440238374756,0.12739161133445775
916,sample,817,15.379821512848139,0.94,0.6158781207597102,0.06044381384117214,0.1271802043863077
917,sample,818,15.641612350940704,0.94,0.6158781207597102,0.06325026316517177,0.11879602582625239
918,sample,819,15.870415582321584,0.94,0.6158781207597102,0.06372442323709733,0.11834615278674925
919,sample,820,15.534191031008959,0.94,0.6158781207597102,0.06101524125025456,0.11886395271097584
920,sample,821,15.848892028443515,0.94,0.6158781207597102,0.06175427326231816,0.11932459370181808
921,sample,822,15.171327316202223,0.94,0.6158781207597102,0.06183579315014612,0.14626086745048603
922,sample,823,15.588804960250854,0.94,0.6158781207597102,0.06163933323956617,0.14507298231933724
923,sample,824,15.930074444040656,0.94,0.6158781207597102,0.07195402188486912,0.1435409476297273
924,sample,825,15.860229710116982,0.94,0.6158781207597102,0.07135254090295107,0.1425436295697936
925,sample,826,15.992500967346132,0.94,0.6158781207597102,0.07130851303123413,0.13738262675283042
926,sample,827,16.066666029393673,0.94,0.6158781207597102,0.07069690286289977,0.13701090930294751
927,sample,828,16.011426991783082,0.94,0.6158781207597102,0.07072995252124728,0.1370321447997421
928,sample,829,15.907369662076235,0.94,0.6158781207597102,0.06899130506699785,0.1311966957424396
929,sample,830,15.824593918398023,0.94,0.6158781207597102,0.06908813074157269,0.13161699497804735
930,sample,831,16.01388875953853,0.94,0.6158781207597102,0.06925626067721655,0.13117621226825638
931,sample,832,15.761082134209573,0.94,0.6158781207597102,0.06909194047455483,0.13121982927838305
932,sample,833,15.825321865268052,0.94,0.6158781207597102,0.07259626524071866,0.13122247655900682
933,sample,834,15.732172172516584,0.94,0.6158781207597102,0.07240701265858043,0.13136362401282203
934,sample,835,15.651133053936064,0.94,0.6158781207597102,0.07219320636796452,0.12873421873269741
935,sample,836,15.900019732303917,0.94,0.6158781207597102,0.07241124491691892,0.1138686111832597
936,sample,837,16.079020041041076,0.94,0.6158781207597102,0.08718430013736109,0.1139595096083865
937,sample,838,16.03038679342717,0.94,0.6158781207597102,0.08261813899371928,0.12019931463696336
938,sample,839,15.97383336815983,0.94,0.6158781207597102,0.08477946954068141,0.1207166966925833
939,sample,840,16.02495515346527,0.94,0.6158781207597102,0.08438197729521774,0.12107707610907528
940,sample,841,16.078342084772885,0.92,0.6158781207597102,0.08438197729521774,0.12107707610907528
941,sample,842,16.195323907770216,0.92,0.6158781207597102,0.0961006782204329,0.12290813795944143
942,sample,843,16.07822174578905,0.94,0.6158781207597102,0.09577857323001024,0.12336956685211634
943,sample,844,16.27747397031635,0.94,0.6158781207597102,0.09575060003198409,0.12498328757972774
944,sample,845,16.072363037616014,0.94,0.6158781207597102,0.09621068046364367,0.12547658016442215
945,sample,846,15.618206150829792,0.92,0.6158781207597102,0.09621068046364367,0.12547658016442215
946,sample,847,15.738622651435435,0.92,0.6158781207597102,0.09717167202971963,0.1258522953483977
947,sample,848,15.979769755154848,0.92,0.6158781207597102,0.09710476681787354,0.1303181651917275
948,sample,849,15.796585327014327,0.92,0.6158781207597102,0.09673186618893839,0.137051084351552
949,sample,850,15.501756918616593,0.94,0.6158781207597102,0.09635285663465631,0.1395516666865852
950,sample,851,15.958534544333816,0.94,0.6158781207597102,0.09688081242884461,0.13961528163321685
951,sample,852,16.06071408931166,0.94,0.6158781207597102,0.09698298252779501,0.13982508470425625
952,sample,853,15.720158813521266,0.94,0.6158781207597102,0.09925991208205544,0.14015321837516492
953,sample,854,15.68280257564038,0.94,0.6158781207597102,0.08644108535043671,0.1395339615080643
954,sample,855,15.721429656259716,0.94,0.6158781207597102,0.08600968519854126,0.13938786482803753
955,sample,856,15.80477751698345,0.94,0.6158781207597102,0.08606172105129425,0.13957165956961876
956,sample,857,15.669080567546189,0.94,0.6158781207597102,0.08642621429746233,0.12444547036116761
957,sample,858,16.15058655012399,0.94,0.6158781207597102,0.08597355401852586,0.12488320761194677
958,sample,859,16.231720090843737,0.94,0.6158781207597102,0.08592957458052145,0.12547739139218303
959,sample,860,16.097944972105324,0.94,0.6158781207597102,0.08566853858295047,0.1257529886693521
960,sample,861,15.886448048986495,0.96,0.6158781207597102,0.09219469468229208,0.11545198518358864
961,sample,862,16.095828310586512,0.96,0.6158781207597102,0.09193631545259048,0.11546558515340784
962,sample,863,16.038887324742973,0.96,0.6158781207597102,0.0856216406366405,0.11409255552511474
963,sample,864,16.215470942668617,0.96,0.6158781207597102,0.08544191391616078,0.11396074922109818
964,sample,865,15.94584980700165,0.96,0.6158781207597102,0.08557967354525242,0.11448515286577614
965,sample,866,16.085917313583195,0.96,0.6158781207597102,0.08814464317231464,0.11491184390033829
966,sample,867,15.632541644386947,0.96,0.6158781207597102,0.08824555340073019,0.1143594245947419
967,sample,868,15.763767183758318,0.96,0.6158781207597102,0.0900540494188755,0.13397419342521052
968,sample,869,15.89383927732706,0.96,0.6158781207597102,0.08933907803258188,0.11902150784026085
969,sample,870,16.209497982636094,0.96,0.6158781207597102,0.08922661420967515,0.12105136556851034
970,sample,871,16.358271714299917,0.96,0.6158781207597102,0.08886020481380491,0.12054317912159772
971,sample,872,16.272948080673814,0.96,0.6158781207597102,0.08846707990592229,0.12055449055605476
972,sample,873,15.896893872879446,0.94,0.6158781207597102,0.08846707990592229,0.12055449055605476
973,sample,874,15.830822528339922,0.92,0.6158781207597102,0.08846707990592229,0.12055449055605476
974,sample,875,15.900945097208023,0.92,0.6158781207597102,0.0881126432778277,0.12067973761122111
975,sample,876,15.658841951750219,0.92,0.6158781207597102,0.08767450710353519,0.13413942013749924
976,sample,877,16.169446108862758,0.92,0.6158781207597102,0.08170540345075902,0.13394532102661544
977,sample,878,15.844289548695087,0.92,0.6158781207597102,0.08165863556157142,0.13206126118153294
978,sample,879,16.196048098616302,0.92,0.6158781207597102,0.11969728711822755,0.13381885254010006
979,sample,880,16.312648558057845,0.92,0.6158781207597102,0.12003650521933253,0.13343000123958382
980,sample,881,16.428095273673534,0.92,0.6158781207597102,0.14394566490793384,0.13331228914862983
981,sample,882,16.361254732124507,0.92,0.6158781207597102,0.14455742363423738,0.12757373772785835
982,sample,883,16.221802830696106,0.92,0.6158781207597102,0.1448346896610419,0.12342729239355116
983,sample,884,15.995076232589781,0.92,0.6158781207597102,0.14466880099646232,0.11143440881688975
984,sample,885,16.164933753199875,0.92,0.6158781207597102,0.14470145667583525,0.11217014523658653
985,sample,886,16.22085460834205,0.92,0.6158781207597102,0.1444849333664634,0.11234247848049797
986,sample,887,16.073453132994473,0.92,0.6158781207597102,0.15472714633122375,0.11227743099726739
987,sample,888,16.010571671649814,0.92,0.6158781207597102,0.15467343041500559,0.11177465326363249
988,sample,889,15.984965828247368,0.92,0.6158781207597102,0.15452534374751692,0.11128446317550991
989,sample,890,16.137469854205847,0.92,0.6158781207597102,0.1512437157206422,0.11128743571533921
990,sample,891,16.330461327917874,0.94,0.6158781207597102,0.15346776536926277,0.11138010497839346
991,sample,892,16.284632332623005,0.94,0.6158781207597102,0.1535117063345252,0.12206681737362012
992,sample,893,16.329106505960226,0.94,0.6158781207597102,0.15748818229883463,0.12194637811147072
993,sample,894,16.03054028749466,0.94,0.6158781207597102,0.15795536435986968,0.12142515826039244
994,sample,895,16.07541365455836,0.94,0.6158781207597102,0.15974524879848012,0.10217209506599631
995,sample,896,15.961207718588412,0.96,0.6158781207597102,0.17444002569311817,0.10199537787499417
996,sample,897,16.320094141177833,0.96,0.6158781207597102,0.17370746276082205,0.09727408171300823
997,sample,898,16.140023131854832,0.96,0.6158781207597102,0.17377405412486563,0.1002491008486201
998,sample,899,16.115477742627263,0.96,0.6158781207597102,0.17383709508932596,0.09970765533339128
999,sample,900,16.124519361183047,0.96,0.6158781207597102,0.17854423545005493,0.0999624145504247
1000,sample,901,15.764666991308331,0.96,0.6158781207597102,0.18647727609982317,0.08847192354437147
1001,sample,902,15.526330198161304,0.96,0.6158781207597102,0.1918172969379866,0.08833132788819302
1002,sample,903,15.340220529586077,0.94,0.6158781207597102,0.1918172969379866,0.08833132788819302
1003,sample,904,15.224100842140615,0.94,0.6158781207597102,0.19223006956347766,0.0879214800096867
1004,sample,905,15.231049293652177,0.94,0.6158781207597102,0.19135175254068915,0.08812497866066607
1005,sample,906,15.519677123054862,0.94,0.6158781207597102,0.19108907038557413,0.08792521437551382
1006,sample,907,14.902526409365237,0.94,0.6158781207597102,0.15395600040912466,0.07698300163957018
1007,sample,908,15.502199803479016,0.94,0.6158781207597102,0.14650402598389425,0.07655776914462736
1008,sample,909,15.64914030302316,0.94,0.6158781207597102,0.14835916216150538,0.07650549508004066
1009,sample,910,15.883057811297476,0.92,0.6158781207597102,0.14835916216150538,0.07650549508004066
1010,sample,911,16.117808011360466,0.92,0.6158781207597102,0.14981166465611861,0.07952393482347263
1011,sample,912,16.288594350218773,0.92,0.6158781207597102,0.16637264211778063,0.08160950369640076
1012,sample,913,16.23363443184644,0.92,0.6158781207597102,0.1608495301355694,0.08152378211133958
1013,sample,914,15.882255538366735,0.92,0.6158781207597102,0.1411426203042846,0.08116011087624646
1014,sample,915,15.943814342841506,0.92,0.6158781207597102,0.13819518316194002,0.08135752860639936
1015,sample,916,16.32658519409597,0.92,0.6158781207597102,0.1378315696626998,0.08113436450627501
1016,sample,917,16.341719407588243,0.92,0.6158781207597102,0.13794826807088068,0.08504135147848657
1017,sample,918,16.218141918070614,0.92,0.6158781207597102,0.13783741557572243,0.08462715039795701
1018,sample,919,15.981230803765357,0.92,0.6158781207597102,0.13819681324228464,0.08376202691466125
1019,sample,920,15.748169203288853,0.92,0.6158781207597102,0.14206007695815576,0.08360702054035728
1020,sample,921,16.05947378836572,0.92,0.6158781207597102,0.14182225460028466,0.08340307849016455
1021,sample,922,16.03971331845969,0.92,0.6158781207597102,0.14191307733705485,0.09126926662053783
1022,sample,923,16.008789814077318,0.94,0.6158781207597102,0.13136147514702176,0.0913757972612673
1023,sample,924,15.794501079246402,0.96,0.6158781207597102,0.13123368003915553,0.09096995292705622
1024,sample,925,15.902948776260018,0.96,0.6158781207597102,0.13128177109165598,0.09117190667971843
1025,sample,926,16.08364152163267,0.96,0.6158781207597102,0.13273618805590562,0.09315986273866846
1026,sample,927,15.826955327764153,0.96,0.6158781207597102,0.13298136903638405,0.09268231136035357
1027,sample,928,15.93866465240717,0.96,0.6158781207597102,0.1316523390898404,0.08346749207149332
1028,sample,929,16.13888292759657,0.96,0.6158781207597102,0.1368516355289013,0.08365031511061315
1029,sample,930,16.278400930576026,0.96,0.6158781207597102,0.1389388214685989,0.08345779215619256
1030,sample,931,16.343368999660015,0.96,0.6158781207597102,0.14043828769347427,0.08336424685620623
1031,sample,932,16.34177067410201,0.96,0.6158781207597102,0.140165746502064,0.08377912268923529
1032,sample,933,16.328656369820237,0.96,0.6158781207597102,0.1404040523363459,0.08337986392801643
1033,sample,934,16.164098657667637,0.96,0.6158781207597102,0.11934470204996778,0.09252213100909219
1034,sample,935,16.193848986178637,0.96,0.6158781207597102,0.12386757192189872,0.09256192990506501
1035,sample,936,16.127481035888195,0.96,0.6158781207597102,0.12337708718357349,0.09296287297642025
1036,sample,937,15.966681241989136,0.96,0.6158781207597102,0.12346803243912574,0.09341214972626506
1037,sample,938,15.857650274410844,0.96,0.6158781207597102,0.12300622811759848,0.09390841767751076
1038,sample,939,15.756964501924813,0.96,0.6158781207597102,0.12280944111734196,0.09408047729426469
1039,sample,940,16.198016964830458,0.96,0.6158781207597102,0.12326473235625802,0.09398399353704774
1040,sample,941,16.186276947148144,0.96,0.6158781207597102,0.12303197131659067,0.0934802823954622
1041,sample,942,16.154047365300357,0.96,0.6158781207597102,0.11188005378454653,0.0982900751298842
1042,sample,943,16.32776840031147,0.96,0.6158781207597102,0.11216418945519724,0.0978448930425223
1043,sample,944,16.100322546437383,0.96,0.6158781207597102,0.11219035742217667,0.09294745960535986
1044,sample,945,15.531984734348953,0.96,0.6158781207597102,0.11070948710146458,0.09338851359601773
1045,sample,946,15.85928903799504,0.96,0.6158781207597102,0.11043161267122699,0.09369623449570247
1046,sample,947,16.103136031888425,0.96,0.6158781207597102,0.11097147093171758,0.09355022044245596
1047,sample,948,16.24939341004938,0.96,0.6158781207597102,0.11086566313789313,0.09307201048126586
1048,sample,949,15.586729045026004,0.96,0.6158781207597102,0.11219658593979419,0.09278901361340666
1049,sample,950,16.081384188495576,0.96,0.6158781207597102,0.11164896183183652,0.0889586911969875
1050,sample,951,14.915395609103143,0.96,0.6158781207597102,0.11109969966050859,0.08850077021772323
1051,sample,952,15.704908231273293,0.96,0.6158781207597102,0.1115760886658343,0.07004175592552384
1052,sample,953,15.512568617239594,0.98,0.6158781207597102,0.11115473229322885,0.07022854555273174
1053,sample,954,15.335545737296343,0.98,0.6158781207597102,0.11070970047486406,0.06403168250724886
1054,sample,955,15.62374109402299,0.98,0.6158781207597102,0.11019594991506748,0.06364039036435089
1055,sample,956,16.067852072417736,0.98,0.6158781207597102,0.10999454764987582,0.06365478222460677
1056,sample,957,16.051074952818453,0.98,0.6158781207597102,0.11380041022528836,0.0637128622164336
1057,sample,958,16.017279884777963,0.98,0.6158781207597102,0.11405110984036855,0.0660823494212503
1058,sample,959,15.925242730416358,0.98,0.6158781207597102,0.11247011316944536,0.06602300295362758
1059,sample,960,15.950955239124596,1.0,0.6158781207597102,0.11169288767199761,0.06574245222108953
1060,sample,961,15.898484226316214,1.0,0.6158781207597102,0.11109519694341019,0.06582126712831311
1061,sample,962,15.951827586628497,1.0,0.6158781207597102,0.1106893223041809,0.062328466057141
1062,sample,963,15.689305249601603,1.0,0.6158781207597102,0.11015023715617026,0.062371404162135755
1063,sample,964,15.622409861534834,1.0,0.6158781207597102,0.11071265168797235,0.062452880587275265
1064,sample,965,15.891424021683633,1.0,0.6158781207597102,0.11044753595388895,0.06226286151123524
1065,sample,966,16.125598386861384,1.0,0.6158781207597102,0.11131311856068642,0.062266131887137734
1066,sample,967,16.00842865370214,1.0,0.6158781207597102,0.1109546245421212,0.06222116007165879
1067,sample,968,15.676197683438659,1.0,0.6158781207597102,0.11105093292607092,0.06299922705020085
1068,sample,969,16.018885153345764,1.0,0.6158781207597102,0.11289262146651688,0.06294599158494431
1069,sample,970,16.24301370419562,1.0,0.6158781207597102,0.11311484198755474,0.06289172896722825
1070,sample,971,16.23796007130295,1.0,0.6158781207597102,0.1136399823514057,0.06511457867897254
1071,sample,972,15.90731740836054,1.0,0.6158781207597102,0.1130814430734314,0.06507843602287669
1072,sample,973,16.033858084119856,1.0,0.6158781207597102,0.11505285480739394,0.0658288392252248
1073,sample,974,15.925734484568238,1.0,0.6158781207597102,0.11328712515112131,0.0644760568044131
1074,sample,975,16.169833392836154,1.0,0.6158781207597102,0.11336328814410734,0.059527419634962726
1075,sample,976,15.790023235604167,1.0,0.6158781207597102,0.11446386462383232,0.059539336990195826
1076,sample,977,16.07277599349618,1.0,0.6158781207597102,0.1144927647207559,0.05816334268362091
1077,sample,978,16.025515729561448,1.0,0.6158781207597102,0.11501616883196435,0.058476772865014355
1078,sample,979,16.023540874943137,1.0,0.6158781207597102,0.11556723869216542,0.05847518631801822
1079,sample,980,16.334378456696868,1.0,0.6158781207597102,0.11609322902074339,0.05848236553886016
1080,sample,981,16.273088904097676,1.0,0.6158781207597102,0.1166174984631588,0.06168488906987601
1081,sample,982,16.17052323743701,1.0,0.6158781207597102,0.11682616340781707,0.06171818281746616
1082,sample,983,16.09154040645808,1.0,0.6158781207597102,0.11409874202482273,0.06175555677042953
1083,sample,984,16.04084528144449,1.0,0.6158781207597102,0.10913638558026681,0.06679405338337938
1084,sample,985,16.022936031222343,1.0,0.6158781207597102,0.10923049038349902,0.06657742665947831
1085,sample,986,16.031405739486217,1.0,0.6158781207597102,0.10960860161035063,0.0822565403517177
1086,sample,987,16.02380818221718,1.0,0.6158781207597102,0.11578753775194245,0.08209924434162641
1087,sample,988,16.050678057596087,1.0,0.6158781207597102,0.11537149624734493,0.08172327560836581
1088,sample,989,16.02576713822782,1.0,0.6158781207597102,0.11497293365063037,0.07910688787059961
1089,sample,990,16.086470687761903,1.0,0.6158781207597102,0.11317820346197305,0.07985744005271558
1090,sample,991,15.994483038783073,1.0,0.6158781207597102,0.1132818575422149,0.07969970358693794
1091,sample,992,15.872749221511185,1.0,0.6158781207597102,0.0605351074305444,0.07991525105802863
1092,sample,993,15.749286866746843,1.0,0.6158781207597102,0.06050418610864376,0.06949053176827516
1093,sample,994,15.7384141581133,1.0,0.6158781207597102,0.06066336286534147,0.068903401894254
1094,sample,995,16.211685954593122,1.0,0.6158781207597102,0.06189287011772931,0.0689754545744776
1095,sample,996,16.067304957658052,1.0,0.6158781207597102,0.09225519436229157,0.07822795118185599
1096,sample,997,15.97730666399002,1.0,0.6158781207597102,0.09214883764527657,0.0781524546972692
1097,sample,998,16.00744832586497,1.0,0.6158781207597102,0.08384677524678472,0.07839035491214746
1098,sample,999,15.724443897604942,1.0,0.6158781207597102,0.0841721420451261,0.07840099199454555
1099,sample,1000,15.865862851031125,1.0,0.6158781207597102,0.08436660721559908,0.07783518734051104
